Item,Quantity,Sell_Price,Buy_Price,Profit_Per_Item,Total_Profit,Seller,Seller_Warp,Seller_Stock,Buyer,Buyer_Warp,Buyer_Stock,Seller_Location,Buyer_Location,Seller_Timestamp,Buyer_Timestamp
Dark Prismarine,3456,10.0,20.0,10.0,34560.0,NoWaterJustIce,/warp prismarine+,3456,Mysticals_,/warp rismarine,3456,-13332 288 8296,18681 45 -9124,2026-05-29 11:13:48,2026-05-26 09:25:13
Deepslate Diamond Ore,101,300.0,500.0,200.0,20200.0,celticpiping,/warp celt,101,SerSicerio,/warp serstore,3456,4792 -41 -13241,-17670 159 18759,2026-05-28 23:52:07,2026-08-07 08:18:48
Dark Prismarine,1303,5.0,20.0,15.0,19545.0,DaftWeevil2996,/warp ocean city shop,1303,Mysticals_,/warp panda,3456,-18212 42 17964,18681 46 -9124,2026-07-01 21:29:39,2026-08-07 08:15:27
Honey Block,585,12.0,40.0,28.0,16380.0,Dwarffles,/warp lidl,585,Dani3537,/warp daniwarp,1728,-3918 156 12320,10637 93 -13160,2026-05-29 00:41:58,2026-05-29 00:07:03
Cherry Sapling,2269,0.5,7.5,7.0,15883.0,MissLion1997,/warp treefarm,2269,Killablob,/warp killashop,3456,-4277 104 3715,11575 72 -5273,2026-05-29 11:53:22,2026-05-30 11:12:44
Bookshelf,1566,15.0,25.0,10.0,15660.0,midwu,/warp panda,1566,Crazy69,/warp crazysshop,1728,15666 71 11981,-11765 65 15222,2026-08-07 08:14:59,2026-05-27 11:45:43
Sea Lantern,3456,5.0,9.0,4.0,13824.0,NoWaterJustIce,/warp prismarine+,3456,Mysticals_,/warp panda,3456,-13331 288 8296,18683 46 -9126,2026-05-29 11:13:49,2026-08-07 08:15:28
Sniffer Egg,45,750.0,1000.0,250.0,11250.0,HoboNova,/warp shopbo,45,MaddysinLeigh,/warp maddy's mega mall,3456,14620 75 -1406,-9120 106 -9435,2026-05-30 13:37:25,2026-07-26 13:07:36
Acacia Sapling,1524,0.5,7.5,7.0,10668.0,MissLion1997,/warp treefarm,1524,Killablob,/warp killashop,3456,-4228 104 3715,11575 72 -5271,2026-05-29 11:53:15,2026-05-30 11:12:43
Shulker Box,4,22500.0,25000.0,2500.0,10000.0,Hobosapian,/warp shopbo,4,dak5h,/warp dak,27,14620 75 -1412,-11658 44 -544,2026-07-08 23:43:42,2026-05-27 12:02:01
Orange Shulker Box,10,24000.0,25000.0,1000.0,10000.0,NeonHairGirll,/warp shulkerss,10,dak5h,/warp dak,27,15449 49 -15429,-11660 44 -543,2026-08-01 21:49:06,2026-05-27 12:02:04
Zombie Spawner,5,8000.0,10000.0,2000.0,10000.0,Hobosapian,/warp shopbo,5,Dani3537,/warp daniwarp,1728,14615 77 -1410,10641 93 -13154,2026-07-08 23:44:06,2026-05-29 00:07:40
Music Disc,26,120.0,500.0,380.0,9880.0,mmaikku,/warp obsidian shop,26,Ser_Sicerio,/warp serstore,54,-17828 64 18932,-17619 160 18798,2026-05-29 10:44:43,2026-05-26 09:43:58
End Crystal,23,90.0,500.0,410.0,9430.0,kiwi_241,/warp v.i.p room,23,SerSicerio,/warp serstore,1728,-1410 65 -2465,-17648 165 18728,2026-05-29 12:26:51,2026-07-01 21:13:36
Magma Block,1243,2.5,10.0,7.5,9322.5,ZestyRoyalty,/warp nethersunny,1243,Dani3537,/warp daniwarp,1728,14242 79 3643,10637 93 -13173,2026-05-31 13:21:42,2026-05-29 00:07:26
Shroomlight,617,10.0,25.0,15.0,9255.0,MatsmitGlatz,/warp blockmart,617,SerSicerio,/warp serstore,3456,12393 75 -9893,-17625 159 18748,2026-05-28 23:28:33,2026-08-07 08:17:59
Gravel,3068,1.0,4.0,3.0,9204.0,Hobosapian,/warp shopbo,3068,Allyri,/warp ri,3456,14596 75 -1413,-5240 174 -4788,2026-07-08 23:45:22,2026-05-29 11:18:22
Coal Ore,1781,5.0,10.0,5.0,8905.0,czsunny12,/warp czshop,3456,Effortles,/warp sale,1832,7469 67 -10081,-13441 -4 4400,2026-08-07 08:30:51,2026-08-07 09:25:34
Crimson Fungus,1233,0.5,7.5,7.0,8631.0,MissLion1997,/warp treefarm,1233,Killablob,/warp killashop,3456,-4175 104 3713,11575 72 -5275,2026-05-29 11:52:57,2026-05-30 11:12:46
Soul Lantern,2875,5.0,8.0,3.0,8625.0,FX_02,/warp 1,2875,Effortles,/warp sale,3456,8584 -32 -2005,-13458 -5 4395,2026-05-26 23:51:32,2026-05-29 11:27:23
Cobbled Deepslate,2797,1.0,4.0,3.0,8391.0,celticpiping,/warp celt,3456,Store,/warp cob,3265,4740 -46 -13277,-6084 -59 -1153,2026-05-28 23:47:39,2026-05-29 11:37:08
Glowstone Dust,916,1.0,10.0,9.0,8244.0,oliviakat123,/warp potions3,916,Dani3537,/warp daniwarp,1728,-17912 78 18898,10645 93 -13153,2026-05-29 11:11:25,2026-05-29 00:08:42
Oak Sapling,1148,0.5,7.5,7.0,8036.0,MissLion1997,/warp treefarm,1229,Killablob,/warp killashop,1946,-4228 104 3713,11575 72 -5268,2026-05-29 11:53:17,2026-05-30 11:12:41
Spruce Sapling,1133,0.5,7.5,7.0,7931.0,MissLion1997,/warp treefarm,1133,Killablob,/warp killashop,3456,-4388 104 3713,11575 72 -5266,2026-05-29 11:53:39,2026-05-30 11:12:39
Warped Fungus,1076,0.5,7.5,7.0,7532.0,MissLion1997,/warp treefarm,1076,Killablob,/warp killashop,3456,-4173 104 3713,11575 72 -5276,2026-05-29 11:52:58,2026-05-30 11:12:46
Cobbled Deepslate,2923,1.5,4.0,2.5,7307.5,MatsmitGlatz,/warp blockmart,3200,Store,/warp cob,3456,12382 77 -9893,-6084 -59 -1159,2026-05-28 23:28:47,2026-05-29 11:37:05
Book,991,3.0,10.0,7.0,6937.0,Dwarffles,/warp lidl,991,Effortles,/warp sale,3456,-3920 155 12321,-13446 -5 4367,2026-05-29 00:41:59,2026-07-05 11:21:12
Book,991,3.0,10.0,7.0,6937.0,Dwarffles,/warp lidl,991,Effortles,/warp sale,3456,-3920 155 12320,-13446 -5 4367,2026-07-05 11:20:48,2026-07-05 11:21:12
Iron Ingot,1728,1.0,5.0,4.0,6912.0,Chijoku,/warp chi,3456,_RyanMC,/warp villager trading hall,1728,-11717 133 -10121,7121 34 12211,2026-05-29 00:03:49,2026-05-29 12:31:17
Acacia Log,1728,4.0,8.0,4.0,6912.0,Hobosapian,/warp shopbo,1728,Effortles,/warp sale,3456,14599 77 -1418,-13430 -4 4377,2026-07-08 23:45:10,2026-05-29 11:28:52
Nether Bricks,3456,1.0,3.0,2.0,6912.0,Soup__booty,/warp soupshop,3456,SerSicerio,/warp serstore,3456,9886 59 -12551,-17624 159 18748,2026-05-29 11:49:58,2026-08-07 08:18:00
Iron Ingot,2461,1.2,4.0,2.8,6890.799999999999,Soup__booty,/warp soupshop,2639,Crazy69,/warp crazysshop,2461,9835 59 -12551,-11789 65 15203,2026-05-29 11:48:14,2026-08-07 08:27:31
Birch Sapling,976,0.5,7.5,7.0,6832.0,MissLion1997,/warp treefarm,976,Killablob,/warp killashop,3456,-4175 104 3715,11575 72 -5267,2026-05-29 11:53:02,2026-05-30 11:12:40
Deepslate,3276,1.0,3.0,2.0,6552.0,celticpiping,/warp celt,3276,SerSicerio,/warp serstore,3456,4739 -45 -13281,-17615 159 18752,2026-05-28 23:47:32,2026-06-06 10:44:20
Coal,2042,1.0,4.2,3.2,6534.400000000001,SerSicerio,/warp serstore,3456,Effortles,/warp sale,2302,-17662 158 18755,-13447 -5 4390,2026-08-07 08:18:11,2026-08-01 22:30:00
Dark Oak Sapling,930,0.5,7.5,7.0,6510.0,MissLion1997,/warp treefarm,930,Killablob,/warp killashop,3456,-4334 104 3715,11575 72 -5269,2026-05-29 11:53:28,2026-05-30 11:12:41
Glowstone Dust,812,2.0,10.0,8.0,6496.0,FX_02,/warp 1,2938,Dani3537,/warp daniwarp,1728,8591 -36 -2020,10645 93 -13153,2026-05-26 23:56:34,2026-05-29 00:08:42
Jungle Log,3243,4.0,6.0,2.0,6486.0,AKoopa,/warp koopa,3355,Effortles,/warp sale,3456,13324 114 -6490,-13430 -4 4376,2026-05-30 10:27:57,2026-05-29 11:28:53
Brown Mushroom Block,3212,3.0,5.0,2.0,6424.0,Hobosapian,/warp shopbo,3212,Effortles,/warp sale,3456,14600 75 -1402,-13469 -4 4395,2026-07-08 23:45:57,2026-05-29 11:30:38
Mangrove Propagule,652,0.5,10.0,9.5,6194.0,MissLion1997,/warp treefarm,652,FX_02,/warp 1,3096,-4277 104 3713,8584 -42 -2006,2026-05-29 11:53:24,2026-05-26 23:58:03
Cobbled Deepslate,3056,2.0,4.0,2.0,6112.0,Hobosapian,/warp shopbo,3121,Store,/warp cob,3056,14596 75 -1408,-6086 -59 -1155,2026-07-08 23:45:25,2026-05-29 11:37:01
Nether Wart,2022,2.0,5.0,3.0,6066.0,Effortles,/warp sale,2625,Dwarffles,/warp bulk sell,3456,-13430 -6 4369,-4017 118 12338,2026-05-29 11:28:37,2026-05-28 23:34:01
Zombie Spawner,3,8000.0,10000.0,2000.0,6000.0,celticpiping,/warp celt,3,Dani3537,/warp daniwarp,1728,4740 -44 -13232,10641 93 -13154,2026-05-28 23:45:42,2026-05-29 00:07:40
Gravel,1998,1.0,4.0,3.0,5994.0,celticpiping,/warp celt,2386,Allyri,/warp ri,3456,4785 -44 -13253,-5240 175 -4789,2026-05-28 23:43:14,2026-05-29 11:18:22
Honey Block,297,20.0,40.0,20.0,5940.0,Roseplug,/warp blue,297,Dani3537,/warp daniwarp,1728,-1812 81 6219,10637 93 -13160,2026-05-28 23:32:59,2026-05-29 00:07:03
Cobblestone,3392,0.25,2.0,1.75,5936.0,Store,/warp @,3392,MissLion1997,/warp blue,3456,14627 234 7873,-1823 73 6162,2026-05-28 11:25:47,2026-05-28 23:31:43
Nether Wart,1474,1.0,5.0,4.0,5896.0,Reconnin,/warp $100 enchant books things,3456,Dwarffles,/warp bulk sell,1474,16519 50 8911,-4016 117 12338,2026-05-28 11:32:08,2026-05-28 23:33:58
Sand,1961,3.0,6.0,3.0,5883.0,Hobosapian,/warp shopbo,2386,NoWaterJustIce,/warp prismarine+,3456,14596 75 -1412,-13344 289 8288,2026-07-08 23:45:22,2026-05-29 11:13:32
Jungle Sapling,836,0.5,7.5,7.0,5852.0,MissLion1997,/warp treefarm,836,FX_02,/warp 1,3002,-4334 104 3713,8591 -40 -2004,2026-05-29 11:53:31,2026-05-26 23:57:40
Granite,2853,1.0,3.0,2.0,5706.0,celticpiping,/warp celt,3456,SerSicerio,/warp serstore,3456,4797 -44 -13265,-17616 159 18752,2026-05-28 23:50:20,2026-08-07 08:17:37
Deepslate,2829,1.0,3.0,2.0,5658.0,celticpiping,/warp celt,3009,SerSicerio,/warp serstore,3456,4739 -46 -13281,-17616 159 18750,2026-05-28 23:47:32,2026-08-07 08:17:39
Oak Log,1405,1.0,5.0,4.0,5620.0,midwu,/warp panda,1405,Effortles,/warp sale,3456,15666 71 11959,-13430 -4 4373,2026-08-07 08:13:53,2026-05-29 11:28:55
Lapis Lazuli,1691,3.0,6.3,3.3,5580.299999999999,HoboNova,/warp shopbo,2048,Effortles,/warp sale,3456,14620 75 -1410,-13446 -5 4390,2026-05-29 11:40:15,2026-05-29 11:26:44
Diamond Ore,11,500.0,1000.0,500.0,5500.0,emattj1s,/warp hideout,11,dak5h,/warp dak,1728,-14409 -25 -325,-11598 44 -553,2026-08-01 22:48:32,2026-05-27 12:00:46
Dispenser,353,35.0,50.0,15.0,5295.0,MaddysinLeigh,/warp maddy's mega mall,353,FX_02,/warp 1,2980,-9000 73 -9470,8594 -37 -2004,2026-07-26 13:06:26,2026-07-05 11:22:27
Cobbled Deepslate,1731,1.0,4.0,3.0,5193.0,celticpiping,/warp celt,1731,Store,/warp cob,3456,4740 -45 -13277,-6087 -59 -1153,2026-05-28 23:47:39,2026-05-29 11:36:59
Acacia Log,1277,4.0,8.0,4.0,5108.0,midwu,/warp panda,1277,Effortles,/warp sale,3456,15666 71 11965,-13430 -4 4377,2026-08-07 08:13:31,2026-05-29 11:28:52
Dripstone Block,3378,2.5,4.0,1.5,5067.0,nathan812,/warp rockets,3456,Effortles,/warp sale,3456,12392 -2 5804,-13468 -4 4394,2026-05-29 11:25:39,2026-05-29 11:30:37
Block of Quartz,506,25.0,35.0,10.0,5060.0,pao_7,/warp soul shop,506,SerSicerio,/warp serstore,3456,4793 -50 -13316,-17623 159 18748,2026-06-14 12:21:15,2026-08-07 08:18:03
Nether Wart,1261,1.0,5.0,4.0,5044.0,Reconnin,/warp $100 enchant books things,3456,Dwarffles,/warp bulk sell,1261,16519 50 8911,-4016 116 12338,2026-05-28 11:32:08,2026-05-28 23:33:58
Iron Ingot,1242,1.0,5.0,4.0,4968.0,Chijoku,/warp chi,3456,Effortles,/warp sale,1242,-11717 133 -10121,-13444 -5 4390,2026-05-29 00:03:49,2026-05-29 11:26:46
Glow Ink Sac,1651,5.0,8.0,3.0,4953.0,Soup__booty,/warp soupshop,1651,Effortles,/warp sale,3456,9893 59 -12551,-13443 -5 4372,2026-05-29 11:50:02,2026-05-29 11:27:58
Nether Wart,1228,1.0,5.0,4.0,4912.0,tazrar,/warp farm stuff,1228,Dwarffles,/warp bulk sell,3456,17390 72 11844,-4017 118 12338,2026-05-29 00:26:38,2026-05-28 23:34:01
Deepslate Iron Ore,350,16.0,30.0,14.0,4900.0,celticpiping,/warp celt,350,SerSicerio,/warp serstore,3456,4799 -41 -13241,-17668 159 18759,2026-05-28 23:51:58,2026-08-07 08:18:50
Block of Bamboo,3227,1.0,2.5,1.5,4840.5,Dwarffles,/warp lidl,3456,Allyri,/warp ri,3227,-3917 155 12321,-5199 173 -4845,2026-05-29 00:41:57,2026-05-29 11:23:01
Basalt,1862,2.5,5.0,2.5,4655.0,Soup__booty,/warp soupshop,1862,saltzi,/warp villager trading hall,2432,9872 59 -12551,7129 34 12217,2026-05-29 11:49:28,2026-05-29 12:31:10
Block of Bamboo,3085,1.0,2.5,1.5,4627.5,Dwarffles,/warp lidl,3456,Allyri,/warp ri,3456,-3917 154 12319,-5199 172 -4845,2026-05-29 00:41:57,2026-05-29 11:23:01
Pale Oak Sapling,659,0.5,7.5,7.0,4613.0,MissLion1997,/warp treefarm,659,Killablob,/warp killashop,3456,-4388 104 3715,11575 72 -5274,2026-05-29 11:53:36,2026-05-30 11:12:45
Dispenser,461,40.0,50.0,10.0,4610.0,NoWaterJustIce,/warp prismarine+,461,FX_02,/warp 1,2980,-13308 288 8296,8594 -37 -2004,2026-05-29 11:14:56,2026-07-05 11:22:27
Sand,1536,3.0,6.0,3.0,4608.0,MatsmitGlatz,/warp blockmart,1536,NoWaterJustIce,/warp prismarine+,3456,12413 75 -9897,-13346 289 8288,2026-05-28 23:29:41,2026-05-29 11:13:30
Cobblestone,2631,0.25,2.0,1.75,4604.25,Store,/warp @,2631,MissLion1997,/warp blue,3456,14627 234 7876,-1823 71 6162,2026-05-28 11:25:49,2026-05-28 23:31:44
Trident,1,5500.0,10000.0,4500.0,4500.0,celticpiping,/warp celt,1,NoWaterJustIce,/warp prismarine+,54,4744 -44 -13235,-13336 289 8296,2026-05-28 23:45:36,2026-05-29 11:13:45
Raw Copper,3456,5.0,6.3,1.2999999999999998,4492.799999999999,will1608,/warp shopwill,3456,Effortles,/warp sale,3456,16745 72 -16859,-13439 -6 4400,2026-05-29 11:42:31,2026-05-29 11:29:26
Birch Log,2239,4.0,6.0,2.0,4478.0,AKoopa,/warp koopa,2239,Effortles,/warp sale,3456,13311 114 -6489,-13430 -4 4375,2026-05-30 10:27:24,2026-05-29 11:28:53
Sand,1489,3.0,6.0,3.0,4467.0,MatsmitGlatz,/warp blockmart,1489,NoWaterJustIce,/warp prismarine+,3456,12414 75 -9897,-13346 289 8288,2026-05-28 23:29:41,2026-05-29 11:13:30
Block of Raw Iron,2207,75.0,77.0,2.0,4414.0,AKoopa,/warp koopa,2207,Dwarffles,/warp bulk sell,3456,13312 114 -6418,-4018 118 12337,2026-05-30 10:31:49,2026-05-28 23:34:02
Lapis Lazuli,999,2.0,6.3,4.3,4295.7,Mio_TOT,/warp dark shop,999,Effortles,/warp sale,3456,-13688 -10 137,-13446 -5 4390,2026-05-30 13:04:49,2026-05-29 11:26:44
Honey Block,420,30.0,40.0,10.0,4200.0,Soup__booty,/warp soupshop,420,Dani3537,/warp daniwarp,1728,9888 59 -12551,10637 93 -13160,2026-05-29 11:49:59,2026-05-29 00:07:03
Raw Copper,3456,5.1,6.3,1.2000000000000002,4147.200000000001,AKoopa,/warp koopa,3456,Effortles,/warp sale,3456,13320 113 -6432,-13439 -4 4400,2026-05-30 10:31:08,2026-05-29 11:29:27
Warped Fungus,616,1.0,7.5,6.5,4004.0,SerSicerio,/warp serstore,616,Killablob,/warp killashop,3456,-17619 158 18749,11575 72 -5276,2026-08-07 08:17:40,2026-05-30 11:12:46
Trident,1,6000.0,10000.0,4000.0,4000.0,celticpiping,/warp celt,1,NoWaterJustIce,/warp prismarine+,54,4747 -44 -13235,-13336 289 8296,2026-05-28 23:45:33,2026-05-29 11:13:45
Trident,1,6000.0,10000.0,4000.0,4000.0,celticpiping,/warp celt,1,NoWaterJustIce,/warp prismarine+,54,4746 -44 -13235,-13336 289 8296,2026-05-28 23:45:34,2026-05-29 11:13:45
Trident,1,6000.0,10000.0,4000.0,4000.0,celticpiping,/warp celt,1,NoWaterJustIce,/warp prismarine+,54,4745 -44 -13235,-13336 289 8296,2026-05-28 23:45:35,2026-05-29 11:13:45
Skeleton Spawner,1,8000.0,12000.0,4000.0,4000.0,celticpiping,/warp celt,1,Killablob,/warp killashop,3448,4740 -44 -13230,11600 72 -5275,2026-05-28 23:45:39,2026-05-30 11:14:42
Glow Ink Sac,664,2.0,8.0,6.0,3984.0,Hobosapian,/warp shopbo,664,Effortles,/warp sale,3456,14616 75 -1402,-13443 -5 4372,2026-07-08 23:43:51,2026-05-29 11:27:58
Sandstone,1728,0.7,3.0,2.3,3974.3999999999996,AKoopa,/warp koopa,2995,Crazy69,/warp crazysshop,1728,13251 114 -6480,-11790 65 15215,2026-05-30 10:21:47,2026-05-27 11:47:47
Mangrove Log,865,8.0,12.5,4.5,3892.5,Hobosapian,/warp shopbo,865,FX_02,/warp 1,2881,14600 75 -1418,8584 -43 -2006,2026-07-08 23:45:15,2026-05-26 23:58:02
Iron Ingot,1934,2.0,4.0,2.0,3868.0,Hobosapian,/warp shopbo,1934,MaddysinLeigh,/warp maddy's mega mall,3405,14620 75 -1415,-8970 74 -9404,2026-07-08 23:43:40,2026-05-29 00:54:14
Stone,1911,1.0,3.0,2.0,3822.0,celticpiping,/warp celt,3456,SerSicerio,/warp serstore,3456,4798 -43 -13250,-17616 159 18759,2026-05-28 23:50:53,2026-08-07 08:17:32
Block of Gold,23,54.0,220.0,166.0,3818.0,celticpiping,/warp celt,23,FX_02,/warp sell me ores,1690,4794 -44 -13241,-10051 134 3504,2026-05-28 23:52:04,2026-05-29 11:33:06
Sunny Chestplate,4,50.0,1000.0,950.0,3800.0,Hobosapian,/warp shopbo,11,LenJr,/warp sky store,4,14601 77 -1410,16836 287 9273,2026-07-08 23:45:52,2026-05-29 11:46:45
Armor Stand,372,5.0,15.0,10.0,3720.0,celticpiping,/warp celt,372,FX_02,/warp 1,864,4740 -44 -13243,8597 -30 -2018,2026-08-07 09:39:26,2026-05-26 23:53:37
Gold Ingot,413,6.0,15.0,9.0,3717.0,celticpiping,/warp celt,413,FX_02,/warp 1,3456,4793 -44 -13241,8601 -40 -2010,2026-05-28 23:52:05,2026-05-26 23:57:07
Cobbled Deepslate,1851,2.0,4.0,2.0,3702.0,Exestive,/warp luxeria,3196,Store,/warp cob,3390,9816 161 16226,-6086 -59 -1159,2026-05-29 00:45:28,2026-05-29 11:37:02
Grass Block,2459,1.0,2.5,1.5,3688.5,celticpiping,/warp celt,3419,AKoopa,/warp koopa,2705,4773 -44 -13267,13255 115 -6479,2026-05-28 23:49:37,2026-05-30 10:21:50
Stone,1545,0.65,3.0,2.35,3630.75,Alisa12345,/warp shrimp shop,1545,SerSicerio,/warp serstore,3456,-7120 113 -17576,-17616 159 18759,2026-05-29 11:43:57,2026-08-07 08:17:32
Raw Copper,2978,5.1,6.3,1.2000000000000002,3573.6000000000004,AKoopa,/warp koopa,3456,Effortles,/warp sale,3456,13318 113 -6432,-13438 -4 4400,2026-05-30 10:31:05,2026-05-29 11:29:27
Cobbled Deepslate,2378,2.5,4.0,1.5,3567.0,Soup__booty,/warp soupshop,3456,Store,/warp cob,3456,9848 59 -12554,-6087 -59 -1160,2026-05-29 11:48:57,2026-05-29 11:37:03
Cobblestone,1296,0.25,3.0,2.75,3564.0,Store,/warp @,2330,SerSicerio,/warp serstore,3456,14627 234 7874,-17616 159 18760,2026-05-28 11:25:48,2026-08-07 08:17:31
Mossy Cobblestone,1773,2.0,4.0,2.0,3546.0,celticpiping,/warp celt,1775,Effortles,/warp sale,3456,4792 -44 -13265,-13436 -4 4362,2026-05-28 23:50:15,2026-05-29 11:31:36
Cherry Log,881,2.0,6.0,4.0,3524.0,Ayame989,/warp village hall,881,Effortles,/warp sale,3456,-9077 70 13786,-13430 -4 4378,2026-06-05 22:01:46,2026-05-29 11:28:51
Mud,1383,5.0,7.5,2.5,3457.5,will1608,/warp shopwill,2587,FX_02,/warp 1,2896,16750 72 -16841,8595 -42 -2020,2026-05-29 11:43:03,2026-05-26 23:59:08
Andesite,1728,1.0,3.0,2.0,3456.0,Hobosapian,/warp shopbo,1728,SerSicerio,/warp serstore,3456,14596 77 -1408,-17616 159 18753,2026-07-08 23:45:30,2026-08-07 08:17:37
Packed Ice,1728,4.0,6.0,2.0,3456.0,tazrar,/warp farm stuff,1728,SerSicerio,/warp serstore,3456,17360 71 11836,-17617 159 18774,2026-05-29 00:27:53,2026-08-07 08:16:43
Magma Cream,1728,1.0,3.0,2.0,3456.0,Dwarffles,/warp lidl,1728,SpaghettiPasta,/warp one,3456,-3912 156 12321,4232 152 6872,2026-05-29 00:41:54,2026-05-29 10:56:02
Diorite,1728,1.0,3.0,2.0,3456.0,Hobosapian,/warp shopbo,1728,SerSicerio,/warp serstore,3456,14596 77 -1407,-17616 159 18754,2026-07-08 23:45:30,2026-08-07 08:17:36
Grass Block,3456,1.0,2.0,1.0,3456.0,celticpiping,/warp celt,3456,AKoopa,/warp koopa,3456,4773 -41 -13267,13291 115 -6486,2026-05-28 23:49:38,2026-05-30 10:25:32
Cobblestone,3456,1.0,2.0,1.0,3456.0,Crazy69,/warp crazysshop,3456,MissLion1997,/warp blue,3456,-11791 63 15222,-1823 74 6162,2026-05-27 11:45:08,2026-05-28 23:31:42
Cobbled Deepslate,1725,2.0,4.0,2.0,3450.0,Harmony_Gold_,/warp wood shop,3248,Store,/warp cob,3456,-6125 28 1427,-6087 -59 -1153,2026-05-29 12:42:02,2026-05-29 11:36:59
Block of Redstone,3456,0.01,1.0,0.99,3421.44,Chijoku,/warp chi,3456,Mio_TOT,/warp dark shop,3456,-11714 133 -10122,-13688 -8 181,2026-05-29 00:03:39,2026-05-30 13:04:11
Acacia Leaves,1708,1.0,3.0,2.0,3416.0,tazrar,/warp farm stuff,1708,AKoopa,/warp koopa,3270,17349 69 11847,13310 115 -6488,2026-05-29 00:29:02,2026-05-30 10:27:22
Cobbled Deepslate,1699,2.0,4.0,2.0,3398.0,will1608,/warp shopwill,1699,Store,/warp cob,3456,16746 72 -16848,-6086 -59 -1153,2026-05-29 11:42:54,2026-05-29 11:37:00
Sand,841,2.0,6.0,4.0,3364.0,Ayame989,/warp village hall,841,NoWaterJustIce,/warp prismarine+,3456,-9085 63 13800,-13344 289 8288,2026-05-29 12:27:20,2026-05-29 11:13:32
Firework Rocket,1649,0.01,2.0,1.99,3281.5099999999998,Hobosapian,/warp shopbo,1649,_ZippyCastle5557,/warp zippyworld,3304,14614 75 -1418,-12392 75 -9786,2026-07-08 23:43:08,2026-07-01 21:28:15
Pale Oak Log,1638,4.0,6.0,2.0,3276.0,Hobosapian,/warp shopbo,1638,Crazy69,/warp crazysshop,3456,14596 75 -1418,-11758 65 15208,2026-07-08 23:45:12,2026-08-07 08:28:17
Lapis Lazuli,756,2.0,6.3,4.3,3250.7999999999997,pao_7,/warp potionsplus,756,Effortles,/warp sale,3456,616 73 1013,-13446 -5 4390,2026-05-29 11:12:00,2026-05-29 11:26:44
Gravel,1077,1.0,4.0,3.0,3231.0,celticpiping,/warp celt,1077,Allyri,/warp ri,2752,4785 -44 -13255,-5238 174 -4788,2026-05-28 23:43:15,2026-05-29 11:18:20
Raw Copper,2681,5.1,6.3,1.2000000000000002,3217.2000000000003,AKoopa,/warp koopa,3456,Effortles,/warp sale,3456,13317 113 -6432,-13436 -4 4400,2026-05-30 10:31:04,2026-05-29 11:29:29
Raw Copper,2681,5.1,6.3,1.2000000000000002,3217.2000000000003,AKoopa,/warp koopa,3456,Effortles,/warp sale,3456,13319 113 -6432,-13437 -4 4400,2026-05-30 10:31:06,2026-05-29 11:29:28
Mycelium,3196,5.0,6.0,1.0,3196.0,Killablob,/warp killashop,3456,SerSicerio,/warp serstore,3456,11538 70 -5242,-17616 159 18761,2026-05-30 10:39:06,2026-08-07 08:17:31
Warped Nylium,1591,4.0,6.0,2.0,3182.0,Soup__booty,/warp soupshop,1591,SerSicerio,/warp serstore,3456,9888 61 -12556,-17627 159 18748,2026-05-29 11:50:16,2026-08-07 08:17:58
Cobbled Deepslate,1590,2.0,4.0,2.0,3180.0,tazrar,/warp farm stuff,1590,Store,/warp cob,3136,17367 71 11829,-6086 -59 -1157,2026-05-29 00:27:46,2026-05-29 11:37:01
Shroomlight,211,10.0,25.0,15.0,3165.0,Exestive,/warp luxeria,211,SerSicerio,/warp serstore,3456,9815 151 16218,-17625 159 18748,2026-05-29 00:43:36,2026-08-07 08:17:59
Emerald,282,19.0,30.0,11.0,3102.0,MaddysinLeigh,/warp maddy's mega mall,282,LilOldman,/warp lom,3456,-8979 74 -9400,-10322 64 -548,2026-06-14 12:24:01,2026-07-26 19:28:14
Nether Wart,1501,3.0,5.0,2.0,3002.0,Mio_TOT,/warp dark shop,3456,Dwarffles,/warp bulk sell,1587,-13688 -10 119,-4016 118 12338,2026-05-30 13:05:19,2026-05-28 23:33:57
Spider Spawner,1,7000.0,10000.0,3000.0,3000.0,celticpiping,/warp celt,1,Dani3537,/warp daniwarp,1728,4740 -44 -13233,10641 93 -13153,2026-05-28 23:45:43,2026-05-29 00:07:39
Cobblestone,2961,1.0,2.0,1.0,2961.0,Soup__booty,/warp soupshop,3456,MissLion1997,/warp blue,3456,9839 59 -12554,-1823 75 6162,2026-05-29 11:48:40,2026-05-28 23:31:40
Magma Cream,1450,1.0,3.0,2.0,2900.0,Dwarffles,/warp lidl,1728,SpaghettiPasta,/warp one,3456,-3912 156 12320,4232 152 6872,2026-05-31 13:10:06,2026-05-29 10:56:02
Nether Wart,721,1.0,5.0,4.0,2884.0,Reconnin,/warp $100 enchant books things,3456,Dwarffles,/warp bulk sell,2128,16519 50 8911,-4017 116 12338,2026-05-28 11:32:08,2026-05-28 23:33:59
Tuff,2880,3.0,4.0,1.0,2880.0,czsunny12,/warp czshop,2880,SerSicerio,/warp serstore,3456,7451 67 -10075,-17617 159 18769,2026-08-07 08:29:57,2026-08-07 08:16:39
Cobbled Deepslate,1437,2.0,4.0,2.0,2874.0,Harmony_Gold_,/warp wood shop,3248,Store,/warp cob,3456,-6125 28 1427,-6086 -59 -1153,2026-05-29 12:42:02,2026-05-29 11:37:00
Shroomlight,151,6.0,25.0,19.0,2869.0,pao_7,/warp soul shop,151,SerSicerio,/warp serstore,3456,4793 -48 -13315,-17625 159 18748,2026-05-29 11:47:28,2026-08-07 08:17:59
Gunpowder,1728,0.35,2.0,1.65,2851.2,midwu,/warp panda,1728,Effortles,/warp sale,3456,15696 71 11956,-13448 -5 4372,2026-08-07 08:14:06,2026-05-29 11:28:01
Coal,1414,1.0,3.0,2.0,2828.0,SerSicerio,/warp serstore,3456,Crazy69,/warp crazysshop,3456,-17662 158 18755,-11791 65 15203,2026-08-07 08:18:11,2026-08-07 08:27:29
Shroomlight,188,10.0,25.0,15.0,2820.0,celticpiping,/warp celt,188,SerSicerio,/warp serstore,3456,4759 -35 -13226,-17625 159 18748,2026-05-28 23:55:46,2026-08-07 08:17:59
Nether Wart,1407,3.0,5.0,2.0,2814.0,Mio_TOT,/warp dark shop,3456,Dwarffles,/warp bulk sell,2128,-13688 -10 119,-4017 116 12338,2026-05-30 13:05:19,2026-05-28 23:33:59
Pale Oak Log,1405,4.0,6.0,2.0,2810.0,midwu,/warp panda,1405,Crazy69,/warp crazysshop,3456,15666 71 11956,-11758 65 15208,2026-08-07 08:13:51,2026-08-07 08:28:17
Observer,280,40.0,50.0,10.0,2800.0,AKoopa,/warp koopa,280,FX_02,/warp 1,2887,13305 113 -6422,8594 -36 -2004,2026-05-30 10:32:16,2026-05-26 23:55:02
Music Disc,14,300.0,500.0,200.0,2800.0,mmaikku,/warp obsidian shop,14,Ser_Sicerio,/warp serstore,26,-17828 67 18932,-17618 160 18797,2026-05-29 10:44:48,2026-05-26 09:43:41
Raw Gold,549,10.0,15.0,5.0,2745.0,MaddysinLeigh,/warp maddy's mega mall,549,SerSicerio,/warp serstore,3456,-8982 73 -9409,-17665 159 18754,2026-05-29 00:53:33,2026-08-07 08:18:27
Lapis Lazuli,2287,3.0,4.2,1.2000000000000002,2744.4000000000005,Hobosapian,/warp shopbo,2704,Killablob,/warp killashop,2287,14615 75 -1402,11588 72 -5249,2026-07-08 23:43:52,2026-05-30 10:36:14
Block of Gold,31,132.0,220.0,88.0,2728.0,MaddysinLeigh,/warp maddy's mega mall,31,FX_02,/warp sell me ores,3264,-8982 73 -9412,-10051 133 3504,2026-05-29 00:53:30,2026-05-29 11:33:05
Sunny Spear,18,50.0,200.0,150.0,2700.0,Hobosapian,/warp shopbo,18,_FireWilley,/warp wow,25,14601 77 -1412,18676 10 -7189,2026-07-08 23:45:54,2026-06-06 10:53:07
Cobbled Deepslate,1345,2.0,4.0,2.0,2690.0,Exestive,/warp luxeria,3196,Store,/warp cob,3136,9816 161 16226,-6086 -59 -1157,2026-05-29 00:45:28,2026-05-29 11:37:01
Dark Prismarine,336,12.0,20.0,8.0,2688.0,Effortles,/warp sale,336,Mysticals_,/warp panda,3456,-13468 -6 4388,18681 46 -9124,2026-05-29 11:30:16,2026-08-07 08:15:27
Sand,654,1.9,6.0,4.1,2681.3999999999996,Harmony_Gold_,/warp wood shop,654,NoWaterJustIce,/warp prismarine+,3456,-6125 25 1412,-13344 289 8288,2026-05-29 12:41:57,2026-05-29 11:13:32
Cobblestone,1509,0.25,2.0,1.75,2640.75,Store,/warp @,1509,MissLion1997,/warp blue,3456,14627 234 7877,-1820 71 6162,2026-05-28 11:25:50,2026-05-28 23:31:46
Horn Coral Block,264,25.0,35.0,10.0,2640.0,RubberDucky7474,/warp nethersunny,264,NoWaterJustIce,/warp 1,3428,14227 77 3646,8579 -28 -2014,2026-08-07 09:49:50,2026-08-07 10:20:33
Warped Wart Block,1306,3.0,5.0,2.0,2612.0,Exestive,/warp luxeria,1790,Effortles,/warp sale,1307,9829 152 16213,-13468 -4 4376,2026-05-29 00:44:01,2026-05-29 11:30:27
Bone Block,1728,0.99,2.5,1.51,2609.28,midwu,/warp panda,1728,FX_02,/warp 1,3085,15696 71 11960,8586 -33 -2020,2026-08-07 08:14:08,2026-05-26 23:52:25
Sandstone,1128,0.7,3.0,2.3,2594.3999999999996,AKoopa,/warp koopa,2995,FX_02,/warp 1,1128,13251 114 -6480,8592 -43 -2020,2026-05-30 10:21:47,2026-05-26 23:59:04
Cherry Log,1296,4.0,6.0,2.0,2592.0,Hobosapian,/warp shopbo,1296,Effortles,/warp sale,3456,14596 77 -1418,-13430 -4 4378,2026-07-08 23:45:12,2026-05-29 11:28:51
Bone Block,1715,0.99,2.5,1.51,2589.65,midwu,/warp panda,1715,dak5h,/warp dak,1728,15696 71 11962,-11608 44 -578,2026-08-07 08:14:08,2026-05-27 11:58:41
Tuff Bricks,861,1.0,4.0,3.0,2583.0,MaddysinLeigh,/warp 909mall,2224,SerSicerio,/warp serstore,861,8869 64 -13448,-17617 159 18773,2026-05-30 12:53:25,2026-08-07 08:16:42
Magma Block,366,3.0,10.0,7.0,2562.0,Exestive,/warp luxeria,410,Dani3537,/warp daniwarp,1728,9821 160 16212,10637 93 -13173,2026-05-29 00:44:55,2026-05-29 00:07:26
Sugar Cane,1687,0.5,2.0,1.5,2530.5,iTzzMegawox,/warp fifodeals,2880,Polite_player,/warp sell materials,1752,-12645 -57 16125,-19268 71 9326,2026-05-29 00:33:50,2026-07-08 23:36:03
Cobblestone,1683,0.5,2.0,1.5,2524.5,Alisa12345,/warp shrimp shop,1683,MissLion1997,/warp blue,3456,-7120 112 -17576,-1820 71 6162,2026-05-29 11:43:53,2026-05-28 23:31:46
Cobblestone,2506,1.0,2.0,1.0,2506.0,czsunny12,/warp czshop,3456,MissLion1997,/warp blue,3456,7446 66 -10075,-1820 72 6162,2026-08-07 08:29:45,2026-05-28 23:31:47
Basalt,830,2.0,5.0,3.0,2490.0,ZestyRoyalty,/warp nethersunny,830,saltzi,/warp villager trading hall,3456,14253 70 3618,7129 33 12217,2026-05-29 10:36:53,2026-05-29 12:31:10
Diamond,249,90.0,100.0,10.0,2490.0,celticpiping,/warp celt,249,Tyty42021,/warp tytys everything shop,3456,4791 -44 -13241,10428 37 9481,2026-05-28 23:52:09,2026-08-07 08:24:20
Amethyst Shard,565,4.0,8.4,4.4,2486.0,celticpiping,/warp celt,565,Allyri,/warp ri,3456,4785 -44 -13249,-5161 170 -4836,2026-05-28 23:43:11,2026-05-29 11:23:37
Nether Wart,823,2.0,5.0,3.0,2469.0,ZestyRoyalty,/warp nethersunny,823,Dwarffles,/warp bulk sell,3456,14251 68 3614,-4017 117 12338,2026-05-29 10:36:45,2026-05-28 23:34:00
Acacia Sapling,411,1.5,7.5,6.0,2466.0,czsunny12,/warp czshop,411,FX_02,/warp 1,1846,7466 67 -10091,8594 -43 -2004,2026-08-07 08:30:31,2026-05-26 23:57:31
Ink Sac,614,1.0,5.0,4.0,2456.0,Chijoku,/warp chi,3456,FX_02,/warp 1,614,-11726 134 -10126,8589 -37 -2020,2026-07-11 14:41:46,2026-05-26 23:56:23
Acacia Sapling,981,5.0,7.5,2.5,2452.5,tazrar,/warp farm stuff,981,FX_02,/warp 1,1846,17349 72 11846,8594 -43 -2004,2026-05-29 00:29:00,2026-05-26 23:57:31
Cobbled Deepslate,790,0.9,4.0,3.1,2449.0,GladdeBamibal927,/warp frog shop,790,Store,/warp cob,1244,-14746 47 7,-6084 -59 -1157,2026-05-29 00:37:12,2026-05-29 11:37:06
Basalt,1220,3.0,5.0,2.0,2440.0,Hobosapian,/warp shopbo,1220,saltzi,/warp villager trading hall,3456,14599 77 -1402,7129 33 12217,2026-07-08 23:46:04,2026-05-29 12:31:10
Observer,243,40.0,50.0,10.0,2430.0,RyRavioli,/warp buyingspawners,243,FX_02,/warp 1,2887,-10018 71 3180,8594 -36 -2004,2026-05-28 23:39:27,2026-05-26 23:55:02
Birch Log,1197,4.0,6.0,2.0,2394.0,celticpiping,/warp celt,2006,Effortles,/warp sale,3456,4757 -44 -13218,-13430 -4 4375,2026-05-28 23:54:07,2026-05-29 11:28:53
Raw Copper,555,2.0,6.3,4.3,2386.5,Ayame989,/warp village hall,555,Effortles,/warp sale,3456,-9100 63 13783,-13436 -4 4400,2026-05-29 12:27:58,2026-05-29 11:29:29
White Concrete,1188,8.0,10.0,2.0,2376.0,Killablob,/warp killashop,1188,Puppies75200,/warp SellConcrete,3243,11521 70 -5266,5184 1 -13471,2026-05-30 10:42:42,2026-05-29 11:38:48
Phantom Membrane,475,5.0,10.0,5.0,2375.0,Hobosapian,/warp shopbo,600,MaddysinLeigh,/warp maddy's mega mall,3456,14615 77 -1408,-8971 74 -9457,2026-07-08 23:44:05,2026-05-29 00:52:55
Cherry Sapling,948,5.0,7.5,2.5,2370.0,XTheMuffinManX95,/warp wood!,948,Killablob,/warp killashop,3456,9205 8 7799,11575 72 -5273,2026-05-29 12:35:46,2026-05-30 11:12:44
Mud,691,4.1,7.5,3.4000000000000004,2349.4,Harmony_Gold_,/warp wood shop,691,FX_02,/warp 1,2896,-6125 25 1408,8595 -42 -2020,2026-05-29 12:41:55,2026-05-26 23:59:08
Pointed Dripstone,137,3.0,20.0,17.0,2329.0,Hobosapian,/warp shopbo,1726,Dani3537,/warp daniwarp,137,14596 77 -1415,10645 93 -13161,2026-07-08 23:45:36,2026-05-30 13:30:26
Packed Ice,578,2.0,6.0,4.0,2312.0,celticpiping,/warp celt,578,SerSicerio,/warp serstore,3456,4788 -42 -13239,-17617 159 18774,2026-05-28 23:52:12,2026-08-07 08:16:43
Dark Oak Log,2291,4.0,5.0,1.0,2291.0,celticpiping,/warp celt,2291,FX_02,/warp 1,3456,4763 -44 -13218,8585 -41 -2004,2026-05-28 23:54:11,2026-05-26 23:57:57
Gunpowder,1383,0.35,2.0,1.65,2281.95,midwu,/warp panda,1728,Effortles,/warp sale,3456,15696 71 11958,-13448 -5 4372,2026-08-07 08:14:07,2026-05-29 11:28:01
Raw Copper,1728,5.0,6.3,1.2999999999999998,2246.3999999999996,tazrar,/warp farm stuff,1728,Effortles,/warp sale,3456,17363 76 11829,-13437 -6 4400,2026-05-29 00:28:01,2026-05-29 11:29:25
Gunpowder,969,0.2,2.5,2.3,2228.7,TycoRC,/warp !tyco's shop,2141,FX_02,/warp 1,975,-1760 35 3341,8595 -35 -2020,2026-05-28 11:23:51,2026-05-26 23:56:39
Copper Ingot,741,1.0,4.0,3.0,2223.0,Alisa12345,/warp shrimp shop,741,Mio_TOT,/warp soupshop,3158,-7112 113 -17576,-13688 -8 130,2026-05-29 11:44:09,2026-07-05 11:15:12
Breeze Rod,2925,0.0,0.75,0.75,2193.75,TycoRC,/warp xp grinder,3392,_ZippyCastle5557,/warp zippyworld,3456,-1711 51 3403,-12419 75 -9806,2026-05-30 13:38:28,2026-07-01 21:24:31
Cobbled Deepslate,1078,2.0,4.0,2.0,2156.0,emattj1s,/warp hideout,1078,Store,/warp cob,3456,-14423 -25 -325,-6087 -59 -1160,2026-08-01 22:48:18,2026-05-29 11:37:03
Horn Coral Block,142,20.0,35.0,15.0,2130.0,Abbie_Kills,/warp decor,142,NoWaterJustIce,/warp 1,3428,18597 27 1011,8579 -28 -2014,2026-08-07 09:49:08,2026-08-07 10:20:33
Raw Copper,1728,5.1,6.3,1.2000000000000002,2073.6000000000004,AKoopa,/warp koopa,3456,Effortles,/warp sale,3456,13321 113 -6432,-13436 -6 4400,2026-05-30 10:31:09,2026-05-29 11:29:24
Raw Copper,1728,5.1,6.3,1.2000000000000002,2073.6000000000004,AKoopa,/warp koopa,3456,Effortles,/warp sale,3456,13321 113 -6432,-13437 -6 4400,2026-05-30 10:31:09,2026-05-29 11:29:25
Gravel,1030,2.0,4.0,2.0,2060.0,Ayame989,/warp village hall,1326,Allyri,/warp ri,1030,-9080 63 13800,-5238 175 -4788,2026-05-29 12:27:17,2026-05-29 11:18:21
Mud,374,2.0,7.5,5.5,2057.0,Ayame989,/warp village hall,374,FX_02,/warp 1,2896,-9079 63 13800,8595 -42 -2020,2026-05-29 12:27:17,2026-05-26 23:59:08
Spruce Leaves,1026,1.0,3.0,2.0,2052.0,tazrar,/warp farm stuff,1026,AKoopa,/warp koopa,3456,17347 69 11852,13325 115 -6491,2026-05-29 00:28:52,2026-05-30 10:27:55
Prismarine Bricks,1005,7.0,9.0,2.0,2010.0,ZestyRoyalty,/warp nethersunny,1005,Mysticals_,/warp panda,3456,14242 79 3640,18681 46 -9122,2026-05-29 10:39:39,2026-08-07 08:15:26
Cave Spider Spawner,1,8000.0,10000.0,2000.0,2000.0,Hobosapian,/warp shopbo,1,Dani3537,/warp daniwarp,1728,14615 77 -1412,10641 93 -13151,2026-07-08 23:44:08,2026-05-29 00:07:35
Cave Spider Spawner,1,8000.0,10000.0,2000.0,2000.0,celticpiping,/warp celt,1,Dani3537,/warp daniwarp,1728,4740 -44 -13234,10641 93 -13151,2026-05-28 23:45:43,2026-05-29 00:07:35
Oak Log,1999,4.0,5.0,1.0,1999.0,AKoopa,/warp koopa,2711,Effortles,/warp sale,3456,13315 114 -6493,-13430 -4 4373,2026-05-30 10:27:40,2026-05-29 11:28:55
Cobblestone,725,0.25,3.0,2.75,1993.75,Store,/warp @,725,SerSicerio,/warp serstore,3456,14628 235 7873,-17616 159 18760,2026-05-28 11:26:10,2026-08-07 08:17:31
Dirt,1947,1.0,2.0,1.0,1947.0,HoboNova,/warp shopbo,3456,AKoopa,/warp koopa,2656,14596 75 -1403,13257 115 -6479,2026-05-29 11:41:18,2026-05-30 10:21:52
Andesite,970,1.0,3.0,2.0,1940.0,celticpiping,/warp celt,970,SerSicerio,/warp serstore,3456,4805 -44 -13265,-17616 159 18753,2026-05-28 23:50:29,2026-08-07 08:17:37
Cobblestone,1927,1.0,2.0,1.0,1927.0,Crazy69,/warp crazysshop,3456,MissLion1997,/warp blue,3456,-11786 63 15208,-1823 72 6162,2026-08-07 08:27:08,2026-05-28 23:31:44
Cobblestone,700,0.25,3.0,2.75,1925.0,Store,/warp @,700,SerSicerio,/warp serstore,3456,14627 234 7881,-17616 159 18760,2026-05-28 11:25:53,2026-08-07 08:17:31
Cherry Log,958,4.0,6.0,2.0,1916.0,midwu,/warp panda,1405,Effortles,/warp sale,3456,15666 71 11953,-13430 -4 4378,2026-08-07 08:13:49,2026-05-29 11:28:51
Cobblestone,692,0.25,3.0,2.75,1903.0,Store,/warp @,692,SerSicerio,/warp serstore,3456,14627 234 7879,-17616 159 18760,2026-05-28 11:25:52,2026-08-07 08:17:31
Crimson Fungus,317,1.5,7.5,6.0,1902.0,Soup__booty,/warp soupshop,317,Killablob,/warp killashop,3456,9882 61 -12556,11575 72 -5275,2026-05-29 11:49:54,2026-05-30 11:12:46
Mangrove Roots,1896,2.0,3.0,1.0,1896.0,czsunny12,/warp czshop,2499,AKoopa,/warp koopa,3456,7460 66 -10065,13314 115 -6494,2026-08-07 08:31:21,2026-05-30 10:27:38
Cobblestone,1082,0.25,2.0,1.75,1893.5,Store,/warp @,2102,MissLion1997,/warp blue,1082,14627 234 7875,-1820 74 6162,2026-05-28 11:25:48,2026-05-28 23:31:48
Block of Gold,14,85.0,220.0,135.0,1890.0,AKoopa,/warp koopa,14,FX_02,/warp sell me ores,3264,13318 113 -6420,-10051 133 3504,2026-05-30 10:31:43,2026-05-29 11:33:05
Birch Sapling,751,5.0,7.5,2.5,1877.5,Groenmannetje,/warp tree nursery,751,FX_02,/warp 1,1458,-15840 71 12982,8594 -42 -2004,2026-05-29 11:51:45,2026-05-26 23:57:33
Tuff,2560,3.0,3.72,0.7200000000000002,1843.2000000000005,emattj1s,/warp hideout,3456,Allyri,/warp ri,2560,-14430 -25 -322,-5236 174 -4788,2026-08-01 22:47:47,2026-05-29 11:18:18
Diorite,1024,1.2,3.0,1.8,1843.2,Harmony_Gold_,/warp wood shop,1091,SerSicerio,/warp serstore,3456,-6125 28 1417,-17616 159 18754,2026-05-29 12:42:05,2026-08-07 08:17:36
Horn Coral Block,122,20.0,35.0,15.0,1830.0,MaddysinLeigh,/warp maddy's mega mall,122,NoWaterJustIce,/warp 1,3428,-9011 73 -9402,8579 -28 -2014,2026-05-29 00:54:58,2026-08-07 10:20:33
Magma Block,1827,4.0,5.0,1.0,1827.0,czsunny12,/warp czshop,1827,SpaghettiPasta,/warp one,3392,7460 67 -10090,4231 152 6871,2026-08-07 08:30:16,2026-05-29 10:56:04
Vines,1920,0.05,1.0,0.95,1824.0,Hobosapian,/warp shopbo,1920,Killablob,/warp killashop,3456,14601 75 -1408,11560 72 -5291,2026-07-08 23:45:42,2026-05-30 10:53:26
Nether Wart Block,1810,4.0,5.0,1.0,1810.0,czsunny12,/warp czshop,1810,Effortles,/warp sale,3456,7466 67 -10086,-13468 -4 4377,2026-08-07 08:30:34,2026-05-29 11:30:28
Cobblestone,1034,0.25,2.0,1.75,1809.5,Store,/warp @,2330,MissLion1997,/warp blue,3456,14627 234 7874,-1823 72 6162,2026-05-28 11:25:48,2026-05-28 23:31:44
Nether Wart,603,2.0,5.0,3.0,1809.0,Effortles,/warp sale,2625,Dwarffles,/warp bulk sell,3456,-13430 -6 4369,-4017 117 12338,2026-05-29 11:28:37,2026-05-28 23:34:00
Armor Stand,361,10.0,15.0,5.0,1805.0,Hobosapian,/warp shopbo,361,FX_02,/warp 1,864,14620 77 -1414,8597 -30 -2018,2026-07-08 23:43:26,2026-05-26 23:53:37
Music Disc,9,300.0,500.0,200.0,1800.0,mmaikku,/warp obsidian shop,16,Ser_Sicerio,/warp serstore,9,-17829 67 18932,-17618 160 18798,2026-05-29 10:44:48,2026-05-26 09:43:59
Bucket,200,1.0,10.0,9.0,1800.0,Hobosapian,/warp shopbo,200,Effortles,/warp sale,864,14615 77 -1418,-13444 -5 4367,2026-07-08 23:43:18,2026-05-29 11:28:12
Oak Leaves,896,1.0,3.0,2.0,1792.0,tazrar,/warp farm stuff,896,AKoopa,/warp koopa,3456,17346 69 11849,13317 115 -6494,2026-05-29 00:28:53,2026-05-30 10:27:42
Clay,894,3.0,5.0,2.0,1788.0,Hobosapian,/warp shopbo,894,Effortles,/warp sale,3456,14596 75 -1410,-13468 -4 4393,2026-07-08 23:45:24,2026-05-29 11:30:37
Cobblestone,1020,0.25,2.0,1.75,1785.0,Store,/warp @,2102,MissLion1997,/warp blue,3456,14627 234 7875,-1820 73 6162,2026-05-28 11:25:48,2026-05-28 23:31:48
Netherrack,3456,0.75,1.26,0.51,1762.56,Soup__booty,/warp soupshop,3456,Allyri,/warp ri,3456,9866 59 -12554,-5263 175 -4808,2026-05-29 11:49:33,2026-05-29 11:21:09
Magma Cream,875,1.0,3.0,2.0,1750.0,Dwarffles,/warp lidl,875,Dani3537,/warp daniwarp,1728,-3915 156 12320,10645 93 -13154,2026-05-31 13:10:14,2026-05-29 00:08:41
Raw Copper,1337,5.0,6.3,1.2999999999999998,1738.0999999999997,SerSicerio,/warp serstore,1337,Effortles,/warp sale,3456,-17663 158 18755,-13436 -6 4400,2026-08-07 08:18:12,2026-05-29 11:29:24
Gravel,577,1.0,4.0,3.0,1731.0,celticpiping,/warp celt,577,Allyri,/warp ri,2493,4785 -44 -13251,-5241 172 -4788,2026-05-28 23:43:13,2026-05-29 11:18:23
Moss Block,1728,2.0,3.0,1.0,1728.0,Q_Papi,/warp one,2815,_FireWilley,/warp wow,1728,4228 152 6876,18709 16 -7151,2026-05-29 10:53:29,2026-08-07 08:20:55
Slimeball,1728,1.0,2.0,1.0,1728.0,Hobosapian,/warp shopbo,1728,Effortles,/warp sale,3456,14615 77 -1407,-13454 -4 4362,2026-07-08 23:44:04,2026-05-29 11:31:04
Coal,1728,2.0,3.0,1.0,1728.0,tazrar,/warp farm stuff,1728,Crazy69,/warp crazysshop,3456,17360 76 11829,-11791 65 15203,2026-05-29 00:28:03,2026-08-07 08:27:29
Terracotta,1728,2.0,3.0,1.0,1728.0,AKoopa,/warp koopa,1728,madsxo,/warp one,2304,13264 114 -6494,4256 152 6853,2026-05-30 10:22:49,2026-05-29 10:51:40
Glass,1728,4.0,5.0,1.0,1728.0,Soup__booty,/warp soupshop,3456,Crazy69,/warp crazysshop,1728,9877 59 -12551,-11728 65 15196,2026-05-29 11:49:41,2026-05-27 11:50:47
Diamond,48,65.0,100.0,35.0,1680.0,Alisa12345,/warp shrimp shop,48,Tyty42021,/warp tytys everything shop,3456,-7112 114 -17576,10428 37 9481,2026-05-29 11:44:08,2026-08-07 08:24:20
Sunny Boots,24,50.0,120.0,70.0,1680.0,Hobosapian,/warp shopbo,24,AKoopa,/warp koopa,27,14601 77 -1408,13255 114 -6461,2026-07-08 23:45:51,2026-05-30 10:21:04
Warped Fungus,275,1.5,7.5,6.0,1650.0,Soup__booty,/warp soupshop,275,Killablob,/warp killashop,3456,9881 61 -12556,11575 72 -5276,2026-05-29 11:49:55,2026-05-30 11:12:46
Block of Diamond,22,800.0,875.0,75.0,1650.0,celticpiping,/warp celt,22,FX_02,/warp sell me ores,3456,4792 -44 -13241,-10054 135 3502,2026-05-28 23:52:08,2026-05-29 11:33:09
Smooth Stone,3256,2.0,2.5,0.5,1628.0,HoboNova,/warp shopbo,3256,Effortles,/warp sale,3456,14596 75 -1407,-13440 -4 4362,2026-05-29 11:41:16,2026-05-29 11:31:38
Deepslate,3456,1.0,1.47,0.47,1624.32,celticpiping,/warp celt,3456,Allyri,/warp ri,3456,4737 -46 -13281,-5227 175 -4789,2026-05-28 23:47:31,2026-05-29 11:18:10
Campfire,322,10.0,15.0,5.0,1610.0,celticpiping,/warp celt,322,Killablob,/warp killashop,3456,4740 -41 -13233,11575 72 -5245,2026-08-07 09:40:19,2026-05-30 10:37:03
Rail,1609,5.0,6.0,1.0,1609.0,celticpiping,/warp celt,3456,dak5h,/warp dak,3456,4740 -44 -13257,-11594 45 -565,2026-08-07 09:39:14,2026-05-27 12:00:29
Dirt,1600,1.0,2.0,1.0,1600.0,Alisa12345,/warp shrimp shop,1600,Effortles,/warp sale,3456,-7117 113 -17576,-13446 -4 4362,2026-05-29 11:44:03,2026-05-29 11:31:22
Glow Ink Sac,798,6.0,8.0,2.0,1596.0,LenJr,/warp sky store,1055,Effortles,/warp sale,3456,16838 287 9277,-13443 -5 4372,2026-05-29 11:46:38,2026-05-29 11:27:58
Mangrove Leaves,1596,2.0,3.0,1.0,1596.0,Abbie_Kills,/warp decor,1596,AKoopa,/warp koopa,2048,18596 22 1012,13313 115 -6494,2026-05-29 00:11:13,2026-05-30 10:27:36
Packed Ice,792,4.0,6.0,2.0,1584.0,Harmony_Gold_,/warp wood shop,792,SerSicerio,/warp serstore,3456,-6138 25 1424,-17617 159 18774,2026-05-29 12:42:15,2026-08-07 08:16:43
Tuff,1564,3.0,4.0,1.0,1564.0,Exestive,/warp luxeria,3072,Effortles,/warp sale,1897,9819 162 16229,-13442 -4 4362,2026-05-29 00:45:25,2026-05-29 11:31:20
Lead,781,3.0,5.0,2.0,1562.0,Hobosapian,/warp shopbo,781,Effortles,/warp sale,3456,14615 77 -1405,-13444 -5 4372,2026-07-08 23:44:03,2026-05-29 11:27:59
Sand,1536,3.0,4.0,1.0,1536.0,MatsmitGlatz,/warp blockmart,1536,SerSicerio,/warp serstore,3456,12412 75 -9897,-17622 159 18771,2026-05-28 23:29:40,2026-08-07 08:16:24
Scaffolding,1536,1.0,2.0,1.0,1536.0,Chijoku,/warp chi,1536,FX_02,/warp 1,2877,-11717 133 -10133,8595 -33 -2020,2026-05-29 00:04:05,2026-05-26 23:53:29
Glass,512,2.0,5.0,3.0,1536.0,celticpiping,/warp celt,512,Crazy69,/warp crazysshop,1608,4779 -41 -13267,-11728 65 15198,2026-05-31 14:53:14,2026-08-07 08:29:00
Ochre Froglight,1521,1.0,2.0,1.0,1521.0,Exestive,/warp luxeria,3456,Crazy69,/warp crazysshop,1536,9815 154 16218,-11765 65 15210,2026-05-29 00:43:39,2026-05-27 11:48:34
Glass,1515,4.0,5.0,1.0,1515.0,Hobosapian,/warp shopbo,2646,Crazy69,/warp crazysshop,1728,14596 75 -1411,-11789 65 15215,2026-07-08 23:45:23,2026-05-27 11:47:49
Dirt,1509,1.0,2.0,1.0,1509.0,HoboNova,/warp shopbo,3456,Effortles,/warp sale,3456,14596 75 -1403,-13446 -4 4362,2026-05-29 11:41:18,2026-05-29 11:31:22
Pearlescent Froglight,1503,1.0,2.0,1.0,1503.0,Exestive,/warp luxeria,3456,Crazy69,/warp crazysshop,1625,9815 153 16218,-11766 65 15210,2026-05-29 00:43:38,2026-05-27 11:48:35
Sniffer Egg,6,750.0,1000.0,250.0,1500.0,Hobosapian,/warp shopbo,6,MaddysinLeigh,/warp maddy's mega mall,3456,14615 77 -1406,-9120 106 -9435,2026-07-08 23:44:04,2026-07-26 13:07:36
Gunpowder,827,0.2,2.0,1.8,1488.6000000000001,TycoRC,/warp !tyco's shop,2141,FX_02,/warp buyingspawners,827,-1760 35 3341,-10037 68 3185,2026-05-28 11:23:51,2026-05-28 23:38:49
Block of Redstone,1499,0.01,1.0,0.99,1484.01,Chijoku,/warp chi,3456,Effortles,/warp sale,1499,-11713 133 -10122,-13448 -5 4390,2026-05-29 00:03:41,2026-05-29 11:26:43
Nether Wart,1482,4.0,5.0,1.0,1482.0,FX_02,/warp 1,3456,Dwarffles,/warp bulk sell,3456,8584 -37 -2014,-4017 117 12338,2026-05-26 23:56:01,2026-05-28 23:34:00
Rail,1473,5.0,6.0,1.0,1473.0,Hobosapian,/warp shopbo,1473,dak5h,/warp dak,3456,14620 77 -1406,-11594 45 -565,2026-07-08 23:43:32,2026-05-27 12:00:29
Cobblestone,840,0.25,2.0,1.75,1470.0,Store,/warp @,840,MissLion1997,/warp blue,3456,14627 234 7878,-1820 72 6162,2026-05-28 11:25:51,2026-05-28 23:31:47
Cracked Polished Blackstone Bricks,2926,3.5,4.0,0.5,1463.0,Soup__booty,/warp soupshop,2926,Effortles,/warp sale,3456,9870 59 -12551,-13430 -4 4365,2026-05-29 11:49:27,2026-05-29 11:28:40
Mud,320,3.0,7.5,4.5,1440.0,AKoopa,/warp koopa,320,FX_02,/warp 1,2896,13258 114 -6480,8595 -42 -2020,2026-05-30 10:21:42,2026-05-26 23:59:08
Deepslate Redstone Ore,119,8.0,20.0,12.0,1428.0,celticpiping,/warp celt,119,Effortles,/warp sale,1505,4803 -41 -13241,-13446 -4 4400,2026-05-28 23:51:55,2026-05-29 11:29:40
Coal,3142,2.25,2.7,0.4500000000000002,1413.9000000000005,Soup__booty,/warp soupshop,3456,Server,/shop,999999999,9845 59 -12551,0 0 0,2026-05-29 11:48:35,2026-05-31 12:15:00
Deepslate,2819,1.0,1.5,0.5,1409.5,celticpiping,/warp celt,3456,Crazy69,/warp crazysshop,3456,4729 -46 -13281,-11783 65 15208,2026-05-28 23:47:22,2026-08-07 08:27:19
Diorite,704,1.0,3.0,2.0,1408.0,celticpiping,/warp celt,704,SerSicerio,/warp serstore,3456,4801 -44 -13265,-17616 159 18754,2026-05-28 23:50:24,2026-08-07 08:17:36
Cobbled Deepslate,468,1.0,4.0,3.0,1404.0,celticpiping,/warp celt,468,Store,/warp cob,3265,4741 -44 -13279,-6084 -59 -1153,2026-05-28 23:47:37,2026-05-29 11:37:08
Music Disc,7,300.0,500.0,200.0,1400.0,mmaikku,/warp obsidian shop,16,Ser_Sicerio,/warp serstore,27,-17829 67 18932,-17618 160 18795,2026-05-29 10:44:48,2026-05-26 09:43:39
Nether Wart Block,1386,4.0,5.0,1.0,1386.0,celticpiping,/warp celt,3128,Effortles,/warp sale,3456,4760 -35 -13226,-13468 -4 4377,2026-05-28 23:55:47,2026-05-29 11:30:28
Cactus,3456,0.42,0.82,0.39999999999999997,1382.3999999999999,Store,/warp @,3456,AKoopa,/warp koopa,3456,14611 231 7828,13257 113 -6434,2026-05-28 11:26:41,2026-05-30 10:20:09
Cactus,3456,0.42,0.82,0.39999999999999997,1382.3999999999999,Store,/warp @,3456,AKoopa,/warp koopa,3456,14612 232 7830,13255 113 -6434,2026-05-28 11:27:00,2026-05-30 10:20:07
Cactus,3456,0.42,0.82,0.39999999999999997,1382.3999999999999,Store,/warp @,3456,AKoopa,/warp koopa,3456,14613 233 7830,13249 113 -6434,2026-05-28 11:27:00,2026-05-30 10:20:03
Cactus,3456,0.42,0.82,0.39999999999999997,1382.3999999999999,Store,/warp @,3456,AKoopa,/warp koopa,3456,14611 231 7822,13252 113 -6434,2026-05-28 11:26:44,2026-05-30 10:20:05
Cactus,3456,0.42,0.82,0.39999999999999997,1382.3999999999999,Store,/warp @,3456,AKoopa,/warp koopa,3456,14616 236 7830,13254 113 -6434,2026-05-28 11:27:53,2026-05-30 10:20:06
Cactus,3454,0.42,0.82,0.39999999999999997,1381.6,Store,/warp @,3456,AKoopa,/warp koopa,3456,14614 234 7830,13250 113 -6434,2026-05-28 11:27:29,2026-05-30 10:20:03
Mushroom Stem,230,9.0,15.0,6.0,1380.0,Hobosapian,/warp shopbo,230,Effortles,/warp sale,3456,14599 75 -1402,-13468 -4 4391,2026-07-08 23:45:58,2026-05-29 11:30:36
Verdant Froglight,1380,1.0,2.0,1.0,1380.0,Exestive,/warp luxeria,3456,Crazy69,/warp crazysshop,1380,9815 152 16218,-11764 65 15210,2026-05-29 00:43:37,2026-05-27 11:48:33
Sand,1372,3.0,4.0,1.0,1372.0,Effortles,/warp sale,1372,Dwarffles,/warp bulk sell,2304,-13443 -6 4362,-4013 116 12338,2026-05-29 11:31:19,2026-05-28 23:34:30
Cactus,3430,0.42,0.82,0.39999999999999997,1371.9999999999998,Store,/warp @,3430,AKoopa,/warp koopa,3456,14611 231 7820,13256 113 -6434,2026-05-28 11:26:45,2026-05-30 10:20:08
Cobbled Deepslate,454,1.0,4.0,3.0,1362.0,celticpiping,/warp celt,3456,Store,/warp cob,1244,4740 -46 -13277,-6084 -59 -1157,2026-05-28 23:47:39,2026-05-29 11:37:06
Oak Sapling,543,5.0,7.5,2.5,1357.5,Groenmannetje,/warp tree nursery,777,Killablob,/warp killashop,1946,-15846 71 12982,11575 72 -5268,2026-05-29 11:51:44,2026-05-30 11:12:41
Bee Nest,9,100.0,250.0,150.0,1350.0,Abbie_Kills,/warp decor,9,SerSicerio,/warp serstore,3456,18555 22 974,-17617 159 18777,2026-05-29 00:12:24,2026-08-07 08:16:45
Deepslate,2866,1.0,1.47,0.47,1347.02,celticpiping,/warp celt,2866,Allyri,/warp ri,3456,4731 -46 -13281,-5227 172 -4789,2026-05-28 23:47:23,2026-05-29 11:18:08
Cactus,3366,0.42,0.82,0.39999999999999997,1346.3999999999999,Store,/warp @,3366,AKoopa,/warp koopa,3456,14611 231 7824,13251 113 -6434,2026-05-28 11:26:43,2026-05-30 10:20:04
Diamond,43,69.0,100.0,31.0,1333.0,Soup__booty,/warp soupshop,43,Tyty42021,/warp tytys everything shop,3456,9830 59 -12551,10428 37 9481,2026-05-29 11:48:09,2026-08-07 08:24:20
Block of Coal,83,2.0,18.0,16.0,1328.0,Ayame989,/warp village hall,92,MaddysinLeigh,/warp maddy's mega mall,3456,-9086 63 13786,-8970 74 -9414,2026-05-29 12:27:51,2026-05-29 00:53:20
Birch Leaves,663,1.0,3.0,2.0,1326.0,tazrar,/warp farm stuff,663,AKoopa,/warp koopa,3456,17346 69 11847,13310 115 -6491,2026-05-29 00:28:58,2026-05-30 10:27:26
Waxed Oxidized Copper Bulb,264,5.0,10.0,5.0,1320.0,Ayame989,/warp village hall,264,Effortles,/warp sale,3456,-9093 63 13786,-13468 -4 4365,2026-05-29 12:27:55,2026-05-29 11:30:49
Podzol,1319,3.0,4.0,1.0,1319.0,Crazy69,/warp crazysshop,1319,SerSicerio,/warp serstore,3456,-11789 63 15208,-17617 159 18770,2026-08-07 08:27:10,2026-08-07 08:16:40
Sandstone,2625,2.0,2.5,0.5,1312.5,Exestive,/warp luxeria,2625,Crazy69,/warp crazysshop,3456,9815 170 16224,-11787 65 15208,2026-05-29 00:47:33,2026-08-07 08:27:15
Red Mushroom,728,0.2,2.0,1.8,1310.4,Hobosapian,/warp shopbo,728,AKoopa,/warp koopa,3456,14601 75 -1404,13325 115 -6479,2026-07-08 23:45:45,2026-05-30 10:28:12
Mangrove Roots,1305,2.0,3.0,1.0,1305.0,Abbie_Kills,/warp decor,1305,AKoopa,/warp koopa,3456,18604 22 1004,13314 115 -6494,2026-05-29 00:10:53,2026-05-30 10:27:38
Basalt,576,2.75,5.0,2.25,1296.0,Harmony_Gold_,/warp wood shop,576,saltzi,/warp villager trading hall,3456,-6132 25 1414,7129 33 12217,2026-05-29 12:41:43,2026-05-29 12:31:10
Sand,431,3.0,6.0,3.0,1293.0,MatsmitGlatz,/warp blockmart,1536,NoWaterJustIce,/warp prismarine+,3456,12415 75 -9897,-13346 289 8288,2026-05-28 23:29:43,2026-05-29 11:13:30
Acacia Log,322,4.0,8.0,4.0,1288.0,celticpiping,/warp celt,322,Effortles,/warp sale,3456,4752 -44 -13224,-13430 -4 4377,2026-05-28 23:53:57,2026-05-29 11:28:52
Lapis Lazuli Ore,143,31.0,40.0,9.0,1287.0,MaddysinLeigh,/warp maddy's mega mall,143,SerSicerio,/warp serstore,3456,-8982 73 -9414,-17673 159 18754,2026-05-29 00:53:25,2026-08-07 08:18:21
Soul Sand,2570,2.5,3.0,0.5,1285.0,HoboNova,/warp shopbo,3447,SerSicerio,/warp serstore,2718,14596 75 -1405,-17633 159 18748,2026-05-29 11:41:17,2026-08-07 08:17:53
Deepslate,2732,1.0,1.47,0.47,1284.04,celticpiping,/warp celt,3456,Allyri,/warp ri,2732,4737 -44 -13281,-5230 174 -4789,2026-05-28 23:47:30,2026-05-29 11:18:12
Red Mushroom Block,128,2.0,12.0,10.0,1280.0,kiwi_241,/warp v.i.p room,136,Effortles,/warp sale,128,-1420 63 -2522,-13468 -4 4392,2026-05-29 12:22:39,2026-05-29 11:30:36
Podzol,1278,3.0,4.0,1.0,1278.0,Crazy69,/warp crazysshop,1320,SerSicerio,/warp serstore,3456,-11785 63 15215,-17617 159 18770,2026-05-27 11:47:41,2026-08-07 08:16:40
Tuff,1758,3.0,3.72,0.7200000000000002,1265.7600000000004,MatsmitGlatz,/warp blockmart,2192,Allyri,/warp ri,3392,12383 77 -9893,-5234 173 -4789,2026-05-28 23:28:48,2026-05-29 11:18:15
Deepslate,627,1.0,3.0,2.0,1254.0,celticpiping,/warp celt,3456,SerSicerio,/warp serstore,3456,4737 -44 -13281,-17616 159 18750,2026-05-28 23:47:30,2026-08-07 08:17:39
Cobbled Deepslate,320,0.1,4.0,3.9,1248.0,_BudgieToast9,/warp distaria,320,Store,/warp cob,3456,2350 70 -6952,-6086 -59 -1153,2026-05-29 00:25:18,2026-05-29 11:37:00
Block of Redstone,2496,0.01,0.5,0.49,1223.04,Chijoku,/warp chi,2496,FX_02,/warp 1,3456,-11714 134 -10122,8601 -35 -2009,2026-05-29 00:03:43,2026-05-26 23:54:08
Glass,1212,4.0,5.0,1.0,1212.0,Soup__booty,/warp soupshop,3456,Crazy69,/warp crazysshop,1728,9877 59 -12551,-11728 65 15194,2026-05-29 11:49:41,2026-05-27 11:50:46
Dark Prismarine,173,13.0,20.0,7.0,1211.0,emattj1s,/warp hideout,173,Mysticals_,/warp panda,3456,-14440 -25 -324,18681 46 -9124,2026-08-01 22:47:59,2026-08-07 08:15:27
Gravel,605,2.0,4.0,2.0,1210.0,glossycherry,/warp cherry shop,605,Allyri,/warp ri,2752,-12100 7 171,-5238 174 -4788,2026-05-29 00:00:55,2026-05-29 11:18:20
Oak Leaves,1727,2.3,3.0,0.7000000000000002,1208.9000000000003,kiwi_241,/warp v.i.p room,1727,AKoopa,/warp koopa,3456,-1417 63 -2515,13317 115 -6494,2026-05-29 12:22:45,2026-05-30 10:27:42
Granite,603,1.0,3.0,2.0,1206.0,celticpiping,/warp celt,603,SerSicerio,/warp serstore,3456,4797 -43 -13266,-17616 159 18752,2026-05-28 23:50:20,2026-08-07 08:17:37
Dripstone Block,1205,3.0,4.0,1.0,1205.0,Hobosapian,/warp shopbo,1205,SerSicerio,/warp serstore,3456,14596 77 -1414,-17617 159 18776,2026-07-08 23:45:35,2026-08-07 08:16:44
Verdant Froglight,2076,1.0,1.58,0.5800000000000001,1204.0800000000002,Exestive,/warp luxeria,3456,Allyri,/warp ri,3456,9815 152 16218,-5263 175 -4850,2026-05-29 00:43:37,2026-05-29 11:21:50
Deepslate Diamond Ore,4,200.0,500.0,300.0,1200.0,RubberDucky7474,/warp nethersunny,4,SerSicerio,/warp serstore,3456,14232 71 3607,-17670 159 18759,2026-05-29 10:38:13,2026-08-07 08:18:48
Stone,2382,1.0,1.5,0.5,1191.0,czsunny12,/warp czshop,2382,Effortles,/warp sale,3022,7446 67 -10075,-13450 -4 4362,2026-08-07 08:30:00,2026-05-29 11:31:25
Crimson Nylium,589,4.0,6.0,2.0,1178.0,Harmony_Gold_,/warp wood shop,589,SerSicerio,/warp serstore,3456,-6135 25 1410,-17630 159 18748,2026-05-29 12:41:40,2026-08-07 08:17:55
Melon Seeds,2342,0.5,1.0,0.5,1171.0,Crazy69,/warp crazysshop,3456,FX_02,/warp 1,2342,-11763 63 15203,8584 -36 -2006,2026-08-07 08:27:40,2026-05-26 23:55:37
Podzol,585,2.0,4.0,2.0,1170.0,Ayame989,/warp village hall,585,SerSicerio,/warp serstore,3456,-9082 67 13800,-17617 159 18770,2026-05-29 12:27:42,2026-08-07 08:16:40
Deepslate Lapis Lazuli Ore,53,18.0,40.0,22.0,1166.0,celticpiping,/warp celt,53,SerSicerio,/warp serstore,3456,4805 -41 -13243,-17675 159 18759,2026-05-28 23:51:52,2026-08-07 08:18:43
Gravel,388,1.0,4.0,3.0,1164.0,celticpiping,/warp celt,2386,Allyri,/warp ri,3456,4785 -44 -13253,-5240 174 -4788,2026-05-28 23:43:14,2026-05-29 11:18:22
Emerald,77,15.0,30.0,15.0,1155.0,Effortles,/warp sale,77,LilOldman,/warp lom,3456,-13445 -6 4389,-10322 64 -548,2026-05-29 11:26:39,2026-07-26 19:28:14
Spruce Log,384,2.0,5.0,3.0,1152.0,Ayame989,/warp village hall,440,FX_02,/warp 1,384,-9077 70 13792,8588 -41 -2004,2026-05-29 12:29:36,2026-05-26 23:57:51
Red Mushroom Block,1151,3.0,4.0,1.0,1151.0,Hobosapian,/warp shopbo,1151,AKoopa,/warp koopa,3456,14601 75 -1402,13325 115 -6480,2026-07-08 23:45:56,2026-05-30 10:28:11
Magma Cream,575,1.0,3.0,2.0,1150.0,darioHDgames0545,/warp frog shop,575,Dani3537,/warp daniwarp,1728,-14727 47 22,10645 93 -13154,2026-05-29 00:36:31,2026-05-29 00:08:41
Firework Rocket,576,0.01,2.0,1.99,1146.24,NoWaterJustIce,/warp prismarine+,576,_ZippyCastle5557,/warp zippyworld,3304,-13341 290 8289,-12392 75 -9786,2026-05-29 11:13:52,2026-07-01 21:28:15
Firework Rocket,576,0.01,2.0,1.99,1146.24,NoWaterJustIce,/warp prismarine+,576,_ZippyCastle5557,/warp zippyworld,3304,-13342 288 8289,-12392 75 -9786,2026-05-29 11:13:53,2026-07-01 21:28:15
Basalt,570,3.0,5.0,2.0,1140.0,emattj1s,/warp hideout,3456,saltzi,/warp villager trading hall,2432,-14432 -24 -326,7129 34 12217,2026-08-01 22:48:09,2026-05-29 12:31:10
Iron Ingot,380,1.0,4.0,3.0,1140.0,Chijoku,/warp chi,3456,MaddysinLeigh,/warp maddy's mega mall,3405,-11717 133 -10121,-8970 74 -9404,2026-05-29 00:03:49,2026-05-29 00:54:14
Cobbled Deepslate,759,2.5,4.0,1.5,1138.5,Soup__booty,/warp soupshop,3456,Store,/warp cob,3390,9848 59 -12554,-6086 -59 -1159,2026-05-29 11:48:57,2026-05-29 11:37:02
Basalt,567,3.0,5.0,2.0,1134.0,emattj1s,/warp hideout,3456,saltzi,/warp villager trading hall,3456,-14432 -24 -326,7129 33 12217,2026-08-01 22:48:09,2026-05-29 12:31:10
Pearlescent Froglight,1953,1.0,1.58,0.5800000000000001,1132.7400000000002,Exestive,/warp luxeria,3456,Allyri,/warp ri,3456,9815 153 16218,-5263 173 -4848,2026-05-29 00:43:38,2026-05-29 11:21:48
Iron Ingot,563,2.0,4.0,2.0,1126.0,Crazy69,/warp crazysshop,563,MaddysinLeigh,/warp maddy's mega mall,3405,-11848 63 15181,-8970 74 -9404,2026-05-27 11:50:15,2026-05-29 00:54:14
Crimson Stem,562,8.0,10.0,2.0,1124.0,Soup__booty,/warp soupshop,562,Polite_player,/warp sell materials,3456,9858 59 -12554,-19266 71 9328,2026-05-29 11:49:14,2026-07-06 10:08:27
Ochre Froglight,1935,1.0,1.58,0.5800000000000001,1122.3000000000002,Exestive,/warp luxeria,3456,Allyri,/warp ri,3328,9815 154 16218,-5263 174 -4844,2026-05-29 00:43:39,2026-05-29 11:21:44
Sand,1105,3.0,4.0,1.0,1105.0,MatsmitGlatz,/warp blockmart,1536,Dwarffles,/warp bulk sell,2304,12415 75 -9897,-4013 118 12338,2026-05-28 23:29:43,2026-05-28 23:34:28
Splash Potion,13,40.0,125.0,85.0,1105.0,_ZippyCastle5557,/warp zippyworld,14,FX_02,/warp 1,13,-12410 77 -9774,8599 -30 -2004,2026-07-01 21:19:41,2026-05-26 23:50:31
Raw Copper,478,4.0,6.3,2.3,1099.3999999999999,MaddysinLeigh,/warp maddy's mega mall,478,Effortles,/warp sale,3456,-8977 74 -9404,-13438 -4 4400,2026-05-29 00:53:47,2026-05-29 11:29:27
Nether Wart,548,3.0,5.0,2.0,1096.0,Mio_TOT,/warp dark shop,3456,Dwarffles,/warp bulk sell,3456,-13688 -10 119,-4017 117 12338,2026-05-30 13:05:19,2026-05-28 23:34:00
Tuff,1508,3.0,3.72,0.7200000000000002,1085.7600000000002,Exestive,/warp luxeria,3072,Allyri,/warp ri,3392,9819 162 16229,-5234 175 -4789,2026-05-29 00:45:25,2026-05-29 11:18:16
Deepslate Lapis Lazuli Ore,217,35.0,40.0,5.0,1085.0,emattj1s,/warp hideout,217,SerSicerio,/warp serstore,3456,-14392 -25 -324,-17675 159 18759,2026-08-01 22:48:57,2026-08-07 08:18:43
Red Sand,557,1.1,3.0,1.9,1058.3,kiwi_241,/warp v.i.p room,557,FX_02,/warp 1,1561,-1471 66 -2534,8592 -41 -2020,2026-05-29 12:24:36,2026-05-26 23:59:01
Sunny Helmet,15,50.0,120.0,70.0,1050.0,Hobosapian,/warp shopbo,15,AKoopa,/warp koopa,27,14601 77 -1411,13251 114 -6461,2026-07-08 23:45:53,2026-05-30 10:21:07
Sunny Leggings,15,50.0,120.0,70.0,1050.0,Hobosapian,/warp shopbo,15,AKoopa,/warp koopa,27,14601 77 -1409,13254 114 -6461,2026-07-08 23:45:52,2026-05-30 10:21:04
Oak Log,1049,4.0,5.0,1.0,1049.0,Hobosapian,/warp shopbo,1049,FX_02,/warp 1,3456,14598 77 -1418,8588 -40 -2004,2026-07-08 23:44:33,2026-05-26 23:57:53
Oak Log,1049,4.0,5.0,1.0,1049.0,Hobosapian,/warp shopbo,1049,FX_02,/warp 1,3456,14597 77 -1418,8588 -40 -2004,2026-07-08 23:45:11,2026-05-26 23:57:53
Dark Oak Log,1047,4.0,5.0,1.0,1047.0,Hobosapian,/warp shopbo,1863,Effortles,/warp sale,1207,14599 75 -1418,-13430 -4 4374,2026-07-08 23:44:29,2026-05-29 11:28:54
Warped Nylium,1043,5.0,6.0,1.0,1043.0,FX_02,/warp 1,2995,SerSicerio,/warp serstore,3456,8586 -33 -2004,-17627 159 18748,2026-05-26 23:51:28,2026-08-07 08:17:58
Acacia Sapling,189,2.0,7.5,5.5,1039.5,Abbie_Kills,/warp decor,189,FX_02,/warp 1,1846,18604 20 1004,8594 -43 -2004,2026-05-29 00:10:54,2026-05-26 23:57:31
Warped Stem,173,4.0,10.0,6.0,1038.0,celticpiping,/warp celt,173,Polite_player,/warp sell materials,3456,4765 -37 -13224,-19266 71 9325,2026-05-28 23:55:36,2026-07-06 10:08:24
Feather,2801,0.0,0.37,0.37,1036.37,FX_02,/warp sell me ores,3456,Killablob,/warp killashop,2801,-10033 133 3509,11560 72 -5287,2026-05-29 11:33:38,2026-05-30 10:53:30
Cobblestone,2070,1.0,1.5,0.5,1035.0,nathan812,/warp rockets,3456,Effortles,/warp sale,2070,12392 -2 5803,-13451 -4 4362,2026-05-29 11:25:40,2026-05-29 11:31:25
Andesite,570,1.2,3.0,1.8,1026.0,Harmony_Gold_,/warp wood shop,2019,SerSicerio,/warp serstore,3456,-6125 25 1416,-17616 159 18753,2026-05-29 12:41:58,2026-08-07 08:17:37
Gravel,512,2.0,4.0,2.0,1024.0,will1608,/warp shopwill,512,Allyri,/warp ri,2752,16743 72 -16841,-5238 174 -4788,2026-05-29 11:43:08,2026-05-29 11:18:20
Lantern,340,2.0,5.0,3.0,1020.0,glossycherry,/warp cherry shop,340,Killablob,/warp killashop,3456,-12113 9 188,11575 72 -5246,2026-05-29 00:01:48,2026-05-30 10:37:04
Deepslate Gold Ore,63,24.0,40.0,16.0,1008.0,celticpiping,/warp celt,63,SerSicerio,/warp serstore,3456,4794 -41 -13241,-17669 159 18759,2026-05-28 23:52:06,2026-08-07 08:18:49
Red Sand,1004,2.0,3.0,1.0,1004.0,tazrar,/warp farm stuff,1728,FX_02,/warp 1,1561,17367 70 11829,8592 -41 -2020,2026-05-29 00:27:35,2026-05-26 23:59:01
Rail,334,5.0,8.0,3.0,1002.0,celticpiping,/warp celt,3456,Effortles,/warp sale,334,4740 -44 -13257,-13458 -4 4362,2026-08-07 09:39:14,2026-05-29 11:31:06
Firework Rocket,503,0.01,2.0,1.99,1000.97,HoboNova,/warp shopbo,1272,_ZippyCastle5557,/warp zippyworld,3304,14620 75 -1407,-12392 75 -9786,2026-05-29 11:40:17,2026-07-01 21:28:15
Bucket,200,5.0,10.0,5.0,1000.0,HoboNova,/warp shopbo,200,Effortles,/warp sale,864,14620 75 -1408,-13444 -5 4367,2026-05-29 11:40:16,2026-05-29 11:28:12
Deepslate,2123,1.0,1.47,0.47,997.81,celticpiping,/warp celt,3456,Allyri,/warp ri,3456,4735 -44 -13281,-5227 174 -4789,2026-05-28 23:47:29,2026-05-29 11:18:09
Warped Nylium,329,3.0,6.0,3.0,987.0,basilpesto17,/warp one,329,SerSicerio,/warp serstore,3456,4240 150 6867,-17627 159 18748,2026-05-29 10:56:38,2026-08-07 08:17:58
Splash Potion,13,50.0,125.0,75.0,975.0,Harmony_Gold_,/warp wood shop,14,FX_02,/warp 1,23,-6140 25 1449,8601 -31 -2005,2026-05-29 12:42:53,2026-05-26 23:50:27
Deepslate,2067,1.0,1.47,0.47,971.4899999999999,celticpiping,/warp celt,3456,Allyri,/warp ri,2067,4733 -44 -13281,-5227 173 -4789,2026-05-28 23:47:25,2026-05-29 11:18:09
Coal,260,0.5,4.2,3.7,962.0,Alisa12345,/warp shrimp shop,260,Effortles,/warp sale,2302,-7115 114 -17576,-13447 -5 4390,2026-05-29 11:44:06,2026-08-01 22:30:00
White Wool,1923,0.0,0.5,0.5,961.5,Bonusmile,/warp free wool,3456,Effortles,/warp sale,3456,11263 112 -11997,-13464 -4 4400,2026-05-29 00:34:47,2026-05-29 11:30:07
Grass Block,960,1.0,2.0,1.0,960.0,celticpiping,/warp celt,3419,Effortles,/warp sale,3456,4773 -44 -13267,-13445 -4 4362,2026-05-28 23:49:37,2026-05-29 11:31:22
Jungle Log,958,4.0,5.0,1.0,958.0,celticpiping,/warp celt,1182,FX_02,/warp 1,958,4751 -44 -13218,8585 -40 -2004,2026-05-28 23:54:03,2026-05-26 23:57:55
Pale Oak Sapling,382,5.0,7.5,2.5,955.0,tazrar,/warp farm stuff,382,Killablob,/warp killashop,3456,17349 72 11854,11575 72 -5274,2026-05-29 00:28:45,2026-05-30 11:12:45
Potato,3182,0.5,0.8,0.30000000000000004,954.6000000000001,Crazy69,/warp crazysshop,3182,AKoopa,/warp koopa,3456,-11766 63 15203,13257 113 -6419,2026-08-07 08:27:39,2026-05-30 10:19:47
Carrot,1290,0.1,0.84,0.74,954.6,czsunny12,/warp czshop,1390,Killablob,/warp killashop,1402,7460 67 -10066,11563 72 -5296,2026-08-07 08:31:26,2026-05-30 10:57:16
Magma Block,119,2.0,10.0,8.0,952.0,Ayame989,/warp village hall,119,Dani3537,/warp daniwarp,1728,-9076 63 13798,10637 93 -13173,2026-05-29 12:27:14,2026-05-29 00:07:26
Stonecutter,190,10.0,15.0,5.0,950.0,Abbie_Kills,/warp decor,190,AKoopa,/warp koopa,1728,18565 20 1012,13283 115 -6419,2026-05-29 00:11:50,2026-05-30 10:19:11
Cobblestone,950,1.0,2.0,1.0,950.0,czsunny12,/warp czshop,3456,MissLion1997,/warp blue,3456,7446 66 -10075,-1820 73 6162,2026-08-07 08:29:45,2026-05-28 23:31:48
Raw Copper,500,4.4,6.3,1.8999999999999995,949.9999999999998,saltzi,/warp villager trading hall,500,Effortles,/warp sale,3456,7122 33 12214,-13438 -6 4400,2026-05-29 12:31:14,2026-05-29 11:29:25
Bucket,135,3.0,10.0,7.0,945.0,Soup__booty,/warp soupshop,135,Effortles,/warp sale,864,9888 61 -12549,-13444 -5 4367,2026-05-29 11:50:06,2026-05-29 11:28:12
Glowstone,313,2.0,5.0,3.0,939.0,Dwarffles,/warp lidl,3456,Effortles,/warp sale,313,-3920 155 12306,-13468 -4 4383,2026-05-29 00:41:44,2026-07-05 23:19:37
Phantom Membrane,125,5.0,12.5,7.5,937.5,Hobosapian,/warp shopbo,600,FX_02,/warp 1,125,14615 77 -1408,8585 -30 -2004,2026-07-08 23:44:05,2026-05-26 23:51:23
Raw Chicken,3456,0.0,0.27,0.27,933.1200000000001,FX_02,/warp sell me ores,3456,Server,/shop,999999999,-10031 133 3509,0 0 0,2026-05-29 11:33:40,2026-05-31 12:15:00
Raw Copper,775,5.1,6.3,1.2000000000000002,930.0000000000001,AKoopa,/warp koopa,3456,Effortles,/warp sale,3456,13319 113 -6432,-13438 -6 4400,2026-05-30 10:31:06,2026-05-29 11:29:25
Raw Copper,775,5.1,6.3,1.2000000000000002,930.0000000000001,AKoopa,/warp koopa,3456,Effortles,/warp sale,3456,13317 113 -6432,-13437 -4 4400,2026-05-30 10:31:04,2026-05-29 11:29:28
Sugar Cane,1681,0.95,1.5,0.55,924.5500000000001,Soup__booty,/warp soupshop,1681,Dwarffles,/warp bulk sell,1728,9882 59 -12551,-4016 116 12333,2026-05-29 11:49:44,2026-05-28 23:34:19
Cactus,2192,0.42,0.84,0.42,920.64,Store,/warp @,3365,Killablob,/warp killashop,2192,14611 231 7826,11573 72 -5296,2026-05-28 11:26:42,2026-05-30 10:57:03
Prismarine,909,5.0,6.0,1.0,909.0,DaftWeevil2996,/warp ocean city shop,909,Mysticals_,/warp panda,1728,-18206 42 17964,18683 46 -9120,2026-07-01 21:29:41,2026-08-07 08:15:25
Yellow Concrete Powder,904,7.0,8.0,1.0,904.0,Fuzzycuffsqt,/warp 1,1999,Puppies75200,/warp SellConcrete,960,8547 -5 -2033,5193 0 -13470,2026-05-27 00:00:39,2026-05-29 11:38:31
Cherry Sapling,258,4.0,7.5,3.5,903.0,czsunny12,/warp czshop,258,FX_02,/warp 1,506,7466 67 -10093,8592 -42 -2004,2026-08-07 08:30:30,2026-05-26 23:57:43
Spruce Sapling,200,3.0,7.5,4.5,900.0,Alisa12345,/warp shrimp shop,200,Killablob,/warp killashop,3456,-7100 113 -17576,11575 72 -5266,2026-05-29 11:44:23,2026-05-30 11:12:39
Emerald,52,13.0,30.0,17.0,884.0,Soup__booty,/warp soupshop,52,LilOldman,/warp lom,3456,9839 59 -12551,-10322 64 -548,2026-05-29 11:48:32,2026-07-26 19:28:14
Cactus,2207,0.42,0.82,0.39999999999999997,882.8,Store,/warp @,3456,AKoopa,/warp koopa,3456,14615 235 7830,13253 113 -6434,2026-05-28 11:27:31,2026-05-30 10:20:06
Crimson Fungus,135,1.0,7.5,6.5,877.5,SerSicerio,/warp serstore,135,Killablob,/warp killashop,3456,-17618 158 18749,11575 72 -5275,2026-08-07 08:17:40,2026-05-30 11:12:46
Cobbled Deepslate,438,2.0,4.0,2.0,876.0,Ayame989,/warp village hall,438,Store,/warp cob,3390,-9094 63 13800,-6086 -59 -1159,2026-05-29 12:27:27,2026-05-29 11:37:02
Orange Concrete Powder,872,7.0,8.0,1.0,872.0,Fuzzycuffsqt,/warp 1,2107,Puppies75200,/warp SellConcrete,896,8546 -5 -2033,5194 0 -13470,2026-05-27 00:00:38,2026-05-29 11:38:30
Cobblestone,495,0.25,2.0,1.75,866.25,Store,/warp @,559,MissLion1997,/warp blue,3456,14627 234 7882,-1823 75 6162,2026-05-28 11:25:53,2026-05-28 23:31:40
Melon,500,1.0,2.73,1.73,865.0,MaddysinLeigh,/warp 909mall,500,Allyri,/warp ri,3456,8906 65 -13489,-5234 175 -4853,2026-05-30 12:59:35,2026-05-29 11:22:18
Granite,1728,1.0,1.5,0.5,864.0,Hobosapian,/warp shopbo,1728,Crazy69,/warp crazysshop,3456,14596 77 -1406,-11782 65 15208,2026-07-08 23:45:29,2026-08-07 08:27:19
Jungle Sapling,192,3.0,7.5,4.5,864.0,Alisa12345,/warp shrimp shop,192,FX_02,/warp 1,3002,-7100 115 -17576,8591 -40 -2004,2026-05-29 11:44:24,2026-05-26 23:57:40
Crimson Stem,428,8.0,10.0,2.0,856.0,Hobosapian,/warp shopbo,428,Polite_player,/warp sell materials,3456,14602 75 -1418,-19266 71 9328,2026-07-08 23:45:16,2026-07-06 10:08:27
Jungle Log,212,2.0,6.0,4.0,848.0,Ayame989,/warp village hall,212,Effortles,/warp sale,3456,-9077 70 13789,-13430 -4 4376,2026-05-29 12:29:37,2026-05-29 11:28:53
Warped Fungus,187,3.0,7.5,4.5,841.5,celticpiping,/warp celt,188,Killablob,/warp killashop,3456,4762 -35 -13226,11575 72 -5276,2026-05-28 23:55:39,2026-05-30 11:12:46
Moss Block,832,2.0,3.0,1.0,832.0,glossycherry,/warp cherry shop,832,FX_02,/warp 1,847,-12100 6 192,8597 -32 -2015,2026-05-29 00:01:20,2026-05-26 23:53:46
Stone,1052,1.0,1.79,0.79,831.08,celticpiping,/warp celt,3456,Killablob,/warp killashop,2704,4798 -42 -13250,11538 72 -5229,2026-05-28 23:50:54,2026-05-30 10:39:46
Netherrack,3175,1.0,1.26,0.26,825.5,celticpiping,/warp celt,3456,Allyri,/warp ri,3175,4765 -49 -13212,-5263 174 -4808,2026-05-28 23:55:04,2026-05-29 11:21:10
Cobblestone,825,1.0,2.0,1.0,825.0,Crazy69,/warp crazysshop,3456,MissLion1997,/warp blue,3456,-11786 63 15208,-1823 71 6162,2026-08-07 08:27:08,2026-05-28 23:31:44
Nether Wart,206,1.0,5.0,4.0,824.0,Abbie_Kills,/warp decor,206,Dwarffles,/warp bulk sell,3456,18580 26 959,-4017 118 12338,2026-05-29 00:16:21,2026-05-28 23:34:01
Cobbled Deepslate,328,1.5,4.0,2.5,820.0,Alisa12345,/warp shrimp shop,328,Store,/warp cob,3456,-7117 115 -17576,-6084 -59 -1159,2026-05-29 11:44:00,2026-05-29 11:37:05
Acacia Leaves,817,2.0,3.0,1.0,817.0,Abbie_Kills,/warp decor,817,AKoopa,/warp koopa,3270,18593 22 1013,13310 115 -6488,2026-05-29 00:11:18,2026-05-30 10:27:22
Sugar Cane,811,0.5,1.5,1.0,811.0,iTzzMegawox,/warp fifodeals,2880,Dwarffles,/warp bulk sell,3456,-12645 -57 16125,-4016 118 12333,2026-05-29 00:33:50,2026-05-28 23:34:18
Birch Log,809,4.0,5.0,1.0,809.0,celticpiping,/warp celt,2006,FX_02,/warp 1,1558,4757 -44 -13218,8588 -42 -2004,2026-05-28 23:54:07,2026-05-26 23:57:49
Bone Block,537,1.0,2.5,1.5,805.5,basilpesto17,/warp one,537,FX_02,/warp 1,3085,4237 150 6867,8586 -33 -2020,2026-05-29 10:56:36,2026-05-26 23:52:25
Red Terracotta,1610,4.5,5.0,0.5,805.0,Harmony_Gold_,/warp wood shop,1610,Dani3537,/warp daniwarp,1728,-6148 25 1403,10637 93 -13168,2026-05-29 12:41:00,2026-05-29 00:07:18
Iron Ingot,107,0.0,7.5,7.5,802.5,TurtylBro,/warp free iron,107,FX_02,/warp 1,368,-18684 63 7372,8601 -42 -2010,2026-05-29 00:34:33,2026-06-23 23:35:43
Lime Concrete Powder,802,7.0,8.0,1.0,802.0,Fuzzycuffsqt,/warp 1,1920,Puppies75200,/warp SellConcrete,843,8548 -5 -2033,5192 0 -13470,2026-05-27 00:00:40,2026-05-29 11:38:32
Tinted Glass,160,10.0,15.0,5.0,800.0,celticpiping,/warp celt,160,Effortles,/warp sale,3456,4785 -44 -13242,-13447 -5 4372,2026-05-28 23:43:04,2026-07-05 23:16:44
Soul Lantern,394,6.0,8.0,2.0,788.0,Exestive,/warp luxeria,394,Effortles,/warp sale,3456,9816 151 16216,-13458 -5 4395,2026-05-29 00:43:43,2026-05-29 11:27:23
Rooted Dirt,315,10.0,12.5,2.5,787.5,will1608,/warp shopwill,1106,FX_02,/warp 1,347,16752 72 -16841,8595 -40 -2020,2026-05-29 11:43:02,2026-05-26 23:59:12
Diorite,3144,1.25,1.5,0.25,786.0,LancedmitriIV,/warp nethersunny,3144,Crazy69,/warp crazysshop,3456,14225 77 3603,-11780 65 15208,2026-05-29 10:40:59,2026-08-07 08:27:21
Spruce Sapling,313,5.0,7.5,2.5,782.5,tazrar,/warp farm stuff,313,FX_02,/warp 1,3366,17346 72 11852,8594 -41 -2004,2026-05-29 00:28:50,2026-05-26 23:57:35
Cobblestone,782,1.0,2.0,1.0,782.0,celticpiping,/warp celt,3456,MissLion1997,/warp blue,3456,4797 -46 -13255,-1820 73 6162,2026-05-28 23:51:18,2026-05-28 23:31:48
Pale Oak Log,387,4.0,6.0,2.0,774.0,HoboNova,/warp shopbo,387,Crazy69,/warp crazysshop,3456,14596 75 -1419,-11758 65 15208,2026-05-29 11:41:00,2026-08-07 08:28:17
Birch Sapling,309,5.0,7.5,2.5,772.5,tazrar,/warp farm stuff,309,FX_02,/warp 1,1458,17346 72 11848,8594 -42 -2004,2026-05-29 00:28:56,2026-05-26 23:57:33
Warped Nylium,384,4.0,6.0,2.0,768.0,Harmony_Gold_,/warp wood shop,384,SerSicerio,/warp serstore,3456,-6133 25 1410,-17627 159 18748,2026-05-29 12:41:41,2026-08-07 08:17:58
Firework Rocket,769,0.01,1.0,0.99,761.31,HoboNova,/warp shopbo,1272,_ZippyCastle5557,/warp zippyworld,3456,14620 75 -1407,-12392 75 -9787,2026-05-29 11:40:17,2026-07-01 21:28:15
Dark Prismarine,108,13.0,20.0,7.0,756.0,MaddysinLeigh,/warp maddy's mega mall,108,Mysticals_,/warp panda,3456,-9022 73 -9398,18681 46 -9124,2026-05-29 00:55:02,2026-08-07 08:15:27
Raw Gold,274,12.25,15.0,2.75,753.5,saltzi,/warp villager trading hall,274,SerSicerio,/warp serstore,3456,7123 33 12209,-17665 159 18754,2026-05-29 12:31:18,2026-08-07 08:18:27
Hopper,149,40.0,45.0,5.0,745.0,Hobosapian,/warp shopbo,165,dak5h,/warp dak,149,14620 77 -1415,-11601 44 -565,2026-07-08 23:43:25,2026-07-04 17:52:04
Raw Porkchop,2755,0.0,0.27,0.27,743.85,FX_02,/warp sell me ores,2755,Server,/shop,999999999,-10039 133 3509,0 0 0,2026-05-29 11:33:33,2026-05-31 12:15:00
Block of Bamboo,371,1.0,3.0,2.0,742.0,Dwarffles,/warp lidl,3456,kaaip,/warp one,640,-3917 154 12319,4235 152 6862,2026-05-29 00:41:57,2026-05-29 10:57:25
Sand,724,3.0,4.0,1.0,724.0,emattj1s,/warp hideout,724,Dwarffles,/warp bulk sell,3456,-14429 -24 -326,-4013 116 12336,2026-08-01 22:48:11,2026-05-28 23:34:26
Iron Trapdoor,143,20.0,25.0,5.0,715.0,RyRavioli,/warp buyingspawners,143,FX_02,/warp 1,2987,-10021 71 3180,8591 -38 -2004,2026-05-28 23:39:26,2026-05-26 23:55:12
Oak Log,712,4.0,5.0,1.0,712.0,AKoopa,/warp koopa,2711,FX_02,/warp 1,3456,13315 114 -6493,8588 -40 -2004,2026-05-30 10:27:40,2026-05-26 23:57:53
Dirt,709,1.0,2.0,1.0,709.0,Crazy69,/warp crazysshop,3328,AKoopa,/warp koopa,2656,-11791 63 15208,13257 115 -6479,2026-08-07 08:27:12,2026-05-30 10:21:52
Stone,896,1.0,1.79,0.79,707.84,celticpiping,/warp celt,896,Killablob,/warp killashop,2704,4796 -43 -13250,11538 72 -5229,2026-05-28 23:50:55,2026-05-30 10:39:46
Cobblestone,704,1.0,2.0,1.0,704.0,Crazy69,/warp crazysshop,3456,MissLion1997,/warp blue,3456,-11786 63 15208,-1820 73 6162,2026-08-07 08:27:08,2026-05-28 23:31:48
White Wool,1405,0.0,0.5,0.5,702.5,Bonusmile,/warp free wool,3456,Dani3537,/warp daniwarp,1405,11263 112 -11997,10637 93 -13156,2026-05-29 00:34:47,2026-05-29 00:06:56
Prismarine,699,5.0,6.0,1.0,699.0,NoWaterJustIce,/warp prismarine+,3416,Mysticals_,/warp panda,1728,-13334 288 8296,18683 46 -9120,2026-05-29 11:13:47,2026-08-07 08:15:25
Calcite,694,4.0,5.0,1.0,694.0,czsunny12,/warp czshop,694,Effortles,/warp sale,3456,7448 66 -10075,-13467 -4 4400,2026-08-07 08:29:46,2026-05-29 11:30:06
Cobbled Deepslate,277,1.5,4.0,2.5,692.5,MatsmitGlatz,/warp blockmart,3200,Store,/warp cob,3390,12382 77 -9893,-6086 -59 -1159,2026-05-28 23:28:47,2026-05-29 11:37:02
Tube Coral Fan,46,5.0,20.0,15.0,690.0,celticpiping,/warp celt,46,NoWaterJustIce,/warp 1,3456,4742 -35 -13226,8584 -27 -2010,2026-05-28 23:56:01,2026-05-26 23:48:50
Iron Ingot,106,1.0,7.5,6.5,689.0,Chijoku,/warp chi,3456,FX_02,/warp 1,368,-11717 133 -10121,8601 -42 -2010,2026-05-29 00:03:49,2026-06-23 23:35:43
Oak Sapling,125,2.0,7.5,5.5,687.5,Harmony_Gold_,/warp wood shop,125,Killablob,/warp killashop,1946,-6178 28 1402,11575 72 -5268,2026-05-29 12:33:50,2026-05-30 11:12:41
Dark Oak Leaves,342,1.0,3.0,2.0,684.0,tazrar,/warp farm stuff,342,AKoopa,/warp koopa,3456,17348 69 11853,13320 115 -6494,2026-05-29 00:28:48,2026-05-30 10:27:46
Splash Potion,9,50.0,125.0,75.0,675.0,Harmony_Gold_,/warp wood shop,17,FX_02,/warp 1,9,-6138 25 1449,8591 -33 -2004,2026-05-29 12:42:53,2026-05-26 23:51:11
Red Sandstone,443,6.0,7.5,1.5,664.5,Abbie_Kills,/warp decor,443,SpaghettiPasta,/warp one,3456,18605 27 975,4238 152 6876,2026-05-29 00:15:50,2026-05-29 10:53:42
Deepslate,1389,1.0,1.47,0.47,652.8299999999999,celticpiping,/warp celt,3456,Allyri,/warp ri,3456,4733 -44 -13281,-5230 175 -4789,2026-05-28 23:47:25,2026-05-29 11:18:11
Raw Iron,100,2.0,8.5,6.5,650.0,Ayame989,/warp village hall,100,Dwarffles,/warp bulk sell,3456,-9092 67 13786,-4018 117 12334,2026-05-29 12:28:02,2026-05-28 23:34:13
Netherrack,2495,1.0,1.26,0.26,648.7,emattj1s,/warp hideout,3456,Allyri,/warp ri,3119,-14421 -25 -322,-5263 174 -4806,2026-08-01 22:47:37,2026-05-29 11:21:08
Gravel,1292,3.5,4.0,0.5,646.0,Soup__booty,/warp soupshop,1656,Allyri,/warp ri,3456,9834 59 -12554,-5238 172 -4789,2026-05-29 11:48:24,2026-05-29 11:18:20
Tuff,896,3.0,3.72,0.7200000000000002,645.1200000000001,emattj1s,/warp hideout,3456,Allyri,/warp ri,3456,-14430 -25 -322,-5236 175 -4788,2026-08-01 22:47:47,2026-05-29 11:18:17
Glass,213,2.0,5.0,3.0,639.0,DaftWeevil2996,/warp ocean city shop,213,Crazy69,/warp crazysshop,1728,-18205 42 17970,-11789 65 15215,2026-07-01 21:29:29,2026-05-27 11:47:49
Birch Sapling,105,1.5,7.5,6.0,630.0,czsunny12,/warp czshop,105,FX_02,/warp 1,1458,7466 66 -10090,8594 -42 -2004,2026-08-07 08:30:27,2026-05-26 23:57:33
Dark Oak Log,629,4.0,5.0,1.0,629.0,celticpiping,/warp celt,629,FX_02,/warp 1,3456,4763 -42 -13218,8585 -41 -2004,2026-05-28 23:54:12,2026-05-26 23:57:57
Deepslate,1333,1.0,1.47,0.47,626.51,celticpiping,/warp celt,3456,Allyri,/warp ri,3456,4735 -44 -13281,-5230 175 -4789,2026-05-28 23:47:29,2026-05-29 11:18:11
Deepslate,1333,1.0,1.47,0.47,626.51,celticpiping,/warp celt,3456,Allyri,/warp ri,3456,4737 -45 -13282,-5227 174 -4789,2026-05-28 23:47:31,2026-05-29 11:18:09
Gilded Blackstone,125,45.0,50.0,5.0,625.0,pao_7,/warp soul shop,125,Ser_Sicerio,/warp serstore,3456,4790 -48 -13315,-17622 159 18748,2026-05-29 11:47:30,2026-05-26 09:37:27
Gunpowder,345,0.2,2.0,1.8,621.0,TycoRC,/warp !tyco's shop,2141,Effortles,/warp sale,3456,-1760 35 3341,-13448 -5 4372,2026-05-28 11:23:51,2026-05-29 11:28:01
Cherry Sapling,248,5.0,7.5,2.5,620.0,tazrar,/warp farm stuff,747,FX_02,/warp 1,506,17350 72 11852,8592 -42 -2004,2026-05-29 00:28:45,2026-05-26 23:57:43
Cobbled Deepslate,205,1.0,4.0,3.0,615.0,celticpiping,/warp celt,3456,Store,/warp cob,3456,4740 -46 -13277,-6084 -59 -1159,2026-05-28 23:47:39,2026-05-29 11:37:05
Birch Leaves,869,2.3,3.0,0.7000000000000002,608.3000000000002,kiwi_241,/warp v.i.p room,869,AKoopa,/warp koopa,3456,-1418 67 -2449,13310 115 -6491,2026-05-29 12:23:54,2026-05-30 10:27:26
Firework Rocket,2432,0.75,1.0,0.25,608.0,TycoRC,/warp !tyco's shop,2432,_ZippyCastle5557,/warp zippyworld,3456,-1747 42 3324,-12392 75 -9787,2026-05-28 11:23:18,2026-07-01 21:28:15
Nether Quartz,462,5.0,6.3,1.2999999999999998,600.5999999999999,celticpiping,/warp celt,462,Effortles,/warp sale,3456,4752 -37 -13226,-13468 -4 4382,2026-06-14 12:20:01,2026-07-08 23:39:26
Iron Ingot,80,0.0,7.5,7.5,600.0,TurtylBro,/warp free iron,80,FX_02,/warp 1,368,-18685 63 7372,8601 -42 -2010,2026-05-29 00:34:34,2026-06-23 23:35:43
Horn Coral Fan,40,5.0,20.0,15.0,600.0,celticpiping,/warp celt,40,NoWaterJustIce,/warp 1,3092,4748 -35 -13225,8580 -28 -2010,2026-05-28 23:55:54,2026-05-26 23:48:57
Warped Fungus,240,5.0,7.5,2.5,600.0,Abbie_Kills,/warp decor,240,Killablob,/warp killashop,3456,18599 22 965,11575 72 -5276,2026-05-29 00:13:26,2026-05-30 11:12:46
Raw Chicken,2217,0.0,0.27,0.27,598.59,FX_02,/warp sell me ores,2217,Server,/shop,999999999,-10031 134 3510,0 0 0,2026-05-29 11:34:06,2026-05-31 12:15:00
Stone,756,1.0,1.79,0.79,597.24,celticpiping,/warp celt,756,Killablob,/warp killashop,2704,4796 -44 -13250,11538 72 -5229,2026-05-28 23:50:56,2026-05-30 10:39:46
Gravel,296,2.0,4.0,2.0,592.0,Ayame989,/warp village hall,1326,Allyri,/warp ri,3456,-9080 63 13800,-5240 175 -4789,2026-05-29 12:27:17,2026-05-29 11:18:22
Waxed Copper Bulb,59,10.0,20.0,10.0,590.0,celticpiping,/warp celt,59,AKoopa,/warp koopa,1728,4736 -35 -13250,13303 114 -6418,2026-05-28 23:56:30,2026-05-30 10:32:22
Netherrack,2248,1.0,1.26,0.26,584.48,celticpiping,/warp celt,3456,Allyri,/warp ri,3456,4766 -48 -13216,-5263 175 -4806,2026-05-28 23:55:07,2026-05-29 11:21:09
Crimson Stem,146,6.0,10.0,4.0,584.0,Alisa12345,/warp shrimp shop,146,Polite_player,/warp sell materials,3456,-7087 115 -17567,-19266 71 9328,2026-05-29 11:44:49,2026-07-06 10:08:27
Glass,580,4.0,5.0,1.0,580.0,Hobosapian,/warp shopbo,2646,Crazy69,/warp crazysshop,1608,14596 75 -1411,-11728 65 15198,2026-07-08 23:45:23,2026-08-07 08:29:00
Pumpkin Seeds,1157,0.5,1.0,0.5,578.5,Crazy69,/warp crazysshop,3456,FX_02,/warp 1,1157,-11764 63 15203,8584 -38 -2006,2026-08-07 08:27:40,2026-05-26 23:55:31
Mud,128,3.0,7.5,4.5,576.0,glossycherry,/warp cherry shop,128,FX_02,/warp 1,2896,-12113 9 178,8595 -42 -2020,2026-05-29 00:02:02,2026-05-26 23:59:08
Mushroom Stem,192,12.0,15.0,3.0,576.0,glossycherry,/warp cherry shop,192,Effortles,/warp sale,3456,-12113 8 195,-13468 -4 4391,2026-05-29 00:01:42,2026-05-29 11:30:36
Raw Copper,478,5.1,6.3,1.2000000000000002,573.6000000000001,AKoopa,/warp koopa,3456,Effortles,/warp sale,3456,13318 113 -6432,-13438 -6 4400,2026-05-30 10:31:05,2026-05-29 11:29:25
Oak Sapling,81,0.5,7.5,7.0,567.0,MissLion1997,/warp treefarm,1229,FX_02,/warp 1,81,-4228 104 3713,8594 -40 -2004,2026-05-29 11:53:17,2026-05-26 23:57:37
Glowstone,1344,2.0,2.42,0.41999999999999993,564.4799999999999,Dwarffles,/warp lidl,1713,Allyri,/warp ri,1344,-3920 154 12307,-5262 172 -4852,2026-05-29 00:41:44,2026-05-29 11:21:51
Iron Ore,93,24.0,30.0,6.0,558.0,MaddysinLeigh,/warp maddy's mega mall,93,SerSicerio,/warp serstore,3456,-8971 73 -9408,-17664 159 18759,2026-05-29 00:54:10,2026-08-07 08:18:52
Crimson Nylium,278,4.0,6.0,2.0,556.0,Soup__booty,/warp soupshop,278,SerSicerio,/warp serstore,3456,9888 59 -12554,-17630 159 18748,2026-05-29 11:50:08,2026-08-07 08:17:55
Magma Cream,278,1.0,3.0,2.0,556.0,Dwarffles,/warp lidl,1728,Dani3537,/warp daniwarp,1728,-3912 156 12320,10645 93 -13154,2026-05-31 13:10:06,2026-05-29 00:08:41
Bubble Coral Fan,37,5.0,20.0,15.0,555.0,celticpiping,/warp celt,37,NoWaterJustIce,/warp 1,3084,4740 -35 -13226,8583 -27 -2014,2026-05-28 23:56:03,2026-05-26 23:49:11
Pale Oak Sapling,158,4.0,7.5,3.5,553.0,czsunny12,/warp czshop,158,FX_02,/warp 1,2788,7466 66 -10093,8591 -43 -2004,2026-05-27 11:33:14,2026-05-26 23:57:45
Book,65,1.5,10.0,8.5,552.5,midwu,/warp panda,65,Effortles,/warp sale,3456,15666 71 11979,-13446 -5 4367,2026-08-07 08:14:57,2026-07-05 11:21:12
Lever,1086,2.0,2.5,0.5,543.0,Exestive,/warp luxeria,1086,FX_02,/warp 1,2940,9832 167 16226,8588 -36 -2004,2026-05-29 00:47:19,2026-05-26 23:55:18
Cherry Leaves,361,1.5,3.0,1.5,541.5,Harmony_Gold_,/warp wood shop,361,AKoopa,/warp koopa,3456,-6165 28 1449,13310 115 -6494,2026-05-29 12:43:29,2026-05-30 10:27:32
Block of Bamboo,269,1.0,3.0,2.0,538.0,Ayame989,/warp village hall,269,kaaip,/warp one,640,-9077 70 13795,4235 152 6862,2026-05-29 12:29:34,2026-05-29 10:57:25
Soul Lantern,119,3.5,8.0,4.5,535.5,Hobosapian,/warp shopbo,119,Effortles,/warp sale,3456,14620 77 -1416,-13458 -5 4395,2026-07-08 23:43:24,2026-05-29 11:27:23
Sea Pickle,267,1.0,3.0,2.0,534.0,MaddysinLeigh,/warp maddy's mega mall,267,NoWaterJustIce,/warp 1,2938,-9022 73 -9404,8575 -26 -2007,2026-05-29 00:55:05,2026-05-26 23:48:22
Block of Bamboo,1055,2.0,2.5,0.5,527.5,Chijoku,/warp chi,1055,Allyri,/warp ri,2420,-11715 133 -10133,-5198 175 -4845,2026-05-29 00:04:03,2026-05-29 11:23:02
Obsidian,52,30.0,40.0,10.0,520.0,DaftWeevil2996,/warp ocean city shop,52,AKoopa,/warp koopa,3456,-18209 42 17970,13254 115 -6494,2026-07-01 21:29:32,2026-06-23 00:48:02
Rotten Flesh,3456,0.1,0.25,0.15,518.4,MaddysinLeigh,/warp maddy's mega mall,3456,kaaip,/warp one,3456,-8972 73 -9458,4281 150 6814,2026-05-29 00:52:54,2026-05-29 10:49:25
Glass,516,4.0,5.0,1.0,516.0,Soup__booty,/warp soupshop,3456,Crazy69,/warp crazysshop,1608,9877 59 -12551,-11728 65 15198,2026-05-29 11:49:41,2026-08-07 08:29:00
Glass,516,4.0,5.0,1.0,516.0,Harmony_Gold_,/warp wood shop,516,Crazy69,/warp crazysshop,1728,-6128 27 1403,-11728 65 15194,2026-05-29 12:41:53,2026-05-27 11:50:46
Pale Oak Sapling,205,5.0,7.5,2.5,512.5,Exestive,/warp luxeria,205,FX_02,/warp 1,2788,9832 176 16216,8591 -43 -2004,2026-05-29 00:47:50,2026-05-26 23:57:45
Basalt,256,3.0,5.0,2.0,512.0,TurtylBro,/warp netherite,256,saltzi,/warp villager trading hall,3456,6856 40 10855,7129 33 12217,2026-05-29 10:35:58,2026-05-29 12:31:10
Horn Coral Fan,102,15.0,20.0,5.0,510.0,MaddysinLeigh,/warp maddy's mega mall,102,NoWaterJustIce,/warp 1,3092,-9011 72 -9398,8580 -28 -2010,2026-05-29 00:54:59,2026-05-26 23:48:57
Iron Ore,51,20.0,30.0,10.0,510.0,RubberDucky7474,/warp nethersunny,51,SerSicerio,/warp serstore,3456,14236 68 3605,-17664 159 18759,2026-05-29 10:38:30,2026-08-07 08:18:52
String,2304,0.1,0.32,0.22,506.88,czsunny12,/warp czshop,3392,kaaip,/warp one,3456,7460 66 -10067,4249 150 6814,2026-08-07 08:31:20,2026-05-29 10:48:36
Raw Copper,220,4.0,6.3,2.3,505.99999999999994,emattj1s,/warp hideout,220,Effortles,/warp sale,3456,-14397 -24 -326,-13436 -4 4400,2026-08-01 22:48:52,2026-05-29 11:29:29
Netherrack,624,0.45,1.26,0.81,505.44000000000005,glossycherry,/warp cherry shop,624,Allyri,/warp ri,3119,-12100 9 178,-5263 174 -4806,2026-05-29 00:01:04,2026-05-29 11:21:08
Pale Oak Sapling,144,4.0,7.5,3.5,504.0,Alisa12345,/warp shrimp shop,144,FX_02,/warp 1,2788,-7100 114 -17576,8591 -43 -2004,2026-05-29 11:44:23,2026-05-26 23:57:45
Lapis Lazuli,417,3.0,4.2,1.2000000000000002,500.4000000000001,Hobosapian,/warp shopbo,2704,Allyri,/warp ri,3321,14615 75 -1402,-5206 172 -4789,2026-07-08 23:43:52,2026-05-29 11:17:45
Cactus,1249,0.42,0.82,0.39999999999999997,499.59999999999997,Store,/warp @,1275,AKoopa,/warp koopa,3456,14611 231 7818,13253 113 -6434,2026-05-28 11:26:45,2026-05-30 10:20:06
Iron Ingot,178,1.2,4.0,2.8,498.4,Soup__booty,/warp soupshop,2639,MaddysinLeigh,/warp maddy's mega mall,3405,9835 59 -12551,-8970 74 -9404,2026-05-29 11:48:14,2026-05-29 00:54:14
Cobblestone,495,1.0,2.0,1.0,495.0,Soup__booty,/warp soupshop,3456,MissLion1997,/warp blue,3456,9839 59 -12554,-1823 72 6162,2026-05-29 11:48:40,2026-05-28 23:31:44
Bubble Coral Fan,99,15.0,20.0,5.0,495.0,MaddysinLeigh,/warp maddy's mega mall,99,NoWaterJustIce,/warp 1,3084,-9011 73 -9408,8583 -27 -2014,2026-05-29 00:54:56,2026-05-26 23:49:11
Honey Block,99,35.0,40.0,5.0,495.0,Abbie_Kills,/warp decor,99,Dani3537,/warp daniwarp,1728,18605 29 1001,10637 93 -13160,2026-05-29 00:14:48,2026-05-29 00:07:03
End Rod,395,3.75,5.0,1.25,493.75,Harmony_Gold_,/warp wood shop,395,Effortles,/warp sale,3456,-6139 25 1438,-13453 -5 4395,2026-05-29 12:42:39,2026-05-29 11:27:27
Sunny Chestplate,7,50.0,120.0,70.0,490.0,Hobosapian,/warp shopbo,11,AKoopa,/warp koopa,27,14601 77 -1410,13252 114 -6461,2026-07-08 23:45:52,2026-05-30 10:21:06
Deepslate,3244,1.0,1.15,0.1499999999999999,486.59999999999974,celticpiping,/warp celt,3456,Soup__booty,/warp soupshop,3244,4733 -46 -13281,9850 61 -12556,2026-05-28 23:47:26,2026-05-29 11:49:02
Dark Oak Log,160,2.0,5.0,3.0,480.0,Ayame989,/warp village hall,160,Effortles,/warp sale,1207,-9077 70 13785,-13430 -4 4374,2026-05-29 12:29:39,2026-05-29 11:28:54
Iron Ingot,63,0.0,7.5,7.5,472.5,TurtylBro,/warp free iron,63,FX_02,/warp 1,368,-18683 63 7372,8601 -42 -2010,2026-05-29 00:34:32,2026-06-23 23:35:43
Block of Redstone,960,0.01,0.5,0.49,470.4,Chijoku,/warp chi,3456,FX_02,/warp 1,3456,-11713 135 -10122,8601 -35 -2009,2026-05-29 00:03:45,2026-05-26 23:54:08
Cherry Log,234,4.0,6.0,2.0,468.0,celticpiping,/warp celt,234,Effortles,/warp sale,3456,4762 -44 -13224,-13430 -4 4378,2026-05-28 23:54:34,2026-05-29 11:28:51
Glow Ink Sac,234,6.0,8.0,2.0,468.0,Alisa12345,/warp shrimp shop,234,Effortles,/warp sale,3456,-7122 114 -17577,-13443 -5 4372,2026-05-29 11:43:51,2026-05-29 11:27:58
Tinted Glass,46,5.0,15.0,10.0,460.0,Ayame989,/warp village hall,46,Effortles,/warp sale,3456,-9084 67 13800,-13447 -5 4372,2026-05-29 12:27:41,2026-07-05 23:16:44
Wind Charge,1823,0.5,0.75,0.25,455.75,Hobosapian,/warp shopbo,3440,_ZippyCastle5557,/warp zippyworld,1823,14615 75 -1412,-12418 75 -9808,2026-07-08 23:44:09,2026-07-01 21:26:05
Arrow,1420,0.0,0.32,0.32,454.40000000000003,FX_02,/warp 1,1420,kaaip,/warp one,3456,8571 -33 -2044,4262 151 6813,2026-06-01 17:34:16,2026-05-29 10:48:56
Arrow,1414,0.0,0.32,0.32,452.48,FX_02,/warp 1,1414,kaaip,/warp one,3456,8571 -32 -2044,4263 151 6813,2026-06-01 17:34:21,2026-05-29 10:48:55
Arrow,1408,0.0,0.32,0.32,450.56,FX_02,/warp 1,1408,kaaip,/warp one,3456,8571 -30 -2044,4263 151 6813,2026-06-01 17:34:40,2026-05-29 10:48:55
Splash Potion,6,50.0,125.0,75.0,450.0,Harmony_Gold_,/warp wood shop,17,FX_02,/warp 1,6,-6138 25 1449,8594 -31 -2004,2026-05-29 12:42:53,2026-05-26 23:51:02
Cherry Log,447,4.0,5.0,1.0,447.0,midwu,/warp panda,1405,Crazy69,/warp crazysshop,3456,15666 71 11953,-11762 65 15208,2026-08-07 08:13:49,2026-08-07 08:28:19
Mushroom Stem,35,2.5,15.0,12.5,437.5,kiwi_241,/warp v.i.p room,35,Effortles,/warp sale,3456,-1417 63 -2522,-13468 -4 4391,2026-05-29 12:22:37,2026-05-29 11:30:36
Waxed Copper Bulb,29,5.0,20.0,15.0,435.0,Ayame989,/warp village hall,29,AKoopa,/warp koopa,1728,-9094 63 13786,13303 114 -6418,2026-05-29 12:27:55,2026-05-30 10:32:22
Andesite,1449,1.2,1.5,0.30000000000000004,434.70000000000005,Harmony_Gold_,/warp wood shop,2019,Effortles,/warp sale,3456,-6125 25 1416,-13448 -4 4362,2026-05-29 12:41:58,2026-05-29 11:31:24
Tuff,434,3.0,4.0,1.0,434.0,MatsmitGlatz,/warp blockmart,2192,SerSicerio,/warp serstore,3456,12383 77 -9893,-17617 159 18769,2026-05-28 23:28:48,2026-08-07 08:16:39
Raw Copper,1445,6.0,6.3,0.2999999999999998,433.4999999999997,Killablob,/warp killashop,3456,Effortles,/warp sale,3456,11598 70 -5249,-13438 -6 4400,2026-05-30 10:35:43,2026-05-29 11:29:25
Crimson Stem,108,6.0,10.0,4.0,432.0,emattj1s,/warp hideout,108,Polite_player,/warp sell materials,3456,-14396 -24 -341,-19266 71 9328,2026-08-01 23:28:02,2026-07-06 10:08:27
Lapis Lazuli,357,3.0,4.2,1.2000000000000002,428.4000000000001,HoboNova,/warp shopbo,2048,Allyri,/warp ri,3456,14620 75 -1410,-5208 172 -4789,2026-05-29 11:40:15,2026-05-29 11:17:49
Sand,425,3.0,4.0,1.0,425.0,Hobosapian,/warp shopbo,2386,Dwarffles,/warp bulk sell,2304,14596 75 -1412,-4013 117 12338,2026-07-08 23:45:22,2026-05-28 23:34:29
Andesite,188,0.75,3.0,2.25,423.0,Alisa12345,/warp shrimp shop,188,SerSicerio,/warp serstore,3456,-7120 114 -17576,-17616 159 18753,2026-05-29 11:43:58,2026-08-07 08:17:37
Birch Log,421,4.0,5.0,1.0,421.0,kiwi_241,/warp v.i.p room,421,FX_02,/warp 1,1558,-1419 63 -2449,8588 -42 -2004,2026-05-29 12:23:52,2026-05-26 23:57:49
Tuff,205,2.0,4.0,2.0,410.0,Ayame989,/warp village hall,205,Effortles,/warp sale,1897,-9097 63 13800,-13442 -4 4362,2026-05-29 12:27:29,2026-05-29 11:31:20
Coal Ore,51,2.0,10.0,8.0,408.0,Dani3537,/warp daniwarp,51,Effortles,/warp sale,1832,10649 92 -13166,-13441 -4 4400,2026-05-29 00:09:18,2026-08-07 09:25:34
Dark Oak Log,408,4.0,5.0,1.0,408.0,Hobosapian,/warp shopbo,1863,FX_02,/warp 1,3456,14599 75 -1418,8585 -41 -2004,2026-07-08 23:44:29,2026-05-26 23:57:57
Birch Sapling,74,2.0,7.5,5.5,407.0,Harmony_Gold_,/warp wood shop,74,Killablob,/warp killashop,3456,-6177 28 1403,11575 72 -5267,2026-05-29 12:33:50,2026-05-30 11:12:40
Feather,542,0.25,1.0,0.75,406.5,Harmony_Gold_,/warp wood shop,1728,FX_02,/warp 1,542,-6147 25 1449,8595 -37 -2020,2026-05-29 12:43:05,2026-05-26 23:56:43
Tube Coral Fan,27,5.0,20.0,15.0,405.0,Abbie_Kills,/warp decor,27,NoWaterJustIce,/warp 1,3456,18605 20 973,8584 -27 -2010,2026-05-29 00:13:40,2026-05-26 23:48:50
Redstone Dust,447,0.1,1.0,0.9,402.3,oliviakat123,/warp potions3,447,Crazy69,/warp crazysshop,3456,-17912 78 18899,-11784 65 15203,2026-05-29 11:11:25,2026-08-07 08:27:34
Mushroom Stem,40,5.0,15.0,10.0,400.0,Alisa12345,/warp shrimp shop,40,Effortles,/warp sale,3456,-7087 112 -17564,-13468 -4 4391,2026-05-29 11:44:55,2026-05-29 11:30:36
Breeze Rod,531,0.0,0.75,0.75,398.25,TycoRC,/warp xp grinder,531,_ZippyCastle5557,/warp zippyworld,3456,-1710 51 3399,-12419 75 -9806,2026-05-29 12:39:42,2026-07-01 21:24:31
Ender Pearl,198,10.0,12.0,2.0,396.0,celticpiping,/warp celt,198,Effortles,/warp sale,445,4752 -44 -13231,-13442 -5 4372,2026-05-28 23:53:29,2026-07-01 21:04:51
Spruce Leaves,396,2.0,3.0,1.0,396.0,Abbie_Kills,/warp decor,396,AKoopa,/warp koopa,3456,18590 22 1014,13325 115 -6491,2026-05-29 00:11:20,2026-05-30 10:27:55
Tuff,1787,3.5,3.72,0.2200000000000002,393.1400000000003,Crazy69,/warp crazysshop,3456,Allyri,/warp ri,3456,-11784 63 15222,-5234 175 -4788,2026-05-27 11:45:03,2026-05-29 11:18:16
Fire Coral Fan,26,5.0,20.0,15.0,390.0,celticpiping,/warp celt,26,NoWaterJustIce,/warp 1,3456,4744 -35 -13225,8583 -28 -2015,2026-05-28 23:55:59,2026-05-26 23:49:05
Spectral Arrow,385,1.0,2.0,1.0,385.0,Harmony_Gold_,/warp wood shop,385,emattj1s,/warp hideout,1744,-6154 25 1442,-14421 -24 -330,2026-05-29 12:43:15,2026-08-01 22:43:22
Sugar Cane,382,0.5,1.5,1.0,382.0,iTzzMegawox,/warp fifodeals,2880,FX_02,/warp 1,382,-12645 -57 16125,8584 -35 -2018,2026-05-29 00:33:50,2026-05-26 23:56:10
Obsidian,38,30.0,40.0,10.0,380.0,Hobosapian,/warp shopbo,38,AKoopa,/warp koopa,3456,14597 75 -1402,13254 115 -6494,2026-07-08 23:45:59,2026-06-23 00:48:02
Honey Block,38,30.0,40.0,10.0,380.0,glossycherry,/warp cherry shop,38,Dani3537,/warp daniwarp,1728,-12113 6 195,10637 93 -13160,2026-05-29 00:01:40,2026-05-29 00:07:03
Azalea Leaves,377,2.0,3.0,1.0,377.0,tazrar,/warp farm stuff,377,AKoopa,/warp koopa,3456,17340 77 11889,13325 115 -6486,2026-05-29 00:32:02,2026-05-30 10:28:02
Book,75,5.0,10.0,5.0,375.0,tazrar,/warp farm stuff,75,Effortles,/warp sale,3456,17365 75 11899,-13446 -5 4367,2026-05-29 00:32:32,2026-07-05 11:21:12
String,1158,0.0,0.32,0.32,370.56,FX_02,/warp 1,1158,kaaip,/warp one,3456,8551 -32 -2041,4248 150 6814,2026-05-31 21:55:23,2026-05-29 10:48:35
String,1158,0.0,0.32,0.32,370.56,FX_02,/warp 1,1158,kaaip,/warp one,3456,8551 -31 -2040,4245 150 6814,2026-05-31 21:54:13,2026-06-23 23:32:06
String,1158,0.0,0.32,0.32,370.56,FX_02,/warp 1,1158,kaaip,/warp one,3456,8551 -31 -2041,4250 150 6814,2026-05-31 21:55:29,2026-05-29 10:48:37
Blue Ice,74,5.0,10.0,5.0,370.0,Killablob,/warp killashop,74,Allyri,/warp ri,3264,11521 70 -5229,-5263 174 -4802,2026-05-30 10:40:45,2026-05-29 11:21:03
Ochre Froglight,973,1.2,1.58,0.3800000000000001,369.7400000000001,AKoopa,/warp koopa,973,Allyri,/warp ri,3328,13260 114 -6493,-5263 174 -4844,2026-05-30 10:22:39,2026-05-29 11:21:44
String,1155,0.0,0.32,0.32,369.6,FX_02,/warp 1,1155,kaaip,/warp one,3456,8551 -33 -2041,4250 150 6814,2026-05-31 21:55:17,2026-05-29 10:48:37
String,1152,0.0,0.32,0.32,368.64,FX_02,/warp 1,1152,kaaip,/warp one,3456,8551 -30 -2040,4249 150 6814,2026-05-31 21:55:35,2026-05-29 10:48:36
Pale Oak Sapling,67,2.0,7.5,5.5,368.5,Abbie_Kills,/warp decor,67,Killablob,/warp killashop,3456,18602 22 1007,11575 72 -5274,2026-05-29 00:11:02,2026-05-30 11:12:45
Book,92,6.0,10.0,4.0,368.0,Crazy69,/warp trading,92,Effortles,/warp sale,3456,5648 74 1395,-13446 -5 4367,2026-07-11 10:09:05,2026-07-05 11:21:12
Tuff,1669,3.5,3.72,0.2200000000000002,367.18000000000035,Crazy69,/warp crazysshop,3456,Allyri,/warp ri,3456,-11784 63 15222,-5236 175 -4788,2026-05-27 11:45:03,2026-05-29 11:18:17
Dirt,347,0.95,2.0,1.05,364.35,Harmony_Gold_,/warp wood shop,347,Effortles,/warp sale,3456,-6125 25 1404,-13446 -4 4362,2026-05-29 12:41:54,2026-05-29 11:31:22
Copper Ore,52,18.0,25.0,7.0,364.0,celticpiping,/warp celt,52,FX_02,/warp 1,836,4804 -41 -13245,8601 -42 -2004,2026-05-28 23:51:51,2026-05-26 23:57:26
Red Sand,724,2.0,2.5,0.5,362.0,tazrar,/warp farm stuff,1728,AKoopa,/warp koopa,3456,17367 70 11829,13253 115 -6479,2026-05-29 00:27:35,2026-05-30 10:21:49
Saddle,24,10.0,25.0,15.0,360.0,Hobosapian,/warp shopbo,27,Crazy69,/warp crazysshop,27,14615 77 -1404,-11762 65 15210,2026-07-08 23:44:02,2026-05-27 11:48:32
Deepslate,180,1.0,3.0,2.0,360.0,celticpiping,/warp celt,3009,SerSicerio,/warp serstore,3456,4739 -46 -13281,-17615 159 18752,2026-05-28 23:47:32,2026-06-06 10:44:20
Item Frame,144,2.5,5.0,2.5,360.0,Dwarffles,/warp lidl,2928,FX_02,/warp 1,144,-3923 155 12321,8597 -31 -2018,2026-05-29 00:42:01,2026-05-26 23:53:38
Rail,357,5.0,6.0,1.0,357.0,celticpiping,/warp celt,357,dak5h,/warp dak,3456,4740 -41 -13257,-11594 45 -565,2026-08-07 09:40:36,2026-05-27 12:00:29
Warped Stem,178,8.0,10.0,2.0,356.0,Hobosapian,/warp shopbo,178,Polite_player,/warp sell materials,3456,14601 75 -1418,-19266 71 9325,2026-07-08 23:45:16,2026-07-06 10:08:24
Cherry Leaves,508,2.3,3.0,0.7000000000000002,355.6000000000001,kiwi_241,/warp v.i.p room,508,AKoopa,/warp koopa,3456,-1414 64 -2489,13310 115 -6494,2026-05-29 12:23:08,2026-05-30 10:27:32
Sunny Axe,5,50.0,120.0,70.0,350.0,Hobosapian,/warp shopbo,13,AKoopa,/warp koopa,5,14601 77 -1405,13255 114 -6452,2026-07-08 23:45:49,2026-05-30 10:20:57
Steak,1728,0.0,0.2,0.2,345.6,Dwarffles,/warp lidl,3328,_RyanMC,/warp villager trading hall,1728,-3935 155 12319,7138 34 12226,2026-05-29 00:42:08,2026-05-29 12:31:50
Redstone Torch,3455,0.9,1.0,0.09999999999999998,345.49999999999994,Reconnin,/warp $100 enchant books things,3455,dak5h,/warp dak,3456,16528 51 8912,-11594 45 -568,2026-05-28 11:32:30,2026-05-27 12:00:31
Cobbled Deepslate,115,1.0,4.0,3.0,345.0,celticpiping,/warp celt,115,Store,/warp cob,3136,4740 -46 -13279,-6086 -59 -1157,2026-05-28 23:47:36,2026-05-29 11:37:01
Block of Bamboo,229,1.0,2.5,1.5,343.5,Dwarffles,/warp lidl,3456,Allyri,/warp ri,3456,-3917 155 12321,-5199 172 -4845,2026-05-29 00:41:57,2026-05-29 11:23:01
Tuff,474,3.0,3.72,0.7200000000000002,341.2800000000001,Hobosapian,/warp shopbo,474,Allyri,/warp ri,3456,14596 77 -1413,-5236 175 -4788,2026-07-08 23:45:34,2026-05-29 11:18:17
Sunny Chestplate,17,100.0,120.0,20.0,340.0,NoWaterJustIce,/warp prismarine+,17,AKoopa,/warp koopa,27,-13328 290 8303,13252 114 -6461,2026-05-29 11:16:05,2026-05-30 10:21:06
Granite,1125,1.2,1.5,0.30000000000000004,337.50000000000006,Harmony_Gold_,/warp wood shop,3390,Crazy69,/warp crazysshop,3456,-6125 28 1415,-11782 65 15208,2026-05-29 12:42:05,2026-08-07 08:27:19
Bucket,168,8.0,10.0,2.0,336.0,czsunny12,/warp czshop,168,Effortles,/warp sale,864,7460 66 -10064,-13444 -5 4367,2026-08-07 08:31:21,2026-05-29 11:28:12
Raw Copper,258,5.0,6.3,1.2999999999999998,335.4,czsunny12,/warp czshop,258,Effortles,/warp sale,3456,7470 66 -10081,-13438 -6 4400,2026-08-07 08:30:39,2026-05-29 11:29:25
Packed Ice,332,5.0,6.0,1.0,332.0,Killablob,/warp killashop,3456,SerSicerio,/warp serstore,3456,11521 70 -5228,-17617 159 18774,2026-05-30 10:40:44,2026-08-07 08:16:43
Iron Ore,33,20.0,30.0,10.0,330.0,dak5h,/warp dak,33,SerSicerio,/warp serstore,3456,-11597 43 -555,-17664 159 18759,2026-05-27 12:00:37,2026-08-07 08:18:52
Fire Coral Fan,22,5.0,20.0,15.0,330.0,Ayame989,/warp village hall,22,NoWaterJustIce,/warp 1,3456,-9092 70 13765,8583 -28 -2015,2026-05-29 12:29:53,2026-05-26 23:49:05
Magma Cream,219,1.5,3.0,1.5,328.5,Harmony_Gold_,/warp wood shop,518,SpaghettiPasta,/warp one,3456,-6148 28 1449,4232 152 6872,2026-05-29 12:43:10,2026-05-29 10:56:02
Sea Pickle,322,2.0,3.0,1.0,322.0,celticpiping,/warp celt,322,NoWaterJustIce,/warp 1,2938,4738 -38 -13226,8575 -26 -2007,2026-05-28 23:56:05,2026-05-26 23:48:22
Dirt,322,1.0,2.0,1.0,322.0,Crazy69,/warp crazysshop,3328,AKoopa,/warp koopa,322,-11791 63 15208,13291 115 -6494,2026-08-07 08:27:12,2026-05-30 10:25:28
Oak Sapling,128,5.0,7.5,2.5,320.0,kiwi_241,/warp v.i.p room,128,Killablob,/warp killashop,1946,-1417 63 -2516,11575 72 -5268,2026-05-29 12:22:44,2026-05-30 11:12:41
Stone,640,1.0,1.5,0.5,320.0,Crazy69,/warp crazysshop,3199,Effortles,/warp sale,3022,-11785 63 15208,-13450 -4 4362,2026-08-07 08:27:08,2026-05-29 11:31:25
Acacia Sapling,128,5.0,7.5,2.5,320.0,glossycherry,/warp cherry shop,128,FX_02,/warp 1,1846,-12093 8 170,8594 -43 -2004,2026-05-29 00:02:59,2026-05-26 23:57:31
Tuff,128,1.5,4.0,2.5,320.0,LancedmitriIV,/warp nethersunny,128,Effortles,/warp sale,1897,14226 77 3592,-13442 -4 4362,2026-05-29 10:40:54,2026-05-29 11:31:20
Deepslate,637,1.0,1.5,0.5,318.5,celticpiping,/warp celt,637,Crazy69,/warp crazysshop,3456,4729 -45 -13281,-11783 65 15208,2026-05-28 23:47:22,2026-08-07 08:27:19
Dark Prismarine,63,15.0,20.0,5.0,315.0,Toxic_coco,/warp !,63,Mysticals_,/warp panda,3456,9615 -43 5462,18681 46 -9124,2026-05-28 11:18:40,2026-08-07 08:15:27
Netherrack,1208,1.0,1.26,0.26,314.08,Harmony_Gold_,/warp wood shop,1208,Allyri,/warp ri,3456,-6141 25 1414,-5263 175 -4806,2026-05-29 12:41:48,2026-05-29 11:21:09
Spider Eye,1158,0.0,0.27,0.27,312.66,FX_02,/warp 1,1158,kaaip,/warp one,3456,8551 -32 -2045,4250 151 6813,2026-05-31 21:56:10,2026-05-29 10:48:38
Spider Eye,1158,0.0,0.27,0.27,312.66,FX_02,/warp 1,1158,kaaip,/warp one,3456,8551 -33 -2045,4248 151 6813,2026-05-31 21:56:06,2026-05-29 10:48:39
Spider Eye,1152,0.0,0.27,0.27,311.04,FX_02,/warp 1,1152,kaaip,/warp one,3456,8551 -30 -2045,4248 151 6813,2026-05-31 21:56:23,2026-05-29 10:48:39
Cherry Sapling,124,5.0,7.5,2.5,310.0,XTheMuffinManX95,/warp wood!,948,Killablob,/warp killashop,3456,9205 8 7798,11575 72 -5273,2026-05-29 12:34:54,2026-05-30 11:12:44
Slime Block,31,15.0,25.0,10.0,310.0,Soup__booty,/warp soupshop,150,FX_02,/warp 1,31,9901 59 -12551,8599 -35 -2004,2026-05-29 11:50:22,2026-05-26 23:54:25
Glow Ink Sac,101,5.0,8.0,3.0,303.0,Exestive,/warp luxeria,101,Effortles,/warp sale,3456,9832 186 16216,-13443 -5 4372,2026-05-29 00:50:17,2026-05-29 11:27:58
Granite,603,1.0,1.5,0.5,301.5,celticpiping,/warp celt,3456,Crazy69,/warp crazysshop,3456,4797 -44 -13265,-11782 65 15208,2026-05-28 23:50:20,2026-08-07 08:27:19
Brain Coral Fan,100,17.0,20.0,3.0,300.0,MaddysinLeigh,/warp maddy's mega mall,100,NoWaterJustIce,/warp 1,3114,-9011 73 -9412,8584 -28 -2009,2026-05-29 00:54:54,2026-05-26 23:48:50
Amethyst Cluster,60,100.0,105.0,5.0,300.0,_ZippyCastle5557,/warp zippyworld,60,Allyri,/warp ri,3060,-12385 73 -9815,-5161 169 -4816,2026-07-01 21:27:01,2026-05-29 11:23:21
Deepslate,637,1.0,1.47,0.47,299.39,celticpiping,/warp celt,3456,Allyri,/warp ri,3456,4729 -46 -13281,-5230 175 -4789,2026-05-28 23:47:22,2026-05-29 11:18:11
Acacia Sapling,47,1.2,7.5,6.3,296.09999999999997,kiwi_241,/warp v.i.p room,47,FX_02,/warp 1,1846,-1433 63 -2524,8594 -43 -2004,2026-05-29 12:22:25,2026-05-26 23:57:31
Shroomlight,59,20.0,25.0,5.0,295.0,Dani3537,/warp daniwarp,59,SerSicerio,/warp serstore,3456,10637 92 -13172,-17625 159 18748,2026-05-29 00:07:24,2026-08-07 08:17:59
Glowstone,702,2.0,2.42,0.41999999999999993,294.84,Dwarffles,/warp lidl,3456,Allyri,/warp ri,702,-3920 155 12306,-5263 172 -4848,2026-05-29 00:41:44,2026-05-29 11:21:47
Book,58,5.0,10.0,5.0,290.0,celticpiping,/warp celt,58,Effortles,/warp sale,3456,4740 -44 -13248,-13446 -5 4367,2026-08-07 09:39:22,2026-07-05 11:21:12
Red Sand,576,2.0,2.5,0.5,288.0,Exestive,/warp luxeria,576,AKoopa,/warp koopa,3456,9815 168 16224,13253 115 -6479,2026-05-29 00:47:34,2026-05-30 10:21:49
Brain Coral Fan,19,5.0,20.0,15.0,285.0,Ayame989,/warp village hall,19,NoWaterJustIce,/warp 1,3114,-9092 70 13762,8584 -28 -2009,2026-05-29 12:29:54,2026-05-26 23:48:50
Bubble Coral Fan,19,5.0,20.0,15.0,285.0,Ayame989,/warp village hall,19,NoWaterJustIce,/warp 1,3084,-9092 70 13761,8583 -27 -2014,2026-05-29 12:29:55,2026-05-26 23:49:11
Birch Log,284,4.0,5.0,1.0,284.0,midwu,/warp panda,1728,FX_02,/warp 1,1558,15666 71 11954,8588 -42 -2004,2026-08-07 08:13:50,2026-05-26 23:57:49
Honey Block,28,30.0,40.0,10.0,280.0,tazrar,/warp farm stuff,28,Dani3537,/warp daniwarp,1728,17389 79 11846,10637 93 -13160,2026-05-29 00:26:49,2026-05-29 00:07:03
Crimson Fungus,112,5.0,7.5,2.5,280.0,Abbie_Kills,/warp decor,112,Killablob,/warp killashop,3456,18598 22 965,11575 72 -5275,2026-05-29 00:13:26,2026-05-30 11:12:46
Bone,2536,0.27,0.38,0.10999999999999999,278.96,MaddysinLeigh,/warp maddy's mega mall,2536,kaaip,/warp one,3456,-8983 73 -9450,4263 150 6814,2026-05-29 00:52:27,2026-05-29 10:48:50
Deepslate,590,1.0,1.47,0.47,277.3,celticpiping,/warp celt,3456,Allyri,/warp ri,3456,4735 -45 -13281,-5227 172 -4789,2026-05-28 23:47:28,2026-05-29 11:18:08
Pearlescent Froglight,3456,1.5,1.58,0.08000000000000007,276.48000000000025,SpaghettiPasta,/warp one,3456,Allyri,/warp ri,3456,4235 150 6871,-5264 173 -4850,2026-05-29 10:55:58,2026-05-29 11:21:51
Fire Coral Fan,92,17.0,20.0,3.0,276.0,MaddysinLeigh,/warp maddy's mega mall,92,NoWaterJustIce,/warp 1,3456,-9011 73 -9404,8583 -28 -2015,2026-05-29 00:54:58,2026-05-26 23:49:05
String,2298,0.2,0.32,0.12,275.76,MaddysinLeigh,/warp maddy's mega mall,3456,kaaip,/warp one,3456,-8970 76 -9453,4248 150 6814,2026-05-29 00:53:08,2026-05-29 10:48:35
Cobweb,273,4.0,5.0,1.0,273.0,celticpiping,/warp celt,273,Effortles,/warp sale,3456,4738 -43 -13239,-13440 -5 4367,2026-05-28 23:45:53,2026-05-29 11:28:10
Rooted Dirt,32,4.0,12.5,8.5,272.0,tazrar,/warp farm stuff,32,FX_02,/warp 1,347,17362 70 11829,8595 -40 -2020,2026-05-29 00:27:38,2026-05-26 23:59:12
Armadillo Scute,76,1.5,5.0,3.5,266.0,Hobosapian,/warp shopbo,1348,Killablob,/warp killashop,76,14615 77 -1403,11508 72 -5249,2026-07-08 23:44:02,2026-05-30 13:36:02
Name Tag,4,35.0,100.0,65.0,260.0,Soup__booty,/warp soupshop,4,FX_02,/warp 1,539,9881 61 -12549,8597 -31 -2012,2026-05-29 11:49:46,2026-05-26 23:53:54
Mangrove Log,40,6.0,12.5,6.5,260.0,Alisa12345,/warp shrimp shop,40,FX_02,/warp 1,2881,-7087 112 -17567,8584 -43 -2006,2026-05-29 11:44:51,2026-05-26 23:58:02
Baked Potato,1728,0.0,0.15,0.15,259.2,Hobosapian,/warp shopbo,3456,saltzi,/warp villager trading hall,1728,14617 75 -1418,7141 34 12226,2026-07-08 23:43:12,2026-05-29 12:31:47
Verdant Froglight,3216,1.5,1.58,0.08000000000000007,257.2800000000002,emattj1s,/warp hideout,3456,Allyri,/warp ri,3216,-14439 -25 -325,-5263 175 -4844,2026-08-01 22:48:03,2026-05-29 11:21:45
Podzol,256,3.0,4.0,1.0,256.0,AKoopa,/warp koopa,256,SerSicerio,/warp serstore,3456,13256 114 -6480,-17617 159 18770,2026-05-30 10:21:44,2026-08-07 08:16:40
Paper,255,0.5,1.5,1.0,255.0,FifoTheBoss,/warp fifodeals,255,FX_02,/warp 1,3456,-12642 -58 16125,8584 -36 -2018,2026-05-29 00:33:51,2026-05-26 23:56:09
Tube Coral Fan,17,5.0,20.0,15.0,255.0,Ayame989,/warp village hall,17,NoWaterJustIce,/warp 1,3456,-9092 70 13758,8584 -27 -2010,2026-05-29 12:29:56,2026-05-26 23:48:50
Wheat Seeds,637,0.1,0.5,0.4,254.8,Harmony_Gold_,/warp wood shop,1480,FX_02,/warp 1,637,-6176 25 1449,8584 -36 -2012,2026-05-29 12:43:39,2026-05-26 23:55:54
Dripstone Block,127,2.0,4.0,2.0,254.0,MatsmitGlatz,/warp blockmart,127,SerSicerio,/warp serstore,3456,12383 77 -9897,-17617 159 18776,2026-05-28 23:29:20,2026-08-07 08:16:44
Nether Wart,63,1.0,5.0,4.0,252.0,Crazy69,/warp crazysshop,63,Dwarffles,/warp bulk sell,1587,-11756 63 15203,-4016 118 12338,2026-08-07 08:27:45,2026-05-28 23:33:57
Sandstone,139,0.7,2.5,1.8,250.20000000000002,AKoopa,/warp koopa,2995,Crazy69,/warp crazysshop,3456,13251 114 -6480,-11787 65 15208,2026-05-30 10:21:47,2026-08-07 08:27:15
Shroomlight,25,15.0,25.0,10.0,250.0,Harmony_Gold_,/warp wood shop,25,SerSicerio,/warp serstore,3456,-6135 25 1414,-17625 159 18748,2026-05-29 12:41:45,2026-08-07 08:17:59
Splash Potion,10,100.0,125.0,25.0,250.0,emattj1s,/warp hideout,12,FX_02,/warp 1,23,-14421 -24 -341,8601 -31 -2005,2026-08-01 22:45:39,2026-05-26 23:50:27
Lapis Lazuli,1247,4.0,4.2,0.20000000000000018,249.40000000000023,Harmony_Gold_,/warp ores galore,1247,Allyri,/warp ri,3321,-6168 25 1438,-5206 172 -4789,2026-05-29 11:10:51,2026-05-29 11:17:45
Arrow,777,0.0,0.32,0.32,248.64000000000001,FX_02,/warp 1,1411,kaaip,/warp one,3456,8571 -31 -2044,4262 151 6813,2026-06-01 17:34:35,2026-05-29 10:48:56
End Stone,497,3.5,4.0,0.5,248.5,AKoopa,/warp koopa,3456,SerSicerio,/warp serstore,512,13252 114 -6493,-17622 159 18769,2026-05-30 10:22:29,2026-08-07 08:16:23
Dirt,248,1.0,2.0,1.0,248.0,czsunny12,/warp czshop,2474,AKoopa,/warp koopa,440,7456 67 -10075,13291 115 -6493,2026-08-07 08:29:54,2026-05-30 10:25:29
Birch Sapling,99,5.0,7.5,2.5,247.5,glossycherry,/warp cherry shop,99,Killablob,/warp killashop,3456,-12093 7 170,11575 72 -5267,2026-05-29 00:02:59,2026-05-30 11:12:40
Nether Wart Block,247,4.0,5.0,1.0,247.0,SerSicerio,/warp serstore,247,Effortles,/warp sale,3456,-17631 158 18749,-13468 -4 4377,2026-08-07 08:17:50,2026-05-29 11:30:28
Acacia Sapling,98,5.0,7.5,2.5,245.0,Exestive,/warp luxeria,188,Killablob,/warp killashop,3456,9832 177 16216,11575 72 -5271,2026-05-29 00:47:50,2026-05-30 11:12:43
Mossy Cobblestone,483,3.5,4.0,0.5,241.5,Soup__booty,/warp soupshop,483,Effortles,/warp sale,3456,9870 59 -12554,-13436 -4 4362,2026-05-29 11:49:35,2026-05-29 11:31:36
Sugar Cane,481,1.0,1.5,0.5,240.5,Abbie_Kills,/warp decor,528,Dwarffles,/warp bulk sell,3456,18582 28 959,-4016 118 12333,2026-05-29 00:16:33,2026-05-28 23:34:18
Horn Coral Fan,16,5.0,20.0,15.0,240.0,Ayame989,/warp village hall,16,NoWaterJustIce,/warp 1,3092,-9092 70 13756,8580 -28 -2010,2026-05-29 12:29:57,2026-05-26 23:48:57
Sunny Leggings,12,100.0,120.0,20.0,240.0,NoWaterJustIce,/warp prismarine+,34,AKoopa,/warp koopa,27,-13328 290 8304,13254 114 -6461,2026-05-29 11:16:04,2026-05-30 10:21:04
Mangrove Propagule,60,6.0,10.0,4.0,240.0,glossycherry,/warp cherry shop,60,FX_02,/warp 1,3096,-12093 9 170,8584 -42 -2006,2026-05-29 00:02:58,2026-05-26 23:58:03
Sunny Helmet,12,100.0,120.0,20.0,240.0,NoWaterJustIce,/warp prismarine+,23,AKoopa,/warp koopa,27,-13328 290 8302,13251 114 -6461,2026-05-29 11:16:06,2026-05-30 10:21:07
String,1088,0.1,0.32,0.22,239.36,czsunny12,/warp czshop,3392,kaaip,/warp one,3456,7460 66 -10067,4245 150 6814,2026-08-07 08:31:20,2026-06-23 23:32:06
Bricks,475,4.5,5.0,0.5,237.5,celticpiping,/warp celt,475,Effortles,/warp sale,3456,4779 -44 -13267,-13430 -4 4368,2026-05-28 23:49:47,2026-06-23 23:41:51
Coal,314,2.25,3.0,0.75,235.5,Soup__booty,/warp soupshop,3456,Crazy69,/warp crazysshop,3456,9845 59 -12551,-11791 65 15203,2026-05-29 11:48:35,2026-08-07 08:27:29
Acacia Log,78,5.0,8.0,3.0,234.0,glossycherry,/warp cherry shop,207,Effortles,/warp sale,3456,-12113 8 174,-13430 -4 4377,2026-05-29 00:02:07,2026-05-29 11:28:52
Verdant Froglight,403,1.0,1.58,0.5800000000000001,233.74000000000004,glossycherry,/warp cherry shop,403,Allyri,/warp ri,3456,-12113 8 185,-5263 175 -4848,2026-05-29 00:01:50,2026-05-29 11:21:49
Redstone Ore,114,18.0,20.0,2.0,228.0,MaddysinLeigh,/warp maddy's mega mall,114,Effortles,/warp sale,3456,-8971 75 -9400,-13445 -4 4400,2026-05-29 00:54:04,2026-05-29 11:29:41
Acacia Sapling,90,5.0,7.5,2.5,225.0,Exestive,/warp luxeria,188,FX_02,/warp 1,1846,9832 177 16216,8594 -43 -2004,2026-05-29 00:47:50,2026-05-26 23:57:31
Emerald,45,25.0,30.0,5.0,225.0,saltzi,/warp villager trading hall,45,LilOldman,/warp lom,3456,7126 33 12210,-10322 64 -548,2026-05-29 12:31:22,2026-07-26 19:28:14
Bone,1728,0.25,0.38,0.13,224.64000000000001,Harmony_Gold_,/warp wood shop,1728,kaaip,/warp one,3456,-6150 25 1449,4265 150 6814,2026-05-29 12:43:07,2026-05-29 10:48:52
Red Sand,444,2.0,2.5,0.5,222.0,Ayame989,/warp village hall,444,AKoopa,/warp koopa,3456,-9085 67 13800,13253 115 -6479,2026-05-29 12:27:40,2026-05-30 10:21:49
Leather,434,0.0,0.5,0.5,217.0,FX_02,/warp sell me ores,434,Crazy69,/warp crazysshop,1728,-10026 138 3513,-11768 65 15222,2026-05-29 11:35:12,2026-05-27 11:45:46
Pearlescent Froglight,2707,1.5,1.58,0.08000000000000007,216.5600000000002,emattj1s,/warp hideout,3456,Allyri,/warp ri,3014,-14439 -23 -326,-5263 173 -4844,2026-08-01 22:48:02,2026-05-29 11:21:44
Emerald,9,6.0,30.0,24.0,216.0,celticpiping,/warp celt,9,LilOldman,/warp lom,3456,4795 -44 -13241,-10322 64 -548,2026-05-28 23:52:02,2026-07-26 19:28:14
Cobblestone,122,0.25,2.0,1.75,213.5,Store,/warp @,122,MissLion1997,/warp blue,3456,14627 234 7883,-1820 71 6162,2026-05-28 11:25:54,2026-05-28 23:31:46
Block of Redstone,2361,0.01,0.1,0.09000000000000001,212.49000000000004,Chijoku,/warp chi,3456,dak5h,/warp dak,2361,-11714 135 -10122,-11594 45 -569,2026-05-29 00:03:44,2026-05-27 12:00:32
Crimson Fungus,47,3.0,7.5,4.5,211.5,celticpiping,/warp celt,48,Killablob,/warp killashop,3456,4770 -35 -13226,11575 72 -5275,2026-05-28 23:55:34,2026-05-30 11:12:46
Mangrove Log,420,12.0,12.5,0.5,210.0,_ZippyCastle5557,/warp zippyworld,420,FX_02,/warp 1,2881,-12402 73 -9816,8584 -43 -2006,2026-07-01 21:22:11,2026-05-26 23:58:02
Birch Sapling,84,5.0,7.5,2.5,210.0,kiwi_241,/warp v.i.p room,84,Killablob,/warp killashop,3456,-1420 63 -2454,11575 72 -5267,2026-05-29 12:23:55,2026-05-30 11:12:40
Sunny Shovel,3,50.0,120.0,70.0,210.0,Hobosapian,/warp shopbo,21,AKoopa,/warp koopa,3,14601 77 -1404,13256 114 -6452,2026-07-08 23:45:48,2026-05-30 10:20:57
Pale Oak Sapling,83,5.0,7.5,2.5,207.5,kiwi_241,/warp v.i.p room,83,Killablob,/warp killashop,3456,-1421 64 -2511,11575 72 -5274,2026-05-29 12:22:49,2026-05-30 11:12:45
Tuff,439,3.25,3.72,0.4700000000000002,206.3300000000001,Harmony_Gold_,/warp wood shop,439,Allyri,/warp ri,3392,-6125 25 1418,-5234 173 -4789,2026-05-29 12:41:58,2026-05-29 11:18:15
Sculk,204,1.0,2.0,1.0,204.0,Harmony_Gold_,/warp wood shop,204,Effortles,/warp sale,401,-6138 25 1428,-13430 -4 4384,2026-05-29 12:42:20,2026-05-29 11:29:04
Acacia Log,51,4.0,8.0,4.0,204.0,Alisa12345,/warp shrimp shop,51,Effortles,/warp sale,3456,-7087 114 -17567,-13430 -4 4377,2026-05-29 11:44:49,2026-05-29 11:28:52
Arrow,634,0.0,0.32,0.32,202.88,FX_02,/warp 1,1411,kaaip,/warp one,3456,8571 -31 -2044,4263 151 6813,2026-06-01 17:34:35,2026-05-29 10:48:55
Jungle Sapling,81,5.0,7.5,2.5,202.5,glossycherry,/warp cherry shop,81,Killablob,/warp killashop,3456,-12096 8 170,11575 72 -5270,2026-05-29 00:03:03,2026-05-30 11:12:42
Melon,117,1.0,2.73,1.73,202.41,Abbie_Kills,/warp decor,117,Allyri,/warp ri,3456,18603 29 1004,-5236 172 -4853,2026-05-29 00:14:44,2026-05-29 11:22:16
Lapis Lazuli,287,3.5,4.2,0.7000000000000002,200.90000000000006,RubberDucky7474,/warp nethersunny,287,Allyri,/warp ri,2854,14237 68 3602,-5206 173 -4789,2026-05-29 10:38:28,2026-05-29 11:17:46
Sculk,197,1.0,2.0,1.0,197.0,celticpiping,/warp celt,3456,Effortles,/warp sale,401,4759 -46 -13281,-13430 -4 4384,2026-05-28 23:48:38,2026-05-29 11:29:04
Raw Chicken,713,0.0,0.27,0.27,192.51000000000002,FX_02,/warp sell me ores,713,Server,/shop,999999999,-10031 138 3513,0 0 0,2026-05-29 11:34:54,2026-05-31 12:15:00
Dirt,192,1.0,2.0,1.0,192.0,tazrar,/warp farm stuff,192,AKoopa,/warp koopa,440,17360 70 11829,13291 115 -6493,2026-05-29 00:27:39,2026-05-30 10:25:29
Mangrove Roots,127,1.5,3.0,1.5,190.5,kiwi_241,/warp v.i.p room,127,AKoopa,/warp koopa,3456,-1413 63 -2470,13314 115 -6494,2026-05-29 12:23:32,2026-05-30 10:27:38
Shroomlight,38,20.0,25.0,5.0,190.0,czsunny12,/warp czshop,38,SerSicerio,/warp serstore,3456,7466 67 -10088,-17625 159 18748,2026-08-07 08:30:33,2026-08-07 08:17:59
Dispenser,19,40.0,50.0,10.0,190.0,Harmony_Gold_,/warp wood shop,19,FX_02,/warp 1,2980,-6125 25 1438,8594 -37 -2004,2026-05-29 12:42:28,2026-07-05 11:22:27
Mycelium,185,5.0,6.0,1.0,185.0,tazrar,/warp farm stuff,185,SerSicerio,/warp serstore,3456,17364 70 11829,-17616 159 18761,2026-05-29 00:27:37,2026-08-07 08:17:31
Block of Coal,9,2.0,22.5,20.5,184.5,Ayame989,/warp village hall,92,FX_02,/warp 1,9,-9086 63 13786,8601 -42 -2007,2026-05-29 12:27:51,2026-05-26 23:57:16
Crimson Nylium,46,2.0,6.0,4.0,184.0,celticpiping,/warp celt,46,SerSicerio,/warp serstore,3456,4768 -35 -13226,-17630 159 18748,2026-05-28 23:55:35,2026-08-07 08:17:55
Gravel,364,3.5,4.0,0.5,182.0,Soup__booty,/warp soupshop,1656,Allyri,/warp ri,2752,9834 59 -12554,-5238 174 -4788,2026-05-29 11:48:24,2026-05-29 11:18:20
Brain Coral,9,5.0,25.0,20.0,180.0,celticpiping,/warp celt,9,NoWaterJustIce,/warp 1,3276,4746 -38 -13224,8586 -28 -2009,2026-05-28 23:55:56,2026-05-26 23:48:46
Cherry Sapling,72,5.0,7.5,2.5,180.0,glossycherry,/warp cherry shop,72,Killablob,/warp killashop,3456,-12109 9 196,11575 72 -5273,2026-05-29 00:01:37,2026-05-30 11:12:44
Raw Rabbit,531,0.0,0.3375,0.3375,179.2125,FX_02,/warp sell me ores,531,Server,/shop,999999999,-10045 133 3509,0 0 0,2026-05-29 11:33:28,2026-05-31 12:15:00
Lapis Lazuli,148,3.0,4.2,1.2000000000000002,177.60000000000002,tazrar,/warp farm stuff,148,Allyri,/warp ri,3456,17364 75 11899,-5202 172 -4789,2026-05-29 00:32:31,2026-05-29 11:17:39
Feather,655,0.0,0.27,0.27,176.85000000000002,FX_02,/warp sell me ores,3456,Server,/shop,999999999,-10033 133 3509,0 0 0,2026-05-29 11:33:38,2026-05-31 12:15:00
Warped Nylium,44,2.0,6.0,4.0,176.0,celticpiping,/warp celt,44,SerSicerio,/warp serstore,3456,4763 -38 -13226,-17627 159 18748,2026-05-28 23:55:40,2026-08-07 08:17:58
Splash Potion,7,100.0,125.0,25.0,175.0,emattj1s,/warp hideout,20,FX_02,/warp 1,8,-14424 -25 -340,8601 -30 -2005,2026-08-01 22:45:31,2026-05-26 23:50:29
Lantern,116,3.5,5.0,1.5,174.0,Hobosapian,/warp shopbo,116,Killablob,/warp killashop,3456,14620 77 -1417,11575 72 -5246,2026-07-08 23:43:21,2026-05-30 10:37:04
Carrot,1728,0.5,0.6,0.09999999999999998,172.79999999999995,tazrar,/warp farm stuff,1728,dak5h,/warp dak,1728,17386 75 11852,-11609 44 -546,2026-05-29 00:26:30,2026-05-27 12:01:34
Jungle Sapling,69,5.0,7.5,2.5,172.5,Exestive,/warp luxeria,69,FX_02,/warp 1,3002,9833 176 16218,8591 -40 -2004,2026-05-29 00:47:53,2026-05-26 23:57:40
Egg,431,0.1,0.5,0.4,172.4,tazrar,/warp farm stuff,431,Crazy69,/warp crazysshop,864,17389 80 11843,-11760 65 15203,2026-05-29 00:26:46,2026-08-07 08:27:53
Cobbled Deepslate,86,2.0,4.0,2.0,172.0,Harmony_Gold_,/warp wood shop,3248,Store,/warp cob,3136,-6125 28 1427,-6086 -59 -1157,2026-05-29 12:42:02,2026-05-29 11:37:01
Splash Potion,2,40.0,125.0,85.0,170.0,_ZippyCastle5557,/warp zippyworld,4,FX_02,/warp 1,8,-12409 77 -9774,8591 -30 -2004,2026-07-01 21:19:41,2026-05-26 23:51:06
Splash Potion,2,40.0,125.0,85.0,170.0,_ZippyCastle5557,/warp zippyworld,4,FX_02,/warp 1,2,-12409 77 -9774,8594 -32 -2004,2026-07-01 21:19:41,2026-05-26 23:51:00
Block of Gold,2,135.0,220.0,85.0,170.0,RubberDucky7474,/warp nethersunny,2,FX_02,/warp sell me ores,3264,14232 71 3606,-10051 133 3504,2026-05-29 10:38:12,2026-05-29 11:33:05
Gravel,84,2.0,4.0,2.0,168.0,emattj1s,/warp hideout,84,Allyri,/warp ri,2752,-14427 -25 -322,-5238 174 -4788,2026-08-01 22:47:43,2026-05-29 11:18:20
Redstone Dust,240,0.3,1.0,0.7,168.0,Richcrypt,/warp richshop,300,Crazy69,/warp crazysshop,3456,8378 -3 15945,-11784 65 15203,2026-05-29 11:25:09,2026-08-07 08:27:34
Arrow,1392,0.2,0.32,0.12,167.04,tazrar,/warp farm stuff,1392,kaaip,/warp one,3456,17362 76 11877,4264 151 6813,2026-05-29 00:30:09,2026-05-29 10:48:55
Spruce Leaves,238,2.3,3.0,0.7000000000000002,166.60000000000005,kiwi_241,/warp v.i.p room,238,AKoopa,/warp koopa,3456,-1415 64 -2458,13325 115 -6491,2026-05-29 12:23:45,2026-05-30 10:27:55
String,1377,0.2,0.32,0.12,165.23999999999998,tazrar,/warp farm stuff,1377,kaaip,/warp one,3456,17366 79 11877,4246 150 6814,2026-05-29 00:30:19,2026-05-29 10:48:34
Iron Ore,33,25.0,30.0,5.0,165.0,_ZippyCastle5557,/warp zippyworld,33,SerSicerio,/warp serstore,3456,-12385 73 -9812,-17664 159 18759,2026-07-01 21:27:03,2026-08-07 08:18:52
Spider Eye,2298,0.2,0.27,0.07,160.86,MaddysinLeigh,/warp maddy's mega mall,3456,kaaip,/warp one,3456,-8972 73 -9453,4250 151 6813,2026-05-29 00:53:01,2026-05-29 10:48:38
Warped Stem,40,6.0,10.0,4.0,160.0,Alisa12345,/warp shrimp shop,40,Polite_player,/warp sell materials,3456,-7087 115 -17569,-19266 71 9325,2026-05-29 11:44:48,2026-07-06 10:08:24
Cobbled Deepslate,319,2.5,3.0,0.5,159.5,Soup__booty,/warp soupshop,3456,SerSicerio,/warp serstore,3456,9848 59 -12554,-17616 159 18751,2026-05-29 11:48:57,2026-08-07 08:17:38
Grass Block,64,0.01,2.5,2.49,159.36,_BudgieToast9,/warp distaria,64,AKoopa,/warp koopa,2705,2348 70 -6952,13255 115 -6479,2026-05-29 00:25:19,2026-05-30 10:21:50
Brown Mushroom Block,53,2.0,5.0,3.0,159.0,kiwi_241,/warp v.i.p room,53,Effortles,/warp sale,3456,-1417 66 -2527,-13469 -4 4395,2026-05-29 12:22:34,2026-05-29 11:30:38
Grass Block,106,1.0,2.5,1.5,159.0,celticpiping,/warp celt,106,AKoopa,/warp koopa,2705,4773 -40 -13267,13255 115 -6479,2026-05-28 23:49:39,2026-05-30 10:21:50
Cocoa Beans,287,0.95,1.5,0.55,157.85000000000002,Harmony_Gold_,/warp wood shop,1654,FX_02,/warp 1,369,-6181 25 1449,8584 -38 -2012,2026-05-29 12:43:41,2026-05-26 23:55:50
Melon,128,1.5,2.73,1.23,157.44,tazrar,/warp farm stuff,128,Allyri,/warp ri,3456,17384 75 11852,-5234 174 -4853,2026-05-29 00:26:25,2026-05-29 11:22:19
White Concrete Powder,78,6.0,8.0,2.0,156.0,MaddysinLeigh,/warp maddy's mega mall,715,Puppies75200,/warp SellConcrete,78,-9091 69 -9462,5184 0 -13470,2026-05-29 10:25:57,2026-05-29 11:38:40
Dripstone Block,78,2.0,4.0,2.0,156.0,Ayame989,/warp village hall,78,Effortles,/warp sale,3456,-9079 67 13800,-13468 -4 4394,2026-05-29 12:27:44,2026-05-29 11:30:37
Lapis Lazuli Ore,15,30.0,40.0,10.0,150.0,dak5h,/warp dak,15,SerSicerio,/warp serstore,3456,-11597 43 -550,-17673 159 18754,2026-05-27 12:00:42,2026-08-07 08:18:21
Splash Potion,6,100.0,125.0,25.0,150.0,emattj1s,/warp hideout,20,FX_02,/warp 1,8,-14424 -25 -340,8591 -30 -2004,2026-08-01 22:45:31,2026-05-26 23:51:06
Splash Potion,6,100.0,125.0,25.0,150.0,emattj1s,/warp hideout,20,FX_02,/warp 1,54,-14424 -25 -340,8591 -32 -2004,2026-08-01 22:45:31,2026-05-26 23:51:10
Splash Potion,2,50.0,125.0,75.0,150.0,Harmony_Gold_,/warp wood shop,17,FX_02,/warp 1,33,-6138 25 1449,8594 -30 -2004,2026-05-29 12:42:53,2026-05-26 23:51:04
Bubble Coral Block,15,5.0,15.0,10.0,150.0,Ayame989,/warp village hall,15,NoWaterJustIce,/warp 1,3287,-9104 72 13742,8581 -27 -2014,2026-05-29 12:28:41,2026-05-26 23:49:13
Soul Sand,147,2.0,3.0,1.0,147.0,Ayame989,/warp village hall,147,SerSicerio,/warp serstore,2718,-9086 63 13800,-17633 159 18748,2026-05-29 12:27:23,2026-08-07 08:17:53
Cherry Sapling,42,4.0,7.5,3.5,147.0,kiwi_241,/warp v.i.p room,42,Killablob,/warp killashop,3456,-1415 63 -2495,11575 72 -5273,2026-05-29 12:23:05,2026-05-30 11:12:44
Red Concrete Powder,146,7.0,8.0,1.0,146.0,Fuzzycuffsqt,/warp village hall,1014,Puppies75200,/warp SellConcrete,146,8545 -5 -2033,5195 0 -13470,2026-08-07 10:24:05,2026-05-29 11:38:29
Rabbit Hide,432,0.0,0.3375,0.3375,145.8,FX_02,/warp sell me ores,432,Server,/shop,999999999,-10042 133 3509,0 0 0,2026-05-29 11:33:31,2026-05-31 12:15:00
Mangrove Log,32,8.0,12.5,4.5,144.0,midwu,/warp panda,32,FX_02,/warp 1,2881,15666 71 11955,8584 -43 -2006,2026-08-07 08:13:50,2026-05-26 23:58:02
Redstone Dust,287,0.5,1.0,0.5,143.5,Alisa12345,/warp shrimp shop,287,Crazy69,/warp crazysshop,3456,-7115 112 -17576,-11784 65 15203,2026-05-29 11:44:05,2026-08-07 08:27:34
Tuff,142,3.0,4.0,1.0,142.0,Toxic_coco,/warp !,142,SerSicerio,/warp serstore,3456,9618 -43 5486,-17617 159 18769,2026-05-28 11:19:13,2026-08-07 08:16:39
Cobblestone,142,1.0,2.0,1.0,142.0,Harmony_Gold_,/warp wood shop,188,MissLion1997,/warp blue,3456,-6125 25 1420,-1820 71 6162,2026-05-29 12:41:59,2026-05-28 23:31:46
Cobweb,47,2.0,5.0,3.0,141.0,glossycherry,/warp cherry shop,47,Effortles,/warp sale,3456,-12100 6 127,-13440 -5 4367,2026-05-29 00:00:06,2026-05-29 11:28:10
Sunny Sword,2,50.0,120.0,70.0,140.0,Hobosapian,/warp shopbo,15,AKoopa,/warp koopa,2,14601 77 -1407,13253 114 -6452,2026-07-08 23:45:51,2026-05-30 10:20:55
Yellow Concrete Powder,56,5.5,8.0,2.5,140.0,MaddysinLeigh,/warp maddy's mega mall,56,Puppies75200,/warp SellConcrete,960,-9085 69 -9470,5193 0 -13470,2026-05-29 10:27:23,2026-05-29 11:38:31
String,1158,0.2,0.32,0.12,138.96,MaddysinLeigh,/warp maddy's mega mall,3456,kaaip,/warp one,3456,-8970 76 -9453,4246 150 6814,2026-05-29 00:53:08,2026-05-29 10:48:34
Ochre Froglight,1728,1.5,1.58,0.08000000000000007,138.24000000000012,MaddysinLeigh,/warp maddy's mega mall,3456,Allyri,/warp ri,3456,-8971 73 -9470,-5263 174 -4850,2026-05-29 00:52:47,2026-05-29 11:21:50
Cactus,1728,0.42,0.5,0.08000000000000002,138.24000000000004,Store,/warp @,3456,dak5h,/warp dak,1728,14611 231 7830,-11607 44 -546,2026-05-28 11:26:39,2026-05-27 12:01:36
Bone,1728,0.3,0.38,0.08000000000000002,138.24000000000004,tazrar,/warp farm stuff,1728,kaaip,/warp one,3456,17362 77 11877,4262 150 6814,2026-05-29 00:30:10,2026-05-29 10:48:49
Gunpowder,345,0.35,0.75,0.4,138.0,midwu,/warp panda,1728,_ZippyCastle5557,/warp zippyworld,3456,15696 71 11958,-12425 75 -9814,2026-08-07 08:14:07,2026-07-01 21:22:56
Raw Beef,506,0.0,0.27,0.27,136.62,FX_02,/warp sell me ores,506,Server,/shop,999999999,-10021 138 3513,0 0 0,2026-05-29 11:35:16,2026-05-31 12:15:00
Tuff,417,3.4,3.72,0.3200000000000003,133.4400000000001,nathan812,/warp rockets,417,Allyri,/warp ri,3456,12393 -4 5804,-5236 175 -4788,2026-05-29 11:25:39,2026-05-29 11:18:17
Cherry Log,66,4.0,6.0,2.0,132.0,czsunny12,/warp czshop,66,Effortles,/warp sale,3456,7452 67 -10081,-13430 -4 4378,2026-08-07 08:29:40,2026-05-29 11:28:51
Mycelium,33,2.0,6.0,4.0,132.0,will1608,/warp shopwill,33,SerSicerio,/warp serstore,3456,16748 72 -16841,-17616 159 18761,2026-05-29 11:43:05,2026-08-07 08:17:31
Warped Nylium,65,4.0,6.0,2.0,130.0,czsunny12,/warp czshop,65,SerSicerio,/warp serstore,3456,7466 66 -10084,-17627 159 18748,2026-08-07 08:30:23,2026-08-07 08:17:58
Cobbled Deepslate,65,2.0,4.0,2.0,130.0,Hobosapian,/warp shopbo,3121,Store,/warp cob,3390,14596 75 -1408,-6086 -59 -1159,2026-07-08 23:45:25,2026-05-29 11:37:02
Crimson Nylium,65,4.0,6.0,2.0,130.0,czsunny12,/warp czshop,65,SerSicerio,/warp serstore,3456,7466 66 -10086,-17630 159 18748,2026-08-07 08:30:24,2026-08-07 08:17:55
Gold Ingot,13,5.0,15.0,10.0,130.0,Alisa12345,/warp shrimp shop,13,Effortles,/warp sale,3456,-7115 113 -17576,-13443 -5 4390,2026-05-29 11:44:05,2026-05-29 11:26:48
Melon,176,2.0,2.73,0.73,128.48,_ZippyCastle5557,/warp zippyworld,176,Killablob,/warp killashop,3456,-12398 75 -9774,11568 72 -5296,2026-07-01 21:19:19,2026-05-30 10:57:13
Mangrove Roots,128,2.0,3.0,1.0,128.0,Alisa12345,/warp shrimp shop,128,AKoopa,/warp koopa,3456,-7095 113 -17568,13314 115 -6494,2026-05-29 11:45:04,2026-05-30 10:27:38
Dark Oak Log,128,4.0,5.0,1.0,128.0,czsunny12,/warp czshop,128,FX_02,/warp 1,3456,7450 67 -10081,8585 -41 -2004,2026-08-07 08:29:41,2026-05-26 23:57:57
Stick,2553,0.1,0.15,0.04999999999999999,127.64999999999998,FX_02,/warp 1,2553,_ZippyCastle5557,/warp zippyworld,3456,8591 -38 -2020,-12419 75 -9816,2026-05-26 23:56:30,2026-07-01 21:22:36
Spruce Leaves,127,2.0,3.0,1.0,127.0,Toxic_coco,/warp !,127,AKoopa,/warp koopa,3456,9618 -43 5459,13325 115 -6491,2026-05-28 11:18:13,2026-05-30 10:27:55
Wheat Seeds,843,0.1,0.25,0.15,126.44999999999999,Harmony_Gold_,/warp wood shop,1480,Killablob,/warp killashop,3456,-6176 25 1449,11561 72 -5296,2026-05-29 12:43:39,2026-05-30 10:57:18
Spruce Sapling,36,4.0,7.5,3.5,126.0,Harmony_Gold_,/warp wood shop,36,Killablob,/warp killashop,3456,-6176 28 1403,11575 72 -5266,2026-05-29 12:33:49,2026-05-30 11:12:39
Pumpkin,71,1.0,2.73,1.73,122.83,Abbie_Kills,/warp decor,71,Allyri,/warp ri,3456,18604 29 1003,-5230 175 -4853,2026-05-29 00:14:45,2026-05-29 11:22:22
Verdant Froglight,1528,1.5,1.58,0.08000000000000007,122.24000000000011,SpaghettiPasta,/warp one,2908,Allyri,/warp ri,3456,4236 150 6871,-5263 175 -4848,2026-05-29 10:55:58,2026-05-29 11:21:49
Pearlescent Froglight,122,1.0,2.0,1.0,122.0,glossycherry,/warp cherry shop,122,Crazy69,/warp crazysshop,1625,-12113 7 185,-11766 65 15210,2026-05-29 00:01:50,2026-05-27 11:48:35
Ochre Froglight,1520,1.5,1.58,0.08000000000000007,121.60000000000011,SpaghettiPasta,/warp one,1520,Allyri,/warp ri,2816,4237 150 6871,-5263 174 -4848,2026-05-29 10:55:55,2026-05-29 11:21:48
Pearlescent Froglight,1503,1.5,1.58,0.08000000000000007,120.24000000000011,Dwarffles,/warp lidl,1728,Allyri,/warp ri,3456,-3921 156 12306,-5263 173 -4848,2026-05-29 00:41:43,2026-05-29 11:21:48
Dark Oak Sapling,80,6.0,7.5,1.5,120.0,czsunny12,/warp czshop,80,FX_02,/warp 1,2417,7466 67 -10092,8591 -41 -2004,2026-08-07 08:30:31,2026-05-26 23:57:41
Iron Ore,20,24.0,30.0,6.0,120.0,RonikvidsTTV,/warp decor,20,SerSicerio,/warp serstore,3456,18595 29 963,-17664 159 18759,2026-05-29 00:16:09,2026-08-07 08:18:52
Saddle,3,10.0,50.0,40.0,120.0,Hobosapian,/warp shopbo,27,FX_02,/warp 1,3,14615 77 -1404,8597 -27 -2019,2026-07-08 23:44:02,2026-05-26 23:49:59
Bubble Coral,6,5.0,25.0,20.0,120.0,Ayame989,/warp village hall,6,NoWaterJustIce,/warp 1,3247,-9092 70 13760,8585 -27 -2014,2026-05-29 12:29:55,2026-05-26 23:49:09
Prismarine,120,5.0,6.0,1.0,120.0,tazrar,/warp farm stuff,120,Mysticals_,/warp panda,1728,17367 79 11835,18683 46 -9120,2026-05-29 00:28:27,2026-08-07 08:15:25
Cobblestone,43,0.25,3.0,2.75,118.25,Store,/warp @,43,SerSicerio,/warp serstore,3456,14627 234 7884,-17616 159 18760,2026-05-28 11:25:55,2026-08-07 08:17:31
Magma Cream,59,1.0,3.0,2.0,118.0,czsunny12,/warp czshop,59,SpaghettiPasta,/warp one,3456,7460 66 -10094,4232 152 6872,2026-08-07 08:30:12,2026-05-29 10:56:02
Sweet Berries,654,0.82,1.0,0.18000000000000005,117.72000000000003,kiwi_241,/warp v.i.p room,654,FX_02,/warp 1,1785,-1418 63 -2456,8584 -38 -2015,2026-05-29 12:23:47,2026-05-26 23:56:02
Dripstone Block,78,2.5,4.0,1.5,117.0,nathan812,/warp rockets,3456,SerSicerio,/warp serstore,3456,12392 -2 5804,-17617 159 18776,2026-05-29 11:25:39,2026-08-07 08:16:44
Raw Copper,390,6.0,6.3,0.2999999999999998,116.99999999999993,FX_02,/warp 1,3456,Effortles,/warp sale,3456,8601 -41 -2005,-13436 -6 4400,2026-05-26 23:57:23,2026-05-29 11:29:24
Oak Log,115,4.0,5.0,1.0,115.0,celticpiping,/warp celt,115,FX_02,/warp 1,3456,4775 -44 -13217,8588 -40 -2004,2026-05-28 23:54:21,2026-05-26 23:57:53
Acacia Sapling,46,5.0,7.5,2.5,115.0,Harmony_Gold_,/warp wood shop,46,Killablob,/warp killashop,3456,-6173 28 1403,11575 72 -5271,2026-05-29 12:33:48,2026-05-30 11:12:43
Shroomlight,6,6.0,25.0,19.0,114.0,AKoopa,/warp koopa,6,SerSicerio,/warp serstore,3456,13320 114 -6480,-17625 159 18748,2026-05-30 10:28:19,2026-08-07 08:17:59
Grass Block,76,1.0,2.5,1.5,114.0,tazrar,/warp farm stuff,76,AKoopa,/warp koopa,2705,17359 70 11829,13255 115 -6479,2026-05-29 00:27:40,2026-05-30 10:21:50
Paper,75,0.0,1.5,1.5,112.5,MatsmitGlatz,/warp blockmart,75,FX_02,/warp 1,3456,12406 75 -9887,8584 -36 -2018,2026-05-28 23:28:28,2026-05-26 23:56:09
Bone Meal,864,0.12,0.25,0.13,112.32000000000001,midwu,/warp panda,1728,FX_02,/warp 1,864,15694 71 11952,8584 -38 -2018,2026-08-07 08:14:04,2026-05-26 23:56:05
Iron Ore,8,16.0,30.0,14.0,112.0,celticpiping,/warp celt,8,SerSicerio,/warp serstore,3456,4797 -41 -13241,-17664 159 18759,2026-05-28 23:52:01,2026-08-07 08:18:52
Spruce Log,56,2.0,4.0,2.0,112.0,Ayame989,/warp village hall,440,Crazy69,/warp crazysshop,1152,-9077 70 13792,-11766 65 15208,2026-05-29 12:29:36,2026-08-07 08:28:21
Cobblestone,64,0.25,2.0,1.75,112.0,Store,/warp @,559,MissLion1997,/warp blue,3456,14627 234 7882,-1823 73 6162,2026-05-28 11:25:53,2026-05-28 23:31:43
Verdant Froglight,1380,1.5,1.58,0.08000000000000007,110.40000000000009,SpaghettiPasta,/warp one,2908,Allyri,/warp ri,3456,4236 150 6871,-5263 175 -4850,2026-05-29 10:55:58,2026-05-29 11:21:50
Ender Pearl,54,10.0,12.0,2.0,108.0,emattj1s,/warp hideout,54,Effortles,/warp sale,445,-14420 -24 -336,-13442 -5 4372,2026-08-01 22:43:34,2026-07-01 21:04:51
Ochre Froglight,1308,1.5,1.58,0.08000000000000007,104.6400000000001,Dwarffles,/warp lidl,1728,Allyri,/warp ri,1740,-3918 156 12306,-5263 174 -4846,2026-05-29 00:41:47,2026-05-29 11:21:46
Ochre Froglight,1296,1.5,1.58,0.08000000000000007,103.68000000000009,MaddysinLeigh,/warp maddy's mega mall,3456,Allyri,/warp ri,2816,-8971 73 -9470,-5263 174 -4848,2026-05-29 00:52:47,2026-05-29 11:21:48
Arrow,321,0.0,0.32,0.32,102.72,FX_02,/warp 1,321,kaaip,/warp one,3456,8571 -31 -2045,4261 151 6813,2026-06-01 17:34:30,2026-05-29 10:48:57
Lime Concrete Powder,41,5.5,8.0,2.5,102.5,MaddysinLeigh,/warp maddy's mega mall,41,Puppies75200,/warp SellConcrete,843,-9083 69 -9470,5192 0 -13470,2026-05-29 10:27:31,2026-05-29 11:38:32
Arrow,319,0.0,0.32,0.32,102.08,FX_02,/warp 1,319,kaaip,/warp one,3456,8571 -32 -2045,4264 151 6813,2026-06-01 17:34:24,2026-05-29 10:48:55
Arrow,319,0.0,0.32,0.32,102.08,FX_02,/warp 1,319,kaaip,/warp one,3456,8571 -33 -2045,4261 151 6813,2026-06-01 17:34:13,2026-05-29 10:48:57
Raw Porkchop,374,0.0,0.27,0.27,100.98,FX_02,/warp sell me ores,374,Server,/shop,999999999,-10036 138 3513,0 0 0,2026-05-29 11:34:58,2026-05-31 12:15:00
Raw Porkchop,371,0.0,0.27,0.27,100.17,FX_02,/warp sell me ores,371,Server,/shop,999999999,-10038 138 3513,0 0 0,2026-05-29 11:35:00,2026-05-31 12:15:00
Horn Coral,5,5.0,25.0,20.0,100.0,Ayame989,/warp village hall,5,NoWaterJustIce,/warp 1,3213,-9092 70 13757,8580 -27 -2011,2026-05-29 12:29:57,2026-05-26 23:48:58
Tube Coral,20,20.0,25.0,5.0,100.0,RubberDucky7474,/warp nethersunny,20,NoWaterJustIce,/warp 1,3236,14226 79 3643,8586 -27 -2010,2026-05-29 10:40:01,2026-05-26 23:48:47
Bubble Coral,5,5.0,25.0,20.0,100.0,celticpiping,/warp celt,5,NoWaterJustIce,/warp 1,3247,4740 -38 -13226,8585 -27 -2014,2026-05-28 23:56:04,2026-05-26 23:49:09
Fire Coral,20,20.0,25.0,5.0,100.0,RubberDucky7474,/warp nethersunny,20,NoWaterJustIce,/warp 1,3202,14226 79 3644,8585 -28 -2015,2026-05-29 10:40:02,2026-05-26 23:49:07
Horn Coral,20,20.0,25.0,5.0,100.0,RubberDucky7474,/warp nethersunny,20,NoWaterJustIce,/warp 1,3213,14226 79 3640,8580 -27 -2011,2026-05-29 10:40:00,2026-05-26 23:48:58
Raw Porkchop,368,0.0,0.27,0.27,99.36000000000001,FX_02,/warp sell me ores,368,Server,/shop,999999999,-10037 138 3513,0 0 0,2026-05-29 11:34:59,2026-05-31 12:15:00
Sculk Vein,66,1.0,2.5,1.5,99.0,celticpiping,/warp celt,3151,FX_02,/warp 1,66,4749 -46 -13276,8592 -33 -2020,2026-05-28 23:47:55,2026-05-26 23:53:26
Raw Iron,195,8.0,8.5,0.5,97.5,MaddysinLeigh,/warp maddy's mega mall,195,Dwarffles,/warp bulk sell,3456,-8971 73 -9406,-4018 117 12335,2026-05-29 00:54:11,2026-05-28 23:34:06
Sugar Cane,64,0.5,2.0,1.5,96.0,glossycherry,/warp cherry shop,64,Polite_player,/warp sell materials,1752,-12113 6 138,-19268 71 9326,2026-05-28 23:59:09,2026-07-08 23:36:03
Gravel,96,3.0,4.0,1.0,96.0,Effortles,/warp sale,96,Allyri,/warp ri,2752,-13444 -6 4362,-5238 174 -4788,2026-05-29 11:31:19,2026-05-29 11:18:20
Cobblestone,64,0.5,2.0,1.5,96.0,GladdeBamibal927,/warp frog shop,64,MissLion1997,/warp blue,3456,-14747 47 7,-1820 72 6162,2026-05-29 00:37:11,2026-05-28 23:31:47
Jungle Sapling,38,5.0,7.5,2.5,95.0,kiwi_241,/warp v.i.p room,38,Killablob,/warp killashop,3456,-1421 63 -2485,11575 72 -5270,2026-05-29 12:23:13,2026-05-30 11:12:42
Raw Chicken,347,0.0,0.27,0.27,93.69000000000001,FX_02,/warp sell me ores,347,Server,/shop,999999999,-10030 138 3513,0 0 0,2026-05-29 11:34:53,2026-05-31 12:15:00
Deepslate Iron Ore,17,24.5,30.0,5.5,93.5,RubberDucky7474,/warp nethersunny,17,SerSicerio,/warp serstore,3456,14236 71 3605,-17668 159 18759,2026-05-29 10:38:35,2026-08-07 08:18:50
Raw Porkchop,344,0.0,0.27,0.27,92.88000000000001,FX_02,/warp sell me ores,344,Server,/shop,999999999,-10035 138 3513,0 0 0,2026-05-29 11:34:57,2026-05-31 12:15:00
Carrot,100,0.1,1.0,0.9,90.0,czsunny12,/warp czshop,1390,FX_02,/warp 1,100,7460 67 -10066,8584 -36 -2009,2026-08-07 08:31:26,2026-05-26 23:55:42
Tube Coral Block,9,5.0,15.0,10.0,90.0,Ayame989,/warp village hall,9,NoWaterJustIce,/warp 1,3456,-9104 72 13746,8582 -27 -2010,2026-05-29 12:28:42,2026-05-26 23:48:54
Lever,60,1.0,2.5,1.5,90.0,glossycherry,/warp cherry shop,60,FX_02,/warp 1,2940,-12113 9 127,8588 -36 -2004,2026-05-28 23:59:20,2026-05-26 23:55:18
Splash Potion,6,110.0,125.0,15.0,90.0,Harmony_Gold_,/warp wood shop,6,FX_02,/warp 1,18,-6139 25 1449,8594 -33 -2004,2026-05-29 12:42:53,2026-05-26 23:50:59
Powered Rail,6,15.0,30.0,15.0,90.0,celticpiping,/warp celt,6,FX_02,/warp 1,2106,4740 -41 -13255,8585 -38 -2004,2026-08-07 09:40:35,2026-05-26 23:55:29
Fermented Spider Eye,12,25.0,32.5,7.5,90.0,Iniacent,/warp one,12,FX_02,/warp 1,61,4249 150 6875,8588 -33 -2004,2026-05-29 10:53:55,2026-05-26 23:51:15
Raw Beef,332,0.0,0.27,0.27,89.64,FX_02,/warp sell me ores,332,Server,/shop,999999999,-10020 138 3513,0 0 0,2026-05-29 11:35:16,2026-05-31 12:15:00
Pale Oak Leaves,128,2.3,3.0,0.7000000000000002,89.60000000000002,kiwi_241,/warp v.i.p room,128,AKoopa,/warp koopa,3456,-1416 64 -2509,13323 115 -6494,2026-05-29 12:22:51,2026-05-30 10:27:50
Feather,331,0.0,0.27,0.27,89.37,FX_02,/warp sell me ores,331,Server,/shop,999999999,-10032 138 3513,0 0 0,2026-05-29 11:34:55,2026-05-31 12:15:00
Lever,89,1.5,2.5,1.0,89.0,Harmony_Gold_,/warp wood shop,89,FX_02,/warp 1,2940,-6125 28 1438,8588 -36 -2004,2026-05-29 12:42:31,2026-05-26 23:55:18
Magma Block,44,3.0,5.0,2.0,88.0,Exestive,/warp luxeria,410,FX_02,/warp 1,3181,9821 160 16212,8584 -33 -2015,2026-05-29 00:44:55,2026-05-26 23:52:10
Raw Porkchop,324,0.0,0.27,0.27,87.48,FX_02,/warp sell me ores,324,Server,/shop,999999999,-10038 133 3509,0 0 0,2026-05-29 11:33:34,2026-05-31 12:15:00
Raw Porkchop,324,0.0,0.27,0.27,87.48,FX_02,/warp sell me ores,324,Server,/shop,999999999,-10036 133 3509,0 0 0,2026-05-29 11:33:36,2026-05-31 12:15:00
Spider Eye,321,0.0,0.27,0.27,86.67,FX_02,/warp 1,321,kaaip,/warp one,3456,8551 -31 -2048,4246 151 6813,2026-05-31 21:56:47,2026-05-29 10:48:41
Smooth Stone,173,2.0,2.5,0.5,86.5,Hobosapian,/warp shopbo,622,Effortles,/warp sale,3456,14596 77 -1412,-13440 -4 4362,2026-07-08 23:45:32,2026-05-29 11:31:38
Spider Eye,320,0.0,0.27,0.27,86.4,FX_02,/warp 1,320,kaaip,/warp one,3456,8551 -33 -2048,4249 151 6813,2026-05-31 21:56:42,2026-05-29 10:48:38
Rotten Flesh,1728,0.2,0.25,0.04999999999999999,86.39999999999998,tazrar,/warp farm stuff,1728,kaaip,/warp one,3456,17362 79 11877,4279 150 6814,2026-05-29 00:30:12,2026-05-29 10:49:23
Feather,317,0.0,0.27,0.27,85.59,FX_02,/warp sell me ores,317,Server,/shop,999999999,-10033 138 3513,0 0 0,2026-05-29 11:34:56,2026-05-31 12:15:00
Spider Eye,316,0.0,0.27,0.27,85.32000000000001,FX_02,/warp 1,316,kaaip,/warp one,3456,8551 -32 -2048,4248 151 6813,2026-05-31 21:56:45,2026-05-29 10:48:39
Splash Potion,1,40.0,125.0,85.0,85.0,_ZippyCastle5557,/warp zippyworld,14,FX_02,/warp 1,8,-12410 77 -9774,8601 -30 -2005,2026-07-01 21:19:41,2026-05-26 23:50:29
Copper Ingot,169,3.5,4.0,0.5,84.5,RubberDucky7474,/warp nethersunny,169,Mio_TOT,/warp soupshop,3158,14237 68 3604,-13688 -8 130,2026-05-29 10:38:29,2026-07-05 11:15:12
Iron Ingot,84,3.0,4.0,1.0,84.0,Alisa12345,/warp shrimp shop,84,MaddysinLeigh,/warp maddy's mega mall,3405,-7115 115 -17576,-8970 74 -9404,2026-05-29 11:44:07,2026-05-29 00:54:14
Spider Eye,1175,0.2,0.27,0.07,82.25000000000001,glossycherry,/warp cherry shop,1175,kaaip,/warp one,3456,-12100 7 131,4246 151 6813,2026-05-29 00:00:09,2026-05-29 10:48:41
String,257,0.0,0.32,0.32,82.24,FX_02,/warp 1,257,kaaip,/warp one,3456,8551 -34 -2041,4246 150 6814,2026-06-01 17:33:39,2026-05-29 10:48:34
Spider Eye,1158,0.2,0.27,0.07,81.06,MaddysinLeigh,/warp maddy's mega mall,3456,kaaip,/warp one,3456,-8972 73 -9453,4249 151 6813,2026-05-29 00:53:01,2026-05-29 10:48:38
Cocoa Beans,81,0.5,1.5,1.0,81.0,glossycherry,/warp cherry shop,81,FX_02,/warp 1,369,-12113 7 138,8584 -38 -2012,2026-05-28 23:59:08,2026-05-26 23:55:50
Jungle Leaves,40,1.0,3.0,2.0,80.0,tazrar,/warp farm stuff,40,AKoopa,/warp koopa,3456,17348 69 11846,13325 115 -6488,2026-05-29 00:28:58,2026-05-30 10:27:59
Tube Coral,4,5.0,25.0,20.0,80.0,Ayame989,/warp village hall,4,NoWaterJustIce,/warp 1,3236,-9092 70 13759,8586 -27 -2010,2026-05-29 12:29:56,2026-05-26 23:48:47
Birch Log,20,2.0,6.0,4.0,80.0,Ayame989,/warp village hall,20,Effortles,/warp sale,3456,-9077 70 13787,-13430 -4 4375,2026-05-29 12:29:38,2026-05-29 11:28:53
Copper Ore,8,15.0,25.0,10.0,80.0,RubberDucky7474,/warp nethersunny,8,FX_02,/warp 1,836,14237 68 3603,8601 -42 -2004,2026-05-29 10:38:28,2026-05-26 23:57:26
Pumpkin,64,1.5,2.73,1.23,78.72,tazrar,/warp farm stuff,64,Allyri,/warp ri,2234,17386 73 11852,-5228 173 -4853,2026-05-29 00:26:28,2026-05-29 11:22:23
Gravel,77,3.0,4.0,1.0,77.0,Dani3537,/warp daniwarp,77,Allyri,/warp ri,2493,10645 92 -13165,-5241 172 -4788,2026-05-29 00:08:25,2026-05-29 11:18:23
Raw Porkchop,285,0.0,0.27,0.27,76.95,FX_02,/warp sell me ores,285,Server,/shop,999999999,-10034 133 3509,0 0 0,2026-05-29 11:33:37,2026-05-31 12:15:00
Light Gray Concrete,38,8.0,10.0,2.0,76.0,MaddysinLeigh,/warp maddy's mega mall,38,Puppies75200,/warp SellConcrete,3456,-9091 70 -9464,5183 1 -13471,2026-05-29 10:26:06,2026-05-29 11:38:47
Pumpkin,104,2.0,2.73,0.73,75.92,Ayame989,/warp village hall,104,Allyri,/warp ri,3456,-9077 63 13754,-5230 174 -4854,2026-05-29 12:28:22,2026-05-29 11:22:21
Splash Potion,1,50.0,125.0,75.0,75.0,Harmony_Gold_,/warp wood shop,14,FX_02,/warp 1,1,-6140 25 1449,8601 -32 -2005,2026-05-29 12:42:53,2026-05-26 23:50:25
Powered Rail,15,25.0,30.0,5.0,75.0,Hobosapian,/warp shopbo,15,FX_02,/warp 1,2106,14620 77 -1405,8585 -38 -2004,2026-07-08 23:43:33,2026-05-26 23:55:29
Bubble Coral,15,20.0,25.0,5.0,75.0,RubberDucky7474,/warp nethersunny,15,NoWaterJustIce,/warp 1,3247,14226 79 3642,8585 -27 -2014,2026-05-29 10:40:01,2026-05-26 23:49:09
Jungle Leaves,106,2.3,3.0,0.7000000000000002,74.20000000000002,kiwi_241,/warp v.i.p room,106,AKoopa,/warp koopa,3456,-1415 64 -2485,13325 115 -6488,2026-05-29 12:23:15,2026-05-30 10:27:59
Cyan Concrete,37,8.0,10.0,2.0,74.0,MaddysinLeigh,/warp maddy's mega mall,37,Puppies75200,/warp SellConcrete,1049,-9079 70 -9470,5190 1 -13471,2026-05-29 10:27:43,2026-05-29 11:38:52
Amethyst Cluster,7,95.0,105.0,10.0,70.0,Soup__booty,/warp soupshop,7,Allyri,/warp ri,2458,9893 59 -12554,-5161 168 -4814,2026-05-29 11:50:11,2026-05-29 11:23:20
Sunny Hoe,1,50.0,120.0,70.0,70.0,Hobosapian,/warp shopbo,12,AKoopa,/warp koopa,1,14601 77 -1403,13252 114 -6452,2026-07-08 23:45:47,2026-05-30 10:20:54
Smooth Sandstone,279,1.0,1.25,0.25,69.75,MaddysinLeigh,/warp 909mall,279,_ZippyCastle5557,/warp zippyworld,3456,8869 65 -13442,-12404 75 -9798,2026-05-30 12:52:38,2026-07-01 21:21:15
Nether Wart,23,2.0,5.0,3.0,69.0,MaddysinLeigh,/warp maddy's mega mall,23,Dwarffles,/warp bulk sell,1587,-9089 73 -9417,-4016 118 12338,2026-05-29 00:56:59,2026-05-28 23:33:57
Mycelium,34,4.0,6.0,2.0,68.0,FX_02,/warp 1,34,SerSicerio,/warp serstore,3456,8597 -43 -2020,-17616 159 18761,2026-05-26 23:59:36,2026-08-07 08:17:31
Black Concrete,33,8.0,10.0,2.0,66.0,MaddysinLeigh,/warp maddy's mega mall,33,Puppies75200,/warp SellConcrete,1596,-9091 70 -9468,5181 1 -13471,2026-05-29 10:26:22,2026-05-29 11:38:45
Brain Coral,13,20.0,25.0,5.0,65.0,RubberDucky7474,/warp nethersunny,13,NoWaterJustIce,/warp 1,3276,14226 79 3641,8586 -28 -2009,2026-05-29 10:40:00,2026-05-26 23:48:46
Slimeball,65,1.0,2.0,1.0,65.0,Dwarffles,/warp lidl,65,Effortles,/warp sale,3456,-3913 153 12311,-13454 -4 4362,2026-07-05 11:20:19,2026-05-29 11:31:04
Spider Eye,238,0.0,0.27,0.27,64.26,FX_02,/warp 1,238,kaaip,/warp one,3456,8551 -34 -2046,4246 151 6813,2026-06-01 17:33:48,2026-05-29 10:48:41
White Wool,128,0.0,0.5,0.5,64.0,Bonusmile,/warp free wool,3456,Effortles,/warp sale,128,11263 112 -11997,-13465 -4 4400,2026-05-29 00:34:47,2026-05-29 11:30:07
Firework Rocket,255,0.75,1.0,0.25,63.75,TycoRC,/warp !tyco's shop,2816,_ZippyCastle5557,/warp zippyworld,3456,-1747 41 3324,-12392 75 -9787,2026-05-28 11:23:19,2026-07-01 21:28:15
Raw Porkchop,234,0.0,0.27,0.27,63.18000000000001,FX_02,/warp sell me ores,234,Server,/shop,999999999,-10037 133 3509,0 0 0,2026-05-29 11:33:35,2026-05-31 12:15:00
Sunny Boots,3,100.0,120.0,20.0,60.0,NoWaterJustIce,/warp prismarine+,40,AKoopa,/warp koopa,27,-13328 290 8305,13255 114 -6461,2026-05-29 11:16:04,2026-05-30 10:21:04
Jungle Sapling,24,5.0,7.5,2.5,60.0,tazrar,/warp farm stuff,24,FX_02,/warp 1,3002,17348 72 11847,8591 -40 -2004,2026-05-29 00:29:00,2026-05-26 23:57:40
Iron Ingot,8,0.0,7.5,7.5,60.0,TurtylBro,/warp free iron,8,FX_02,/warp 1,368,-18682 63 7372,8601 -42 -2010,2026-05-29 00:34:31,2026-06-23 23:35:43
Fire Coral,3,5.0,25.0,20.0,60.0,Ayame989,/warp village hall,3,NoWaterJustIce,/warp 1,3202,-9092 70 13764,8585 -28 -2015,2026-05-29 12:29:53,2026-05-26 23:49:07
Orange Concrete Powder,24,5.5,8.0,2.5,60.0,MaddysinLeigh,/warp maddy's mega mall,24,Puppies75200,/warp SellConcrete,896,-9087 69 -9470,5194 0 -13470,2026-05-29 10:27:08,2026-05-29 11:38:30
Spider Eye,830,0.2,0.27,0.07,58.10000000000001,tazrar,/warp farm stuff,1246,kaaip,/warp one,3456,17366 78 11877,4248 151 6813,2026-05-29 00:30:20,2026-05-29 10:48:39
Raw Porkchop,210,0.0,0.27,0.27,56.7,FX_02,/warp sell me ores,210,Server,/shop,999999999,-10039 138 3513,0 0 0,2026-05-29 11:35:01,2026-05-31 12:15:00
Potato,188,0.5,0.8,0.30000000000000004,56.400000000000006,tazrar,/warp farm stuff,192,AKoopa,/warp koopa,3456,17386 75 11853,13258 113 -6419,2026-05-29 00:26:29,2026-05-30 10:19:46
Tuff,256,3.5,3.72,0.2200000000000002,56.32000000000005,glossycherry,/warp cherry shop,256,Allyri,/warp ri,1728,-12100 9 174,-5234 172 -4789,2026-05-29 00:00:58,2026-05-29 11:18:15
Pale Oak Sapling,112,7.0,7.5,0.5,56.0,Harmony_Gold_,/warp wood shop,112,FX_02,/warp 1,2788,-6170 28 1403,8591 -43 -2004,2026-05-29 12:33:46,2026-05-26 23:57:45
Lead,56,4.0,5.0,1.0,56.0,Abbie_Kills,/warp decor,56,Effortles,/warp sale,3456,18554 22 976,-13444 -5 4372,2026-05-29 00:12:21,2026-05-29 11:27:59
Glow Ink Sac,8,1.0,8.0,7.0,56.0,czsunny12,/warp czshop,8,Effortles,/warp sale,3456,7460 66 -10069,-13443 -5 4372,2026-08-07 08:31:18,2026-05-29 11:27:58
Raw Porkchop,207,0.0,0.27,0.27,55.89,FX_02,/warp sell me ores,207,Server,/shop,999999999,-10035 133 3509,0 0 0,2026-05-29 11:33:37,2026-05-31 12:15:00
Lapis Lazuli,10,0.75,6.3,5.55,55.5,Alisa12345,/warp shrimp shop,10,Effortles,/warp sale,3456,-7112 112 -17576,-13446 -5 4390,2026-05-29 11:44:10,2026-05-29 11:26:44
Arrow,171,0.0,0.32,0.32,54.72,FX_02,/warp 1,171,kaaip,/warp one,3456,8571 -32 -2046,4266 151 6813,2026-06-01 17:34:26,2026-05-29 10:48:53
Raw Beef,201,0.0,0.27,0.27,54.27,FX_02,/warp sell me ores,201,Server,/shop,999999999,-10021 133 3509,0 0 0,2026-07-26 20:38:07,2026-05-31 12:15:00
String,163,0.0,0.32,0.32,52.160000000000004,FX_02,/warp 1,163,kaaip,/warp one,3456,8551 -30 -2041,4245 150 6814,2026-05-31 21:55:38,2026-06-23 23:32:06
Pale Oak Log,26,4.0,6.0,2.0,52.0,kiwi_241,/warp v.i.p room,70,Crazy69,/warp crazysshop,3456,-1408 64 -2509,-11758 65 15208,2026-05-29 12:22:53,2026-08-07 08:28:17
Sandstone,104,2.0,2.5,0.5,52.0,tazrar,/warp farm stuff,104,Crazy69,/warp crazysshop,3456,17362 79 11827,-11787 65 15208,2026-05-29 00:28:35,2026-08-07 08:27:15
Oak Log,52,4.0,5.0,1.0,52.0,dak5h,/warp dak,52,Effortles,/warp sale,3456,-11625 43 -582,-13430 -4 4373,2026-05-27 11:57:35,2026-05-29 11:28:55
Dripstone Block,52,3.0,4.0,1.0,52.0,Alisa12345,/warp shrimp shop,52,SerSicerio,/warp serstore,3456,-7112 115 -17576,-17617 159 18776,2026-05-29 11:44:08,2026-08-07 08:16:44
Packed Ice,26,4.0,6.0,2.0,52.0,Hobosapian,/warp shopbo,26,SerSicerio,/warp serstore,3456,14596 77 -1416,-17617 159 18774,2026-07-08 23:45:37,2026-08-07 08:16:43
Bone,1728,0.35,0.38,0.030000000000000027,51.840000000000046,midwu,/warp panda,1728,kaaip,/warp one,3456,15690 71 11954,4266 150 6814,2026-08-07 08:14:02,2026-05-29 10:48:52
Bone,1728,0.35,0.38,0.030000000000000027,51.840000000000046,midwu,/warp panda,1728,kaaip,/warp one,3456,15690 71 11952,4264 150 6814,2026-08-07 08:14:03,2026-05-29 10:48:51
Cherry Leaves,25,1.0,3.0,2.0,50.0,tazrar,/warp farm stuff,25,AKoopa,/warp koopa,3456,17351 69 11852,13310 115 -6494,2026-05-29 00:28:43,2026-05-30 10:27:32
Block of Iron,2,10.0,35.0,25.0,50.0,Ayame989,/warp village hall,2,AKoopa,/warp koopa,3456,-9092 63 13786,13311 114 -6420,2026-05-29 12:27:54,2026-05-30 10:31:51
Raw Cod,709,0.2,0.27,0.07,49.63,tazrar,/warp farm stuff,709,Server,/shop,999999999,17350 75 11875,0 0 0,2026-05-29 00:31:10,2026-05-31 12:15:00
Raw Chicken,271,0.1,0.28,0.18000000000000002,48.78000000000001,MaddysinLeigh,/warp maddy's mega mall,271,FX_02,/warp 1,2784,-9095 74 -9465,8580 -23 -2161,2026-05-29 00:58:29,2026-05-27 00:06:20
Raw Beef,179,0.0,0.27,0.27,48.330000000000005,FX_02,/warp sell me ores,179,Server,/shop,999999999,-10019 138 3513,0 0 0,2026-05-29 11:35:17,2026-05-31 12:15:00
Crimson Fungus,32,6.0,7.5,1.5,48.0,Harmony_Gold_,/warp wood shop,32,Killablob,/warp killashop,3456,-6139 25 1410,11575 72 -5275,2026-05-29 12:41:37,2026-05-30 11:12:46
Spider Eye,177,0.0,0.27,0.27,47.790000000000006,FX_02,/warp 1,177,kaaip,/warp one,3456,8551 -34 -2044,4245 151 6813,2026-05-31 21:56:54,2026-05-29 10:48:42
Leather,95,1.0,1.5,0.5,47.5,celticpiping,/warp celt,95,FX_02,/warp 1,848,4740 -41 -13239,8595 -36 -2020,2026-08-07 09:40:23,2026-05-26 23:56:40
Sweet Berries,63,0.25,1.0,0.75,47.25,Crazy69,/warp crazysshop,63,FX_02,/warp 1,1785,-11755 63 15203,8584 -38 -2015,2026-08-07 08:27:45,2026-05-26 23:56:02
Cactus,62,0.25,1.0,0.75,46.5,Crazy69,/warp crazysshop,62,FX_02,/warp 1,64,-11757 63 15203,8584 -37 -2018,2026-08-07 08:27:44,2026-05-26 23:56:06
Cobblestone,46,1.0,2.0,1.0,46.0,Harmony_Gold_,/warp wood shop,188,MissLion1997,/warp blue,3456,-6125 25 1420,-1820 72 6162,2026-05-29 12:41:59,2026-05-28 23:31:47
Deepslate,97,1.0,1.47,0.47,45.589999999999996,celticpiping,/warp celt,3456,Allyri,/warp ri,3456,4737 -44 -13281,-5230 175 -4789,2026-05-28 23:47:30,2026-05-29 11:18:11
Stick,903,0.1,0.15,0.04999999999999999,45.14999999999999,czsunny12,/warp czshop,3456,_ZippyCastle5557,/warp zippyworld,3456,7460 66 -10063,-12419 75 -9816,2026-08-07 08:31:22,2026-07-01 21:22:36
End Stone,15,1.0,4.0,3.0,45.0,tazrar,/warp farm stuff,15,SerSicerio,/warp serstore,512,17366 73 11862,-17622 159 18769,2026-05-29 00:29:42,2026-08-07 08:16:23
Warped Fungus,30,6.0,7.5,1.5,45.0,Harmony_Gold_,/warp wood shop,30,Killablob,/warp killashop,3456,-6136 25 1410,11575 72 -5276,2026-05-29 12:41:39,2026-05-30 11:12:46
Warped Fungus,10,3.0,7.5,4.5,45.0,Exestive,/warp luxeria,10,Killablob,/warp killashop,3456,9829 177 16213,11575 72 -5276,2026-05-29 00:47:47,2026-05-30 11:12:46
Composter,18,10.0,12.5,2.5,45.0,Abbie_Kills,/warp decor,18,FX_02,/warp 1,19,18569 20 1014,8601 -36 -2006,2026-05-29 00:11:42,2026-05-26 23:54:14
Pale Oak Log,44,4.0,5.0,1.0,44.0,kiwi_241,/warp v.i.p room,70,FX_02,/warp 1,3456,-1408 64 -2509,8585 -43 -2004,2026-05-29 12:22:53,2026-05-26 23:58:00
Lapis Lazuli Ore,2,18.0,40.0,22.0,44.0,celticpiping,/warp celt,2,SerSicerio,/warp serstore,3456,4804 -40 -13241,-17673 159 18754,2026-05-28 23:51:54,2026-08-07 08:18:21
Cherry Log,21,4.0,6.0,2.0,42.0,AKoopa,/warp koopa,21,Effortles,/warp sale,3456,13308 114 -6493,-13430 -4 4378,2026-05-30 10:27:30,2026-05-29 11:28:51
Horn Coral,2,5.0,25.0,20.0,40.0,celticpiping,/warp celt,2,NoWaterJustIce,/warp 1,3213,4748 -38 -13226,8580 -27 -2011,2026-05-28 23:55:55,2026-05-26 23:48:58
Emerald,4,20.0,30.0,10.0,40.0,will1608,/warp shopwill,4,LilOldman,/warp lom,3456,16751 72 -16859,-10322 64 -548,2026-05-29 11:42:19,2026-07-26 19:28:14
Brain Coral,4,15.0,25.0,10.0,40.0,MaddysinLeigh,/warp maddy's mega mall,4,NoWaterJustIce,/warp 1,3276,-9011 73 -9413,8586 -28 -2009,2026-05-29 00:54:53,2026-05-26 23:48:46
Bundle,10,1.0,5.0,4.0,40.0,Hobosapian,/warp shopbo,10,Killablob,/warp killashop,27,14614 77 -1418,11581 72 -5264,2026-07-08 23:43:19,2026-05-30 11:12:57
Brain Coral,2,5.0,25.0,20.0,40.0,Ayame989,/warp village hall,2,NoWaterJustIce,/warp 1,3276,-9092 70 13763,8586 -28 -2009,2026-05-29 12:29:54,2026-05-26 23:48:46
Sunny Chestplate,2,100.0,120.0,20.0,40.0,emattj1s,/warp hideout,2,AKoopa,/warp koopa,27,-14429 -24 -350,13252 114 -6461,2026-08-01 22:46:12,2026-05-30 10:21:06
Carrot,112,0.5,0.84,0.33999999999999997,38.08,Crazy69,/warp crazysshop,2678,Killablob,/warp killashop,1402,-11767 63 15203,11563 72 -5296,2026-08-07 08:27:38,2026-05-30 10:57:16
Podzol,18,2.0,4.0,2.0,36.0,will1608,/warp shopwill,18,SerSicerio,/warp serstore,3456,16747 72 -16841,-17617 159 18770,2026-05-29 11:43:05,2026-08-07 08:16:40
Birch Sapling,6,1.5,7.5,6.0,36.0,Puppies75200,/warp nethersunny,6,Killablob,/warp killashop,3456,14246 77 3595,11575 72 -5267,2026-05-29 10:40:41,2026-05-30 11:12:40
Yellow Concrete,18,8.0,10.0,2.0,36.0,MaddysinLeigh,/warp maddy's mega mall,18,Puppies75200,/warp SellConcrete,2026,-9085 70 -9470,5193 1 -13471,2026-05-29 10:27:24,2026-05-29 11:38:54
Cactus,90,0.42,0.82,0.39999999999999997,36.0,Store,/warp @,3456,AKoopa,/warp koopa,3456,14615 235 7830,13251 113 -6434,2026-05-28 11:27:31,2026-05-30 10:20:04
Feather,1186,0.25,0.28,0.030000000000000027,35.580000000000034,Harmony_Gold_,/warp wood shop,1728,FX_02,/warp 1,3456,-6147 25 1449,8581 -22 -2151,2026-05-29 12:43:05,2026-05-27 00:06:30
Dispenser,1,15.0,50.0,35.0,35.0,celticpiping,/warp celt,1,FX_02,/warp 1,2980,4740 -41 -13260,8594 -37 -2004,2026-08-07 09:40:41,2026-07-05 11:22:27
Ochre Froglight,432,1.5,1.58,0.08000000000000007,34.56000000000003,MaddysinLeigh,/warp maddy's mega mall,3456,Allyri,/warp ri,1740,-8971 73 -9470,-5263 174 -4846,2026-05-29 00:52:47,2026-05-29 11:21:46
Arrow,489,0.25,0.32,0.07,34.230000000000004,Breezy7474,/warp nethersunny,489,kaaip,/warp one,3456,14230 92 3644,4265 151 6813,2026-05-29 10:43:21,2026-05-29 10:48:54
Ochre Froglight,420,1.5,1.58,0.08000000000000007,33.60000000000003,Dwarffles,/warp lidl,1728,Allyri,/warp ri,3328,-3918 156 12306,-5263 174 -4844,2026-05-29 00:41:47,2026-05-29 11:21:44
Raw Iron,66,8.0,8.5,0.5,33.0,AKoopa,/warp koopa,66,Dwarffles,/warp bulk sell,3456,13315 113 -6420,-4018 116 12337,2026-05-30 10:31:47,2026-05-28 23:34:04
White Stained Glass,64,3.0,3.5,0.5,32.0,celticpiping,/warp celt,64,MaddysinLeigh,/warp maddy's mega mall,3432,4815 -47 -13229,-9091 73 -9463,2026-07-26 19:15:01,2026-05-29 10:29:14
Glow Lichen,16,1.0,3.0,2.0,32.0,tazrar,/warp farm stuff,16,Effortles,/warp sale,3456,17347 77 11885,-13456 -5 4395,2026-05-29 00:32:09,2026-05-29 11:27:25
Paper,64,1.0,1.5,0.5,32.0,midwu,/warp panda,64,FX_02,/warp 1,3456,15666 71 11978,8584 -36 -2018,2026-08-07 08:14:56,2026-05-26 23:56:09
Coal,155,2.5,2.7,0.20000000000000018,31.00000000000003,RubberDucky7474,/warp nethersunny,155,Server,/shop,999999999,14231 68 3602,0 0 0,2026-05-29 10:38:19,2026-05-31 12:15:00
Redstone Dust,44,0.3,1.0,0.7,30.799999999999997,Richcrypt,/warp richshop,300,SerSicerio,/warp aqua giveaway,44,8378 -3 15945,-17676 158 18746,2026-05-29 11:25:09,2026-07-01 21:15:28
Iron Ingot,4,0.0,7.5,7.5,30.0,TurtylBro,/warp free iron,4,FX_02,/warp 1,368,-18686 63 7372,8601 -42 -2010,2026-05-29 00:34:35,2026-06-23 23:35:43
Bubble Coral,6,20.0,25.0,5.0,30.0,MaddysinLeigh,/warp maddy's mega mall,6,NoWaterJustIce,/warp 1,3247,-9011 73 -9409,8585 -27 -2014,2026-05-29 00:54:55,2026-05-26 23:49:09
Saddle,3,15.0,25.0,10.0,30.0,Amazement,/warp sell me keys,30,Crazy69,/warp crazysshop,27,-10355 -42 4554,-11762 65 15210,2026-05-29 11:32:19,2026-05-27 11:48:32
Spider Eye,416,0.2,0.27,0.07,29.120000000000005,tazrar,/warp farm stuff,1246,kaaip,/warp one,3456,17366 78 11877,4247 151 6813,2026-05-29 00:30:20,2026-05-29 10:48:40
Deepslate,2866,1.0,1.01,0.010000000000000009,28.660000000000025,celticpiping,/warp celt,3456,Amazement,/warp sell me keys,3401,4735 -45 -13281,-10356 -42 4559,2026-05-28 23:47:28,2026-05-29 11:32:13
Nether Quartz,22,5.0,6.3,1.2999999999999998,28.599999999999994,Alisa12345,/warp shrimp shop,22,Effortles,/warp sale,3456,-7092 113 -17576,-13468 -4 4382,2026-05-29 11:44:31,2026-07-08 23:39:26
Mangrove Propagule,4,3.0,10.0,7.0,28.0,Alisa12345,/warp shrimp shop,4,FX_02,/warp 1,3096,-7097 115 -17576,8584 -42 -2006,2026-05-29 11:44:25,2026-05-26 23:58:03
Gravel,14,2.0,4.0,2.0,28.0,_ZippyCastle5557,/warp zippyworld,14,Allyri,/warp ri,2752,-12406 73 -9814,-5238 174 -4788,2026-07-01 21:22:02,2026-05-29 11:18:20
Coarse Dirt,54,2.0,2.5,0.5,27.0,tazrar,/warp farm stuff,54,FX_02,/warp 1,3248,17361 70 11829,8595 -41 -2020,2026-05-29 00:27:39,2026-05-26 23:59:11
Apple,53,2.0,2.5,0.5,26.5,Hobosapian,/warp shopbo,53,FX_02,/warp 1,2641,14615 75 -1410,8584 -37 -2012,2026-07-08 23:44:10,2026-05-26 23:55:52
Nether Wart Block,13,3.0,5.0,2.0,26.0,emattj1s,/warp hideout,13,Effortles,/warp sale,3456,-14436 -25 -322,-13468 -4 4377,2026-08-01 22:47:53,2026-05-29 11:30:28
Mossy Stone Bricks,26,3.0,4.0,1.0,26.0,Toxic_coco,/warp !,26,FX_02,/warp 1,2084,9614 -41 5483,8584 -41 -2012,2026-05-28 11:19:07,2026-05-26 23:58:23
Emerald,1,5.0,30.0,25.0,25.0,tazrar,/warp farm stuff,1,LilOldman,/warp lom,3456,17363 75 11899,-10322 64 -548,2026-05-29 00:32:30,2026-07-26 19:28:14
Splash Potion,1,100.0,125.0,25.0,25.0,emattj1s,/warp hideout,12,FX_02,/warp 1,1,-14421 -24 -341,8599 -33 -2004,2026-08-01 22:45:39,2026-05-26 23:50:39
Gold Ingot,5,10.0,15.0,5.0,25.0,AKoopa,/warp koopa,5,FX_02,/warp 1,3456,13319 113 -6420,8601 -40 -2010,2026-05-30 10:31:42,2026-05-26 23:57:07
Splash Potion,1,100.0,125.0,25.0,25.0,emattj1s,/warp hideout,20,FX_02,/warp 1,1,-14424 -25 -340,8601 -33 -2005,2026-08-01 22:45:31,2026-05-26 23:50:23
Tube Coral,5,20.0,25.0,5.0,25.0,MaddysinLeigh,/warp maddy's mega mall,5,NoWaterJustIce,/warp 1,3236,-9011 73 -9417,8586 -27 -2010,2026-05-29 00:54:51,2026-05-26 23:48:47
Splash Potion,1,100.0,125.0,25.0,25.0,emattj1s,/warp hideout,12,FX_02,/warp 1,18,-14421 -24 -341,8594 -33 -2004,2026-08-01 22:45:39,2026-05-26 23:50:59
Pearlescent Froglight,307,1.5,1.58,0.08000000000000007,24.560000000000024,SpaghettiPasta,/warp one,307,Allyri,/warp ri,3014,4235 152 6871,-5263 173 -4844,2026-05-29 10:55:59,2026-05-29 11:21:44
Weeping Vines,49,2.0,2.5,0.5,24.5,Ayame989,/warp village hall,49,FX_02,/warp 1,3151,-9092 72 13764,8584 -30 -2006,2026-05-29 12:30:00,2026-05-26 23:51:36
Mycelium,8,3.0,6.0,3.0,24.0,AKoopa,/warp koopa,8,SerSicerio,/warp serstore,3456,13254 114 -6480,-17616 159 18761,2026-05-30 10:21:45,2026-08-07 08:17:31
Blackstone,48,3.5,4.0,0.5,24.0,Harmony_Gold_,/warp wood shop,48,Effortles,/warp sale,3456,-6140 25 1414,-13430 -4 4363,2026-05-29 12:41:48,2026-06-23 23:41:48
Raw Iron,47,8.0,8.5,0.5,23.5,emattj1s,/warp hideout,47,Dwarffles,/warp bulk sell,3456,-14400 -24 -326,-4018 117 12335,2026-08-01 22:48:45,2026-05-28 23:34:06
Sugar Cane,47,1.0,1.5,0.5,23.5,Abbie_Kills,/warp decor,528,Dwarffles,/warp bulk sell,1728,18582 28 959,-4016 116 12333,2026-05-29 00:16:33,2026-05-28 23:34:19
Birch Sapling,5,3.0,7.5,4.5,22.5,Alisa12345,/warp shrimp shop,5,Killablob,/warp killashop,3456,-7097 113 -17576,11575 72 -5267,2026-05-29 11:44:26,2026-05-30 11:12:40
Polished Blackstone Bricks,11,2.0,4.0,2.0,22.0,Ayame989,/warp village hall,11,Effortles,/warp sale,3456,-9088 63 13800,-13430 -4 4364,2026-05-29 12:27:24,2026-06-23 23:41:49
Birch Log,22,4.0,5.0,1.0,22.0,czsunny12,/warp czshop,22,FX_02,/warp 1,1558,7447 67 -10081,8588 -42 -2004,2026-08-07 08:29:43,2026-05-26 23:57:49
Birch Log,22,4.0,5.0,1.0,22.0,Alisa12345,/warp shrimp shop,22,FX_02,/warp 1,1558,-7087 114 -17569,8588 -42 -2004,2026-05-29 11:44:47,2026-05-26 23:57:49
Sea Pickle,44,2.5,3.0,0.5,22.0,RubberDucky7474,/warp nethersunny,44,NoWaterJustIce,/warp 1,2938,14227 77 3645,8575 -26 -2007,2026-05-29 10:39:54,2026-05-26 23:48:22
Basalt,7,2.0,5.0,3.0,21.0,Ayame989,/warp village hall,7,saltzi,/warp villager trading hall,3456,-9090 63 13800,7129 33 12217,2026-05-29 12:27:25,2026-05-29 12:31:10
Diorite,67,1.2,1.5,0.30000000000000004,20.1,Harmony_Gold_,/warp wood shop,1091,Crazy69,/warp crazysshop,3456,-6125 28 1417,-11780 65 15208,2026-05-29 12:42:05,2026-08-07 08:27:21
Tube Coral,1,5.0,25.0,20.0,20.0,celticpiping,/warp celt,1,NoWaterJustIce,/warp 1,3236,4742 -38 -13224,8586 -27 -2010,2026-05-28 23:56:01,2026-05-26 23:48:47
Horn Coral,4,20.0,25.0,5.0,20.0,MaddysinLeigh,/warp maddy's mega mall,4,NoWaterJustIce,/warp 1,3213,-9011 73 -9401,8580 -27 -2011,2026-05-29 00:54:59,2026-05-26 23:48:58
Emerald,1,10.0,30.0,20.0,20.0,Ayame989,/warp village hall,1,LilOldman,/warp lom,3456,-9090 67 13786,-10322 64 -548,2026-05-29 12:28:03,2026-07-26 19:28:14
Emerald,2,20.0,30.0,10.0,20.0,emattj1s,/warp hideout,2,LilOldman,/warp lom,3456,-14405 -24 -326,-10322 64 -548,2026-08-01 22:48:38,2026-07-26 19:28:14
Sunny Chestplate,1,100.0,120.0,20.0,20.0,Crazy69,/warp crazysshop,54,AKoopa,/warp koopa,27,-11767 63 15215,13252 114 -6461,2026-05-27 11:47:15,2026-05-30 10:21:06
Fire Coral,4,20.0,25.0,5.0,20.0,MaddysinLeigh,/warp maddy's mega mall,4,NoWaterJustIce,/warp 1,3202,-9011 73 -9405,8585 -28 -2015,2026-05-29 00:54:57,2026-05-26 23:49:07
Mangrove Log,3,6.0,12.5,6.5,19.5,tazrar,/warp farm stuff,3,FX_02,/warp 1,2881,17351 71 11848,8584 -43 -2006,2026-05-29 00:29:05,2026-05-26 23:58:02
Clay,7,2.25,5.0,2.75,19.25,Harmony_Gold_,/warp wood shop,7,Effortles,/warp sale,3456,-6125 28 1411,-13468 -4 4393,2026-05-29 12:42:07,2026-05-29 11:30:37
Verdant Froglight,240,1.5,1.58,0.08000000000000007,19.200000000000017,emattj1s,/warp hideout,3456,Allyri,/warp ri,2696,-14439 -25 -325,-5263 175 -4846,2026-08-01 22:48:03,2026-05-29 11:21:45
Brown Mushroom Block,6,2.0,5.0,3.0,18.0,Ayame989,/warp village hall,6,Effortles,/warp sale,3456,-9076 63 13800,-13469 -4 4395,2026-05-29 12:27:15,2026-05-29 11:30:38
Dark Oak Sapling,7,5.0,7.5,2.5,17.5,Harmony_Gold_,/warp wood shop,7,FX_02,/warp 1,2417,-6174 28 1403,8591 -41 -2004,2026-05-29 12:33:48,2026-05-26 23:57:41
Rail,17,5.0,6.0,1.0,17.0,celticpiping,/warp celt,17,dak5h,/warp dak,3456,4739 -40 -13257,-11594 45 -565,2026-05-28 23:46:38,2026-05-27 12:00:29
Leather,33,0.0,0.5,0.5,16.5,FX_02,/warp sell me ores,33,Crazy69,/warp crazysshop,1728,-10025 138 3513,-11768 65 15222,2026-05-29 11:35:13,2026-05-27 11:45:46
Mossy Cobblestone,2,2.0,10.0,8.0,16.0,celticpiping,/warp celt,1775,FX_02,/warp 1,2,4792 -44 -13265,8584 -40 -2012,2026-05-28 23:50:15,2026-05-26 23:58:24
Red Mushroom Block,8,2.0,4.0,2.0,16.0,kiwi_241,/warp v.i.p room,136,AKoopa,/warp koopa,3456,-1420 63 -2522,13325 115 -6480,2026-05-29 12:22:39,2026-05-30 10:28:11
Leather,30,0.0,0.5,0.5,15.0,FX_02,/warp sell me ores,30,Crazy69,/warp crazysshop,1728,-10023 138 3513,-11768 65 15222,2026-05-29 11:35:14,2026-05-27 11:45:46
Magma Block,15,4.0,5.0,1.0,15.0,dak5h,/warp dak,15,FX_02,/warp 1,3181,-11607 43 -579,8584 -33 -2015,2026-05-27 11:58:26,2026-05-26 23:52:10
Deepslate Copper Ore,5,22.0,25.0,3.0,15.0,RubberDucky7474,/warp nethersunny,5,FX_02,/warp 1,3443,14237 71 3603,8601 -43 -2004,2026-05-29 10:38:36,2026-05-26 23:57:28
Phantom Membrane,3,5.0,10.0,5.0,15.0,_ZippyCastle5557,/warp zippyworld,3,MaddysinLeigh,/warp maddy's mega mall,3456,-12423 73 -9806,-8971 74 -9457,2026-07-01 21:24:27,2026-05-29 00:52:55
Ochre Froglight,15,1.0,2.0,1.0,15.0,glossycherry,/warp cherry shop,15,Crazy69,/warp crazysshop,1536,-12113 7 188,-11765 65 15210,2026-05-29 00:01:47,2026-05-27 11:48:34
Moss Block,15,2.0,3.0,1.0,15.0,Q_Papi,/warp one,2815,FX_02,/warp 1,847,4228 152 6876,8597 -32 -2015,2026-05-29 10:53:29,2026-05-26 23:53:46
Crimson Fungus,6,5.0,7.5,2.5,15.0,newyorksong,/warp aaashop,6,Killablob,/warp killashop,3456,12536 64 -6836,11575 72 -5275,2026-05-28 11:36:09,2026-05-30 11:12:46
Coal,72,2.5,2.7,0.20000000000000018,14.400000000000013,Tyty42021,/warp tytys everything shop,72,Server,/shop,999999999,10428 38 9483,0 0 0,2026-08-07 08:24:18,2026-05-31 12:15:00
Crimson Nylium,14,5.0,6.0,1.0,14.0,FX_02,/warp 1,14,SerSicerio,/warp serstore,3456,8586 -32 -2004,-17630 159 18748,2026-05-26 23:51:25,2026-08-07 08:17:55
Mangrove Propagule,7,8.0,10.0,2.0,14.0,emattj1s,/warp hideout,7,FX_02,/warp 1,3096,-14400 -25 -337,8584 -42 -2006,2026-08-01 22:47:10,2026-05-26 23:58:03
Feather,51,0.0,0.27,0.27,13.770000000000001,FX_02,/warp sell me ores,51,Server,/shop,999999999,-10032 133 3509,0 0 0,2026-05-29 11:33:39,2026-05-31 12:15:00
Smooth Stone,27,2.0,2.5,0.5,13.5,Ayame989,/warp village hall,27,Effortles,/warp sale,3456,-9098 63 13800,-13440 -4 4362,2026-05-29 12:27:29,2026-05-29 11:31:38
Oak Sapling,2,1.0,7.5,6.5,13.0,Abbie_Kills,/warp decor,2,Killablob,/warp killashop,1946,18601 20 1008,11575 72 -5268,2026-05-29 00:11:04,2026-05-30 11:12:41
Iron Nugget,64,0.8,1.0,0.19999999999999996,12.799999999999997,Store,/warp @,64,MaddysinLeigh,/warp maddy's mega mall,3456,14619 231 7844,-8970 74 -9405,2026-05-28 11:29:45,2026-05-29 00:54:14
Leather,24,0.0,0.5,0.5,12.0,FX_02,/warp sell me ores,24,Crazy69,/warp crazysshop,1728,-10024 138 3513,-11768 65 15222,2026-05-29 11:35:13,2026-05-27 11:45:46
Soul Soil,23,2.0,2.5,0.5,11.5,AKoopa,/warp koopa,3456,FX_02,/warp 1,23,13251 114 -6487,8586 -32 -2020,2026-05-30 10:22:06,2026-05-26 23:52:24
Redstone Dust,16,0.3,1.0,0.7,11.2,Richcrypt,/warp richshop,300,SerSicerio,/warp aqua giveaway,16,8378 -3 15945,-17676 160 18745,2026-05-29 11:25:09,2026-07-01 21:15:35
Cactus,26,0.42,0.82,0.39999999999999997,10.399999999999999,Store,/warp @,1275,AKoopa,/warp koopa,3456,14611 231 7818,13256 113 -6434,2026-05-28 11:26:45,2026-05-30 10:20:08
Blackstone,5,2.0,4.0,2.0,10.0,Ayame989,/warp village hall,5,Effortles,/warp sale,3456,-9089 63 13800,-13430 -4 4363,2026-05-29 12:27:24,2026-06-23 23:41:48
Raw Chicken,36,0.0,0.27,0.27,9.72,FX_02,/warp sell me ores,36,Server,/shop,999999999,-10030 133 3509,0 0 0,2026-05-29 11:33:40,2026-05-31 12:15:00
Rabbit Hide,27,0.0,0.3375,0.3375,9.1125,FX_02,/warp sell me ores,27,Server,/shop,999999999,-10042 138 3513,0 0 0,2026-05-29 11:35:03,2026-05-31 12:15:00
Leather,18,0.0,0.5,0.5,9.0,FX_02,/warp sell me ores,18,Crazy69,/warp crazysshop,1728,-10022 138 3513,-11768 65 15222,2026-05-29 11:35:15,2026-05-27 11:45:46
Raw Chicken,33,0.0,0.27,0.27,8.91,FX_02,/warp sell me ores,33,Server,/shop,999999999,-10027 133 3509,0 0 0,2026-05-29 11:33:42,2026-05-31 12:15:00
Raw Chicken,33,0.0,0.27,0.27,8.91,FX_02,/warp sell me ores,33,Server,/shop,999999999,-10028 133 3509,0 0 0,2026-05-29 11:33:42,2026-05-31 12:15:00
Raw Porkchop,33,0.0,0.27,0.27,8.91,FX_02,/warp sell me ores,33,Server,/shop,999999999,-10034 138 3513,0 0 0,2026-05-29 11:34:57,2026-05-31 12:15:00
Raw Beef,30,0.0,0.27,0.27,8.100000000000001,FX_02,/warp sell me ores,30,Server,/shop,999999999,-10020 133 3509,0 0 0,2026-05-29 11:33:47,2026-05-31 12:15:00
Raw Chicken,27,0.0,0.27,0.27,7.290000000000001,FX_02,/warp sell me ores,27,Server,/shop,999999999,-10029 133 3509,0 0 0,2026-05-29 11:33:41,2026-05-31 12:15:00
Gunpowder,3,0.1,2.5,2.4,7.199999999999999,tyty42021,/warp tytys everything shop,3,FX_02,/warp 1,975,10451 38 9482,8595 -35 -2020,2026-05-29 11:55:11,2026-05-26 23:56:39
Gunpowder,3,0.1,2.5,2.4,7.199999999999999,Tyty42021,/warp tytys everything shop,3,FX_02,/warp 1,975,10450 38 9482,8595 -35 -2020,2026-08-07 08:24:59,2026-05-26 23:56:39
Glow Berries,4,0.25,2.0,1.75,7.0,Crazy69,/warp crazysshop,4,dak5h,/warp dak,1728,-11754 63 15203,-11607 44 -549,2026-08-07 08:27:46,2026-05-27 12:01:22
Raw Iron,13,8.0,8.5,0.5,6.5,AKoopa,/warp koopa,13,Dwarffles,/warp bulk sell,3456,13314 113 -6420,-4018 117 12337,2026-05-30 10:31:48,2026-05-28 23:34:03
Raw Chicken,24,0.0,0.27,0.27,6.48,FX_02,/warp sell me ores,24,Server,/shop,999999999,-10027 138 3513,0 0 0,2026-05-29 11:35:11,2026-05-31 12:15:00
Brown Mushroom,4,0.5,2.0,1.5,6.0,Hobosapian,/warp shopbo,4,AKoopa,/warp koopa,3456,14601 75 -1403,13325 115 -6483,2026-07-08 23:45:45,2026-05-30 10:28:06
Deepslate,535,1.0,1.01,0.010000000000000009,5.350000000000005,celticpiping,/warp celt,3456,Amazement,/warp sell me keys,3401,4733 -45 -13281,-10356 -42 4559,2026-05-28 23:47:26,2026-05-29 11:32:13
Raw Cod,257,0.25,0.27,0.020000000000000018,5.140000000000004,NoWaterJustIce,/warp 1,257,Server,/shop,999999999,8575 -28 -2017,0 0 0,2026-05-26 23:48:39,2026-05-31 12:15:00
Birch Sapling,2,5.0,7.5,2.5,5.0,Exestive,/warp luxeria,2,FX_02,/warp 1,1458,9832 178 16216,8594 -42 -2004,2026-05-29 00:47:51,2026-05-26 23:57:33
Target,1,10.0,15.0,5.0,5.0,midwu,/warp panda,1,FX_02,/warp 1,3456,15696 71 11970,8588 -37 -2004,2026-08-07 08:14:19,2026-05-26 23:55:16
Cherry Sapling,1,2.5,7.5,5.0,5.0,Puppies75200,/warp nethersunny,1,Killablob,/warp killashop,3456,14243 78 3604,11575 72 -5273,2026-05-29 10:41:07,2026-05-30 11:12:44
Stonecutter,1,10.0,15.0,5.0,5.0,celticpiping,/warp celt,1,AKoopa,/warp koopa,1728,4740 -44 -13246,13283 115 -6419,2026-08-07 09:39:24,2026-05-30 10:19:11
Warped Fungus,1,3.0,7.5,4.5,4.5,celticpiping,/warp celt,188,FX_02,/warp 1,1,4762 -35 -13226,8584 -33 -2009,2026-05-28 23:55:39,2026-05-26 23:51:44
Crimson Fungus,1,3.0,7.5,4.5,4.5,celticpiping,/warp celt,48,FX_02,/warp 1,1,4770 -35 -13226,8584 -32 -2009,2026-05-28 23:55:34,2026-05-26 23:51:43
Blaze Rod,15,0.0,0.3,0.3,4.5,TycoRC,/warp xp grinder,15,_ZippyCastle5557,/warp zippyworld,3456,-1733 49 3401,-12418 75 -9806,2026-05-31 13:01:53,2026-07-01 21:24:32
Ender Pearl,2,10.0,12.0,2.0,4.0,Dani3537,/warp daniwarp,2,Effortles,/warp sale,445,10649 92 -13152,-13442 -5 4372,2026-05-29 00:08:59,2026-07-01 21:04:51
Raw Beef,12,0.0,0.27,0.27,3.24,FX_02,/warp sell me ores,12,Server,/shop,999999999,-10016 133 3509,0 0 0,2026-05-29 11:33:50,2026-05-31 12:15:00
Raw Chicken,12,0.0,0.27,0.27,3.24,FX_02,/warp sell me ores,12,Server,/shop,999999999,-10028 138 3513,0 0 0,2026-05-29 11:35:10,2026-05-31 12:15:00
Jungle Log,1,3.0,6.0,3.0,3.0,Amazement,/warp sell me keys,1,Effortles,/warp sale,3456,-10368 -44 4566,-13430 -4 4376,2026-05-29 11:32:42,2026-05-29 11:28:53
Rotten Flesh,17,0.1,0.25,0.15,2.55,Tyty42021,/warp tytys everything shop,17,kaaip,/warp one,3456,10450 38 9480,4279 151 6813,2026-08-07 08:24:59,2026-05-29 10:49:28
Mangrove Log,1,10.0,12.5,2.5,2.5,GladdeBamibal927,/warp frog shop,1,FX_02,/warp 1,2881,-14745 47 7,8584 -43 -2006,2026-05-29 00:37:12,2026-05-26 23:58:02
Verdant Froglight,6,1.2,1.58,0.3800000000000001,2.2800000000000007,AKoopa,/warp koopa,6,Allyri,/warp ri,2696,13259 114 -6493,-5263 175 -4846,2026-05-30 10:22:37,2026-05-29 11:21:45
Gravel,1,1.75,4.0,2.25,2.25,Harmony_Gold_,/warp wood shop,1,Allyri,/warp ri,3456,-6125 25 1414,-5240 173 -4789,2026-05-29 12:41:57,2026-05-29 11:18:23
Green Concrete,1,8.0,10.0,2.0,2.0,MaddysinLeigh,/warp maddy's mega mall,1,Puppies75200,/warp SellConcrete,2363,-9081 71 -9471,5191 1 -13471,2026-05-29 10:27:37,2026-05-29 11:38:53
Light Blue Concrete,1,8.0,10.0,2.0,2.0,MaddysinLeigh,/warp maddy's mega mall,1,Puppies75200,/warp SellConcrete,2428,-9077 70 -9470,5189 1 -13471,2026-05-29 10:27:52,2026-05-29 11:38:51
Raw Copper,1,4.3,6.3,2.0,2.0,Soup__booty,/warp soupshop,1,Effortles,/warp sale,3456,9854 59 -12551,-13436 -6 4400,2026-05-29 11:48:52,2026-05-29 11:29:24
Magenta Concrete,1,8.0,10.0,2.0,2.0,MaddysinLeigh,/warp maddy's mega mall,1,Puppies75200,/warp SellConcrete,1882,-9076 70 -9465,5186 1 -13471,2026-05-29 10:28:12,2026-05-29 11:38:49
Orange Concrete,1,8.0,10.0,2.0,2.0,MaddysinLeigh,/warp maddy's mega mall,1,Puppies75200,/warp SellConcrete,2041,-9087 70 -9470,5194 1 -13471,2026-05-29 10:27:08,2026-05-29 11:38:55
Soul Sand,1,2.0,4.0,2.0,2.0,AKoopa,/warp koopa,2,Effortles,/warp sale,1,13251 114 -6488,-13468 -4 4373,2026-05-30 10:22:07,2026-05-29 11:30:25
Blue Concrete,1,8.0,10.0,2.0,2.0,MaddysinLeigh,/warp maddy's mega mall,1,Puppies75200,/warp SellConcrete,1747,-9076 70 -9469,5188 1 -13471,2026-05-29 10:27:59,2026-05-29 11:38:51
Pink Concrete,1,8.0,10.0,2.0,2.0,MaddysinLeigh,/warp maddy's mega mall,1,Puppies75200,/warp SellConcrete,2109,-9076 70 -9463,5185 1 -13471,2026-05-29 10:28:33,2026-05-29 11:38:49
Warped Wart Block,1,3.0,5.0,2.0,2.0,emattj1s,/warp hideout,1,Effortles,/warp sale,1307,-14399 -25 -340,-13468 -4 4376,2026-08-01 22:46:54,2026-05-29 11:30:27
Lime Concrete,1,8.0,10.0,2.0,2.0,MaddysinLeigh,/warp maddy's mega mall,1,Puppies75200,/warp SellConcrete,2027,-9083 70 -9470,5192 1 -13471,2026-05-29 10:27:32,2026-05-29 11:38:54
Gray Concrete,1,8.0,10.0,2.0,2.0,MaddysinLeigh,/warp maddy's mega mall,1,Puppies75200,/warp SellConcrete,3329,-9091 70 -9466,5182 1 -13471,2026-05-29 10:26:15,2026-05-29 11:38:46
Purple Concrete,1,8.0,10.0,2.0,2.0,MaddysinLeigh,/warp maddy's mega mall,1,Puppies75200,/warp SellConcrete,3456,-9076 70 -9467,5187 2 -13472,2026-05-29 10:28:06,2026-05-29 11:39:03
Vines,2,0.1,1.0,0.9,1.8,tazrar,/warp farm stuff,2,Killablob,/warp killashop,3456,17340 77 11885,11560 72 -5291,2026-05-29 00:32:04,2026-05-30 10:53:26
Sugar Cane,1,0.3,2.0,1.7,1.7,midwu,/warp panda,1,Polite_player,/warp sell materials,1752,15666 71 11977,-19268 71 9326,2026-08-07 08:14:55,2026-07-08 23:36:03
Spider Eye,6,0.0,0.27,0.27,1.62,FX_02,/warp 1,6,kaaip,/warp one,3456,8551 -31 -2045,4245 151 6813,2026-05-31 21:56:18,2026-05-29 10:48:42
Leather,3,0.0,0.5,0.5,1.5,FX_02,/warp sell me ores,3,Crazy69,/warp crazysshop,1728,-10023 133 3509,-11768 65 15222,2026-07-26 20:38:09,2026-05-27 11:45:46
Melon,2,2.0,2.73,0.73,1.46,Ayame989,/warp village hall,2,Allyri,/warp ri,3456,-9077 63 13755,-5240 173 -4854,2026-05-29 12:28:22,2026-05-29 11:22:12
Potato,4,0.5,0.84,0.33999999999999997,1.3599999999999999,tazrar,/warp farm stuff,192,Killablob,/warp killashop,4,17386 75 11853,11564 72 -5296,2026-05-29 00:26:29,2026-05-30 10:57:16
Cocoa Beans,1,0.25,1.5,1.25,1.25,Crazy69,/warp crazysshop,1,FX_02,/warp 1,369,-11753 63 15203,8584 -38 -2012,2026-08-07 08:27:47,2026-05-26 23:55:50
Blaze Rod,4,0.0,0.3,0.3,1.2,TycoRC,/warp xp grinder,4,_ZippyCastle5557,/warp zippyworld,3456,-1733 49 3400,-12418 75 -9806,2026-05-31 13:01:54,2026-07-01 21:24:32
Cactus,2,0.42,1.0,0.5800000000000001,1.1600000000000001,Store,/warp @,3456,FX_02,/warp 1,64,14614 234 7830,8584 -37 -2018,2026-05-28 11:27:29,2026-05-26 23:56:06
Coal,5,2.5,2.7,0.20000000000000018,1.0000000000000009,AKoopa,/warp koopa,5,Server,/shop,999999999,13324 113 -6429,0 0 0,2026-05-30 10:31:27,2026-05-31 12:15:00
Soul Sand,1,2.0,3.0,1.0,1.0,AKoopa,/warp koopa,2,SerSicerio,/warp serstore,2718,13251 114 -6488,-17633 159 18748,2026-05-30 10:22:07,2026-08-07 08:17:53
Warped Stem,1,9.0,10.0,1.0,1.0,Toxic_coco,/warp !,1,Polite_player,/warp sell materials,3456,9616 -41 5465,-19266 71 9325,2026-05-28 11:18:53,2026-07-06 10:08:24
Diamond,1,99.0,100.0,1.0,1.0,dak5h,/warp dak,1,Tyty42021,/warp tytys everything shop,3456,-11594 43 -553,10428 37 9481,2026-05-27 12:00:53,2026-08-07 08:24:20
Nether Quartz,3,6.0,6.3,0.2999999999999998,0.8999999999999995,_ZippyCastle5557,/warp zippyworld,3,Effortles,/warp sale,3456,-12386 73 -9816,-13468 -4 4382,2026-07-01 21:26:53,2026-07-08 23:39:26
Raw Chicken,3,0.0,0.27,0.27,0.81,FX_02,/warp sell me ores,3,Server,/shop,999999999,-10031 135 3511,0 0 0,2026-05-29 11:34:34,2026-05-31 12:15:00
Cactus,2,0.42,0.82,0.39999999999999997,0.7999999999999999,Store,/warp @,3456,AKoopa,/warp koopa,3456,14615 235 7830,13250 113 -6434,2026-05-28 11:27:31,2026-05-30 10:20:03
Raw Chicken,5,0.25,0.28,0.030000000000000027,0.15000000000000013,glossycherry,/warp cherry shop,5,FX_02,/warp 1,1372,-12105 6 105,8580 -23 -2158,2026-05-28 23:59:42,2026-05-27 00:06:17
