Item,Seller,Sell_Price,Buy_Price,Margin_Per_Item,Seller_Warp,Seller_Location,Seller_Timestamp,Buyer_Timestamp
Written Book,Dwarffles,100.0,1150000.0,1149900.0,/warp treefarm,-4083 105 3645,2026-05-29 11:52:15,2026-05-28 23:41:28
Written Book,Dwarffles,100.0,950000.0,949900.0,/warp treefarm,-4083 105 3645,2026-05-29 11:52:15,2026-05-28 23:41:27
Written Book,Dwarffles,100.0,750000.0,749900.0,/warp treefarm,-4083 105 3645,2026-05-29 11:52:15,2026-05-28 23:41:26
Written Book,Dwarffles,100.0,600000.0,599900.0,/warp treefarm,-4083 105 3645,2026-05-29 11:52:15,2026-05-28 23:41:41
Written Book,Dwarffles,100.0,500000.0,499900.0,/warp treefarm,-4083 105 3645,2026-05-29 11:52:15,2026-05-28 23:41:42
Written Book,Dwarffles,100.0,450000.0,449900.0,/warp treefarm,-4083 105 3645,2026-05-29 11:52:15,2026-05-28 23:41:43
Written Book,Dwarffles,100.0,350000.0,349900.0,/warp treefarm,-4083 105 3645,2026-05-29 11:52:15,2026-05-28 23:41:40
Written Book,Dwarffles,100.0,200000.0,199900.0,/warp treefarm,-4083 105 3645,2026-05-29 11:52:15,2026-05-28 23:41:17
Written Book,Dwarffles,100.0,150000.0,149900.0,/warp treefarm,-4083 105 3645,2026-05-29 11:52:15,2026-05-28 23:41:16
Written Book,Dwarffles,100.0,100000.0,99900.0,/warp treefarm,-4083 105 3645,2026-05-29 11:52:15,2026-05-28 23:41:18
Written Book,Dwarffles,100.0,50000.0,49900.0,/warp treefarm,-4083 105 3645,2026-05-29 11:52:15,2026-05-28 23:41:15
Written Book,Dwarffles,100.0,30000.0,29900.0,/warp treefarm,-4083 105 3645,2026-05-29 11:52:15,2026-05-28 23:40:52
Written Book,Dwarffles,100.0,20000.0,19900.0,/warp treefarm,-4083 105 3645,2026-05-29 11:52:15,2026-05-28 23:40:55
Written Book,Dwarffles,100.0,10000.0,9900.0,/warp treefarm,-4083 105 3645,2026-05-29 11:52:15,2026-05-28 23:40:56
Written Book,Dwarffles,100.0,5000.0,4900.0,/warp treefarm,-4083 105 3645,2026-05-29 11:52:15,2026-05-28 23:40:54
Written Book,Dwarffles,100.0,2000.0,1900.0,/warp treefarm,-4083 105 3645,2026-05-29 11:52:15,2026-05-28 23:40:57
Music Disc,Ser_Sicerio,100.0,500.0,400.0,/warp serstore,-17627 158 18793,2026-05-26 09:43:28,2026-05-26 09:43:57
Music Disc,Ser_Sicerio,100.0,500.0,400.0,/warp serstore,-17627 158 18793,2026-05-26 09:43:28,2026-05-26 09:43:57
Music Disc,Ser_Sicerio,100.0,500.0,400.0,/warp serstore,-17627 158 18793,2026-05-26 09:43:28,2026-05-26 09:43:37
Music Disc,Ser_Sicerio,100.0,500.0,400.0,/warp serstore,-17627 158 18793,2026-05-26 09:43:28,2026-05-26 09:43:40
Music Disc,Ser_Sicerio,100.0,500.0,400.0,/warp serstore,-17627 158 18793,2026-05-26 09:43:28,2026-05-26 09:43:36
Music Disc,Ser_Sicerio,100.0,500.0,400.0,/warp serstore,-17627 158 18793,2026-05-26 09:43:28,2026-05-26 09:43:39
Music Disc,Ser_Sicerio,100.0,500.0,400.0,/warp serstore,-17627 158 18793,2026-05-26 09:43:28,2026-05-26 09:43:38
Music Disc,Ser_Sicerio,100.0,500.0,400.0,/warp serstore,-17627 158 18793,2026-05-26 09:43:28,2026-05-26 09:43:37
Music Disc,Ser_Sicerio,100.0,500.0,400.0,/warp serstore,-17627 158 18793,2026-05-26 09:43:28,2026-05-26 09:43:41
Music Disc,Ser_Sicerio,100.0,500.0,400.0,/warp serstore,-17627 158 18793,2026-05-26 09:43:28,2026-05-26 09:43:59
Music Disc,Ser_Sicerio,100.0,500.0,400.0,/warp serstore,-17627 158 18793,2026-05-26 09:43:28,2026-05-26 09:43:58
Horn Coral Block,NoWaterJustIce,15.0,35.0,20.0,/warp 1,8580 -28 -2014,2026-08-07 10:20:31,2026-08-07 10:20:33
Glowstone Dust,Dani3537,5.0,10.0,5.0,/warp daniwarp,10645 92 -13153,2026-05-29 00:08:43,2026-05-29 00:08:42
Nether Wart,Dwarffles,2.0,5.0,3.0,/warp lidl,-3923 155 12306,2026-05-29 00:41:41,2026-05-28 23:33:58
Nether Wart,Dwarffles,2.0,5.0,3.0,/warp lidl,-3923 155 12306,2026-05-29 00:41:41,2026-05-28 23:33:58
Nether Wart,Dwarffles,2.0,5.0,3.0,/warp lidl,-3923 155 12306,2026-05-29 00:41:41,2026-05-28 23:33:57
Nether Wart,Dwarffles,2.0,5.0,3.0,/warp lidl,-3923 155 12306,2026-05-29 00:41:41,2026-05-28 23:34:00
Nether Wart,Dwarffles,2.0,5.0,3.0,/warp lidl,-3923 155 12306,2026-05-29 00:41:41,2026-05-28 23:33:59
Nether Wart,Dwarffles,2.0,5.0,3.0,/warp lidl,-3923 155 12306,2026-05-29 00:41:41,2026-05-28 23:34:01
Iron Ingot,Crazy69,2.0,4.0,2.0,/warp crazysshop,-11848 63 15181,2026-05-27 11:50:15,2026-08-07 08:27:31
Leather,FX_02,0.0,1.5,1.5,/warp sell me ores,-10023 133 3509,2026-07-26 20:38:09,2026-05-26 23:56:40
Leather,FX_02,0.0,1.5,1.5,/warp sell me ores,-10026 138 3513,2026-05-29 11:35:12,2026-05-26 23:56:40
Leather,FX_02,0.0,1.5,1.5,/warp sell me ores,-10025 138 3513,2026-05-29 11:35:13,2026-05-26 23:56:40
Leather,FX_02,0.0,1.5,1.5,/warp sell me ores,-10024 138 3513,2026-05-29 11:35:13,2026-05-26 23:56:40
Leather,FX_02,0.0,1.5,1.5,/warp sell me ores,-10023 138 3513,2026-05-29 11:35:14,2026-05-26 23:56:40
Leather,FX_02,0.0,1.5,1.5,/warp sell me ores,-10022 138 3513,2026-05-29 11:35:15,2026-05-26 23:56:40
Feather,FX_02,0.0,1.0,1.0,/warp sell me ores,-10032 133 3509,2026-05-29 11:33:39,2026-05-26 23:56:43
Feather,FX_02,0.0,1.0,1.0,/warp sell me ores,-10033 133 3509,2026-05-29 11:33:38,2026-05-26 23:56:43
Feather,FX_02,0.0,1.0,1.0,/warp sell me ores,-10032 138 3513,2026-05-29 11:34:55,2026-05-26 23:56:43
Feather,FX_02,0.0,1.0,1.0,/warp sell me ores,-10033 138 3513,2026-05-29 11:34:56,2026-05-26 23:56:43
Iron Nugget,MaddysinLeigh,0.3,1.0,0.7,/warp maddy's mega mall,-8971 73 -9405,2026-05-29 00:54:12,2026-05-29 00:54:14
Raw Porkchop,FX_02,0.0,0.28,0.28,/warp sell me ores,-10039 133 3509,2026-05-29 11:33:33,2026-05-27 00:05:39
Raw Porkchop,FX_02,0.0,0.28,0.28,/warp sell me ores,-10039 133 3509,2026-05-29 11:33:33,2026-05-27 00:05:38
Raw Porkchop,FX_02,0.0,0.28,0.28,/warp sell me ores,-10039 133 3509,2026-05-29 11:33:33,2026-05-27 00:05:37
Raw Porkchop,FX_02,0.0,0.28,0.28,/warp sell me ores,-10039 133 3509,2026-05-29 11:33:33,2026-05-27 00:05:37
Raw Porkchop,FX_02,0.0,0.28,0.28,/warp sell me ores,-10039 133 3509,2026-05-29 11:33:33,2026-05-27 00:05:36
Raw Porkchop,FX_02,0.0,0.28,0.28,/warp sell me ores,-10039 133 3509,2026-05-29 11:33:33,2026-05-27 00:05:35
Raw Porkchop,FX_02,0.0,0.28,0.28,/warp sell me ores,-10039 133 3509,2026-05-29 11:33:33,2026-05-27 00:05:28
Raw Porkchop,FX_02,0.0,0.28,0.28,/warp sell me ores,-10039 133 3509,2026-05-29 11:33:33,2026-05-27 00:05:27
Raw Porkchop,FX_02,0.0,0.28,0.28,/warp sell me ores,-10039 133 3509,2026-05-29 11:33:33,2026-05-27 00:05:26
Raw Beef,FX_02,0.0,0.28,0.28,/warp sell me ores,-10021 133 3509,2026-07-26 20:38:07,2026-05-27 00:08:23
Raw Porkchop,FX_02,0.0,0.28,0.28,/warp sell me ores,-10037 133 3509,2026-05-29 11:33:35,2026-05-27 00:05:26
Raw Porkchop,FX_02,0.0,0.28,0.28,/warp sell me ores,-10038 133 3509,2026-05-29 11:33:34,2026-05-27 00:05:43
Raw Porkchop,FX_02,0.0,0.28,0.28,/warp sell me ores,-10038 133 3509,2026-05-29 11:33:34,2026-05-27 00:05:43
Raw Porkchop,FX_02,0.0,0.28,0.28,/warp sell me ores,-10038 133 3509,2026-05-29 11:33:34,2026-05-27 00:05:42
Raw Porkchop,FX_02,0.0,0.28,0.28,/warp sell me ores,-10038 133 3509,2026-05-29 11:33:34,2026-05-27 00:05:41
Raw Porkchop,FX_02,0.0,0.28,0.28,/warp sell me ores,-10038 133 3509,2026-05-29 11:33:34,2026-05-27 00:05:41
Raw Porkchop,FX_02,0.0,0.28,0.28,/warp sell me ores,-10038 133 3509,2026-05-29 11:33:34,2026-05-27 00:05:40
Raw Porkchop,FX_02,0.0,0.28,0.28,/warp sell me ores,-10038 133 3509,2026-05-29 11:33:34,2026-05-27 00:05:39
Raw Porkchop,FX_02,0.0,0.28,0.28,/warp sell me ores,-10038 133 3509,2026-05-29 11:33:34,2026-05-27 00:05:38
Raw Porkchop,FX_02,0.0,0.28,0.28,/warp sell me ores,-10038 133 3509,2026-05-29 11:33:34,2026-05-27 00:05:37
Raw Porkchop,FX_02,0.0,0.28,0.28,/warp sell me ores,-10038 133 3509,2026-05-29 11:33:34,2026-05-27 00:05:37
Raw Porkchop,FX_02,0.0,0.28,0.28,/warp sell me ores,-10038 133 3509,2026-05-29 11:33:34,2026-05-27 00:05:36
Raw Porkchop,FX_02,0.0,0.28,0.28,/warp sell me ores,-10038 133 3509,2026-05-29 11:33:34,2026-05-27 00:05:35
Raw Porkchop,FX_02,0.0,0.28,0.28,/warp sell me ores,-10038 133 3509,2026-05-29 11:33:34,2026-05-27 00:05:28
Raw Porkchop,FX_02,0.0,0.28,0.28,/warp sell me ores,-10038 133 3509,2026-05-29 11:33:34,2026-05-27 00:05:27
Raw Porkchop,FX_02,0.0,0.28,0.28,/warp sell me ores,-10038 133 3509,2026-05-29 11:33:34,2026-05-27 00:05:26
Raw Porkchop,FX_02,0.0,0.28,0.28,/warp sell me ores,-10036 133 3509,2026-05-29 11:33:36,2026-05-27 00:05:27
Raw Porkchop,FX_02,0.0,0.28,0.28,/warp sell me ores,-10036 133 3509,2026-05-29 11:33:36,2026-05-27 00:05:26
Raw Porkchop,FX_02,0.0,0.28,0.28,/warp sell me ores,-10037 133 3509,2026-05-29 11:33:35,2026-05-27 00:05:43
Raw Porkchop,FX_02,0.0,0.28,0.28,/warp sell me ores,-10037 133 3509,2026-05-29 11:33:35,2026-05-27 00:05:43
Raw Porkchop,FX_02,0.0,0.28,0.28,/warp sell me ores,-10037 133 3509,2026-05-29 11:33:35,2026-05-27 00:05:42
Raw Porkchop,FX_02,0.0,0.28,0.28,/warp sell me ores,-10037 133 3509,2026-05-29 11:33:35,2026-05-27 00:05:41
Raw Porkchop,FX_02,0.0,0.28,0.28,/warp sell me ores,-10037 133 3509,2026-05-29 11:33:35,2026-05-27 00:05:41
Raw Porkchop,FX_02,0.0,0.28,0.28,/warp sell me ores,-10037 133 3509,2026-05-29 11:33:35,2026-05-27 00:05:40
Raw Porkchop,FX_02,0.0,0.28,0.28,/warp sell me ores,-10037 133 3509,2026-05-29 11:33:35,2026-05-27 00:05:39
Raw Porkchop,FX_02,0.0,0.28,0.28,/warp sell me ores,-10037 133 3509,2026-05-29 11:33:35,2026-05-27 00:05:38
Raw Porkchop,FX_02,0.0,0.28,0.28,/warp sell me ores,-10037 133 3509,2026-05-29 11:33:35,2026-05-27 00:05:37
Raw Porkchop,FX_02,0.0,0.28,0.28,/warp sell me ores,-10037 133 3509,2026-05-29 11:33:35,2026-05-27 00:05:37
Raw Porkchop,FX_02,0.0,0.28,0.28,/warp sell me ores,-10037 133 3509,2026-05-29 11:33:35,2026-05-27 00:05:36
Raw Porkchop,FX_02,0.0,0.28,0.28,/warp sell me ores,-10037 133 3509,2026-05-29 11:33:35,2026-05-27 00:05:35
Raw Porkchop,FX_02,0.0,0.28,0.28,/warp sell me ores,-10037 133 3509,2026-05-29 11:33:35,2026-05-27 00:05:28
Raw Porkchop,FX_02,0.0,0.28,0.28,/warp sell me ores,-10037 133 3509,2026-05-29 11:33:35,2026-05-27 00:05:27
Raw Porkchop,FX_02,0.0,0.28,0.28,/warp sell me ores,-10035 133 3509,2026-05-29 11:33:37,2026-05-27 00:05:28
Raw Porkchop,FX_02,0.0,0.28,0.28,/warp sell me ores,-10035 133 3509,2026-05-29 11:33:37,2026-05-27 00:05:27
Raw Porkchop,FX_02,0.0,0.28,0.28,/warp sell me ores,-10035 133 3509,2026-05-29 11:33:37,2026-05-27 00:05:26
Raw Porkchop,FX_02,0.0,0.28,0.28,/warp sell me ores,-10036 133 3509,2026-05-29 11:33:36,2026-05-27 00:05:43
Raw Porkchop,FX_02,0.0,0.28,0.28,/warp sell me ores,-10036 133 3509,2026-05-29 11:33:36,2026-05-27 00:05:43
Raw Porkchop,FX_02,0.0,0.28,0.28,/warp sell me ores,-10036 133 3509,2026-05-29 11:33:36,2026-05-27 00:05:42
Raw Porkchop,FX_02,0.0,0.28,0.28,/warp sell me ores,-10036 133 3509,2026-05-29 11:33:36,2026-05-27 00:05:41
Raw Porkchop,FX_02,0.0,0.28,0.28,/warp sell me ores,-10036 133 3509,2026-05-29 11:33:36,2026-05-27 00:05:41
Raw Porkchop,FX_02,0.0,0.28,0.28,/warp sell me ores,-10036 133 3509,2026-05-29 11:33:36,2026-05-27 00:05:40
Raw Porkchop,FX_02,0.0,0.28,0.28,/warp sell me ores,-10036 133 3509,2026-05-29 11:33:36,2026-05-27 00:05:39
Raw Porkchop,FX_02,0.0,0.28,0.28,/warp sell me ores,-10036 133 3509,2026-05-29 11:33:36,2026-05-27 00:05:38
Raw Porkchop,FX_02,0.0,0.28,0.28,/warp sell me ores,-10036 133 3509,2026-05-29 11:33:36,2026-05-27 00:05:37
Raw Porkchop,FX_02,0.0,0.28,0.28,/warp sell me ores,-10036 133 3509,2026-05-29 11:33:36,2026-05-27 00:05:37
Raw Porkchop,FX_02,0.0,0.28,0.28,/warp sell me ores,-10036 133 3509,2026-05-29 11:33:36,2026-05-27 00:05:36
Raw Porkchop,FX_02,0.0,0.28,0.28,/warp sell me ores,-10036 133 3509,2026-05-29 11:33:36,2026-05-27 00:05:35
Raw Porkchop,FX_02,0.0,0.28,0.28,/warp sell me ores,-10036 133 3509,2026-05-29 11:33:36,2026-05-27 00:05:28
Raw Porkchop,FX_02,0.0,0.28,0.28,/warp sell me ores,-10034 133 3509,2026-05-29 11:33:37,2026-05-27 00:05:35
Raw Porkchop,FX_02,0.0,0.28,0.28,/warp sell me ores,-10034 133 3509,2026-05-29 11:33:37,2026-05-27 00:05:28
Raw Porkchop,FX_02,0.0,0.28,0.28,/warp sell me ores,-10034 133 3509,2026-05-29 11:33:37,2026-05-27 00:05:27
Raw Porkchop,FX_02,0.0,0.28,0.28,/warp sell me ores,-10034 133 3509,2026-05-29 11:33:37,2026-05-27 00:05:26
Raw Porkchop,FX_02,0.0,0.28,0.28,/warp sell me ores,-10035 133 3509,2026-05-29 11:33:37,2026-05-27 00:05:43
Raw Porkchop,FX_02,0.0,0.28,0.28,/warp sell me ores,-10035 133 3509,2026-05-29 11:33:37,2026-05-27 00:05:43
Raw Porkchop,FX_02,0.0,0.28,0.28,/warp sell me ores,-10035 133 3509,2026-05-29 11:33:37,2026-05-27 00:05:42
Raw Porkchop,FX_02,0.0,0.28,0.28,/warp sell me ores,-10035 133 3509,2026-05-29 11:33:37,2026-05-27 00:05:41
Raw Porkchop,FX_02,0.0,0.28,0.28,/warp sell me ores,-10035 133 3509,2026-05-29 11:33:37,2026-05-27 00:05:41
Raw Porkchop,FX_02,0.0,0.28,0.28,/warp sell me ores,-10035 133 3509,2026-05-29 11:33:37,2026-05-27 00:05:40
Raw Porkchop,FX_02,0.0,0.28,0.28,/warp sell me ores,-10035 133 3509,2026-05-29 11:33:37,2026-05-27 00:05:39
Raw Porkchop,FX_02,0.0,0.28,0.28,/warp sell me ores,-10035 133 3509,2026-05-29 11:33:37,2026-05-27 00:05:38
Raw Porkchop,FX_02,0.0,0.28,0.28,/warp sell me ores,-10035 133 3509,2026-05-29 11:33:37,2026-05-27 00:05:37
Raw Porkchop,FX_02,0.0,0.28,0.28,/warp sell me ores,-10035 133 3509,2026-05-29 11:33:37,2026-05-27 00:05:37
Raw Porkchop,FX_02,0.0,0.28,0.28,/warp sell me ores,-10035 133 3509,2026-05-29 11:33:37,2026-05-27 00:05:36
Raw Porkchop,FX_02,0.0,0.28,0.28,/warp sell me ores,-10035 133 3509,2026-05-29 11:33:37,2026-05-27 00:05:35
Feather,FX_02,0.0,0.28,0.28,/warp sell me ores,-10033 133 3509,2026-05-29 11:33:38,2026-05-27 00:06:14
Feather,FX_02,0.0,0.28,0.28,/warp sell me ores,-10033 133 3509,2026-05-29 11:33:38,2026-05-27 00:06:13
Feather,FX_02,0.0,0.28,0.28,/warp sell me ores,-10033 133 3509,2026-05-29 11:33:38,2026-05-27 00:06:12
Feather,FX_02,0.0,0.28,0.28,/warp sell me ores,-10033 133 3509,2026-05-29 11:33:38,2026-05-27 00:06:11
Raw Porkchop,FX_02,0.0,0.28,0.28,/warp sell me ores,-10034 133 3509,2026-05-29 11:33:37,2026-05-27 00:05:43
Raw Porkchop,FX_02,0.0,0.28,0.28,/warp sell me ores,-10034 133 3509,2026-05-29 11:33:37,2026-05-27 00:05:43
Raw Porkchop,FX_02,0.0,0.28,0.28,/warp sell me ores,-10034 133 3509,2026-05-29 11:33:37,2026-05-27 00:05:42
Raw Porkchop,FX_02,0.0,0.28,0.28,/warp sell me ores,-10034 133 3509,2026-05-29 11:33:37,2026-05-27 00:05:41
Raw Porkchop,FX_02,0.0,0.28,0.28,/warp sell me ores,-10034 133 3509,2026-05-29 11:33:37,2026-05-27 00:05:41
Raw Porkchop,FX_02,0.0,0.28,0.28,/warp sell me ores,-10034 133 3509,2026-05-29 11:33:37,2026-05-27 00:05:40
Raw Porkchop,FX_02,0.0,0.28,0.28,/warp sell me ores,-10034 133 3509,2026-05-29 11:33:37,2026-05-27 00:05:39
Raw Porkchop,FX_02,0.0,0.28,0.28,/warp sell me ores,-10034 133 3509,2026-05-29 11:33:37,2026-05-27 00:05:38
Raw Porkchop,FX_02,0.0,0.28,0.28,/warp sell me ores,-10034 133 3509,2026-05-29 11:33:37,2026-05-27 00:05:37
Raw Porkchop,FX_02,0.0,0.28,0.28,/warp sell me ores,-10034 133 3509,2026-05-29 11:33:37,2026-05-27 00:05:37
Raw Porkchop,FX_02,0.0,0.28,0.28,/warp sell me ores,-10034 133 3509,2026-05-29 11:33:37,2026-05-27 00:05:36
Feather,FX_02,0.0,0.28,0.28,/warp sell me ores,-10032 133 3509,2026-05-29 11:33:39,2026-05-27 00:06:28
Feather,FX_02,0.0,0.28,0.28,/warp sell me ores,-10032 133 3509,2026-05-29 11:33:39,2026-05-27 00:06:27
Feather,FX_02,0.0,0.28,0.28,/warp sell me ores,-10032 133 3509,2026-05-29 11:33:39,2026-05-27 00:06:26
Feather,FX_02,0.0,0.28,0.28,/warp sell me ores,-10032 133 3509,2026-05-29 11:33:39,2026-05-27 00:06:15
Feather,FX_02,0.0,0.28,0.28,/warp sell me ores,-10032 133 3509,2026-05-29 11:33:39,2026-05-27 00:06:14
Feather,FX_02,0.0,0.28,0.28,/warp sell me ores,-10032 133 3509,2026-05-29 11:33:39,2026-05-27 00:06:13
Feather,FX_02,0.0,0.28,0.28,/warp sell me ores,-10032 133 3509,2026-05-29 11:33:39,2026-05-27 00:06:12
Feather,FX_02,0.0,0.28,0.28,/warp sell me ores,-10032 133 3509,2026-05-29 11:33:39,2026-05-27 00:06:11
Feather,FX_02,0.0,0.28,0.28,/warp sell me ores,-10033 133 3509,2026-05-29 11:33:38,2026-05-27 00:06:31
Feather,FX_02,0.0,0.28,0.28,/warp sell me ores,-10033 133 3509,2026-05-29 11:33:38,2026-05-27 00:06:30
Feather,FX_02,0.0,0.28,0.28,/warp sell me ores,-10033 133 3509,2026-05-29 11:33:38,2026-05-27 00:06:29
Feather,FX_02,0.0,0.28,0.28,/warp sell me ores,-10033 133 3509,2026-05-29 11:33:38,2026-05-27 00:06:28
Feather,FX_02,0.0,0.28,0.28,/warp sell me ores,-10033 133 3509,2026-05-29 11:33:38,2026-05-27 00:06:27
Feather,FX_02,0.0,0.28,0.28,/warp sell me ores,-10033 133 3509,2026-05-29 11:33:38,2026-05-27 00:06:26
Feather,FX_02,0.0,0.28,0.28,/warp sell me ores,-10033 133 3509,2026-05-29 11:33:38,2026-05-27 00:06:15
Raw Chicken,FX_02,0.0,0.28,0.28,/warp sell me ores,-10030 133 3509,2026-05-29 11:33:40,2026-05-27 00:06:16
Raw Chicken,FX_02,0.0,0.28,0.28,/warp sell me ores,-10031 133 3509,2026-05-29 11:33:40,2026-05-27 00:06:25
Raw Chicken,FX_02,0.0,0.28,0.28,/warp sell me ores,-10031 133 3509,2026-05-29 11:33:40,2026-05-27 00:06:24
Raw Chicken,FX_02,0.0,0.28,0.28,/warp sell me ores,-10031 133 3509,2026-05-29 11:33:40,2026-05-27 00:06:23
Raw Chicken,FX_02,0.0,0.28,0.28,/warp sell me ores,-10031 133 3509,2026-05-29 11:33:40,2026-05-27 00:06:22
Raw Chicken,FX_02,0.0,0.28,0.28,/warp sell me ores,-10031 133 3509,2026-05-29 11:33:40,2026-05-27 00:06:21
Raw Chicken,FX_02,0.0,0.28,0.28,/warp sell me ores,-10031 133 3509,2026-05-29 11:33:40,2026-05-27 00:06:20
Raw Chicken,FX_02,0.0,0.28,0.28,/warp sell me ores,-10031 133 3509,2026-05-29 11:33:40,2026-05-27 00:06:20
Raw Chicken,FX_02,0.0,0.28,0.28,/warp sell me ores,-10031 133 3509,2026-05-29 11:33:40,2026-05-27 00:06:19
Raw Chicken,FX_02,0.0,0.28,0.28,/warp sell me ores,-10031 133 3509,2026-05-29 11:33:40,2026-05-27 00:06:18
Raw Chicken,FX_02,0.0,0.28,0.28,/warp sell me ores,-10031 133 3509,2026-05-29 11:33:40,2026-05-27 00:06:17
Raw Chicken,FX_02,0.0,0.28,0.28,/warp sell me ores,-10031 133 3509,2026-05-29 11:33:40,2026-05-27 00:06:16
Raw Chicken,FX_02,0.0,0.28,0.28,/warp sell me ores,-10031 133 3509,2026-05-29 11:33:40,2026-05-27 00:06:16
Feather,FX_02,0.0,0.28,0.28,/warp sell me ores,-10032 133 3509,2026-05-29 11:33:39,2026-05-27 00:06:31
Feather,FX_02,0.0,0.28,0.28,/warp sell me ores,-10032 133 3509,2026-05-29 11:33:39,2026-05-27 00:06:30
Feather,FX_02,0.0,0.28,0.28,/warp sell me ores,-10032 133 3509,2026-05-29 11:33:39,2026-05-27 00:06:29
Raw Chicken,FX_02,0.0,0.28,0.28,/warp sell me ores,-10029 133 3509,2026-05-29 11:33:41,2026-05-27 00:06:19
Raw Chicken,FX_02,0.0,0.28,0.28,/warp sell me ores,-10029 133 3509,2026-05-29 11:33:41,2026-05-27 00:06:18
Raw Chicken,FX_02,0.0,0.28,0.28,/warp sell me ores,-10029 133 3509,2026-05-29 11:33:41,2026-05-27 00:06:17
Raw Chicken,FX_02,0.0,0.28,0.28,/warp sell me ores,-10029 133 3509,2026-05-29 11:33:41,2026-05-27 00:06:16
Raw Chicken,FX_02,0.0,0.28,0.28,/warp sell me ores,-10029 133 3509,2026-05-29 11:33:41,2026-05-27 00:06:16
Raw Chicken,FX_02,0.0,0.28,0.28,/warp sell me ores,-10030 133 3509,2026-05-29 11:33:40,2026-05-27 00:06:25
Raw Chicken,FX_02,0.0,0.28,0.28,/warp sell me ores,-10030 133 3509,2026-05-29 11:33:40,2026-05-27 00:06:24
Raw Chicken,FX_02,0.0,0.28,0.28,/warp sell me ores,-10030 133 3509,2026-05-29 11:33:40,2026-05-27 00:06:23
Raw Chicken,FX_02,0.0,0.28,0.28,/warp sell me ores,-10030 133 3509,2026-05-29 11:33:40,2026-05-27 00:06:22
Raw Chicken,FX_02,0.0,0.28,0.28,/warp sell me ores,-10030 133 3509,2026-05-29 11:33:40,2026-05-27 00:06:21
Raw Chicken,FX_02,0.0,0.28,0.28,/warp sell me ores,-10030 133 3509,2026-05-29 11:33:40,2026-05-27 00:06:20
Raw Chicken,FX_02,0.0,0.28,0.28,/warp sell me ores,-10030 133 3509,2026-05-29 11:33:40,2026-05-27 00:06:20
Raw Chicken,FX_02,0.0,0.28,0.28,/warp sell me ores,-10030 133 3509,2026-05-29 11:33:40,2026-05-27 00:06:19
Raw Chicken,FX_02,0.0,0.28,0.28,/warp sell me ores,-10030 133 3509,2026-05-29 11:33:40,2026-05-27 00:06:18
Raw Chicken,FX_02,0.0,0.28,0.28,/warp sell me ores,-10030 133 3509,2026-05-29 11:33:40,2026-05-27 00:06:17
Raw Chicken,FX_02,0.0,0.28,0.28,/warp sell me ores,-10030 133 3509,2026-05-29 11:33:40,2026-05-27 00:06:16
Raw Chicken,FX_02,0.0,0.28,0.28,/warp sell me ores,-10027 133 3509,2026-05-29 11:33:42,2026-05-27 00:06:22
Raw Chicken,FX_02,0.0,0.28,0.28,/warp sell me ores,-10027 133 3509,2026-05-29 11:33:42,2026-05-27 00:06:21
Raw Chicken,FX_02,0.0,0.28,0.28,/warp sell me ores,-10027 133 3509,2026-05-29 11:33:42,2026-05-27 00:06:20
Raw Chicken,FX_02,0.0,0.28,0.28,/warp sell me ores,-10027 133 3509,2026-05-29 11:33:42,2026-05-27 00:06:20
Raw Chicken,FX_02,0.0,0.28,0.28,/warp sell me ores,-10027 133 3509,2026-05-29 11:33:42,2026-05-27 00:06:19
Raw Chicken,FX_02,0.0,0.28,0.28,/warp sell me ores,-10027 133 3509,2026-05-29 11:33:42,2026-05-27 00:06:18
Raw Chicken,FX_02,0.0,0.28,0.28,/warp sell me ores,-10027 133 3509,2026-05-29 11:33:42,2026-05-27 00:06:17
Raw Chicken,FX_02,0.0,0.28,0.28,/warp sell me ores,-10027 133 3509,2026-05-29 11:33:42,2026-05-27 00:06:16
Raw Chicken,FX_02,0.0,0.28,0.28,/warp sell me ores,-10027 133 3509,2026-05-29 11:33:42,2026-05-27 00:06:16
Raw Chicken,FX_02,0.0,0.28,0.28,/warp sell me ores,-10029 133 3509,2026-05-29 11:33:41,2026-05-27 00:06:25
Raw Chicken,FX_02,0.0,0.28,0.28,/warp sell me ores,-10029 133 3509,2026-05-29 11:33:41,2026-05-27 00:06:24
Raw Chicken,FX_02,0.0,0.28,0.28,/warp sell me ores,-10029 133 3509,2026-05-29 11:33:41,2026-05-27 00:06:23
Raw Chicken,FX_02,0.0,0.28,0.28,/warp sell me ores,-10029 133 3509,2026-05-29 11:33:41,2026-05-27 00:06:22
Raw Chicken,FX_02,0.0,0.28,0.28,/warp sell me ores,-10029 133 3509,2026-05-29 11:33:41,2026-05-27 00:06:21
Raw Chicken,FX_02,0.0,0.28,0.28,/warp sell me ores,-10029 133 3509,2026-05-29 11:33:41,2026-05-27 00:06:20
Raw Chicken,FX_02,0.0,0.28,0.28,/warp sell me ores,-10029 133 3509,2026-05-29 11:33:41,2026-05-27 00:06:20
Raw Beef,FX_02,0.0,0.28,0.28,/warp sell me ores,-10020 133 3509,2026-05-29 11:33:47,2026-05-27 00:07:41
Raw Chicken,FX_02,0.0,0.28,0.28,/warp sell me ores,-10028 133 3509,2026-05-29 11:33:42,2026-05-27 00:06:25
Raw Chicken,FX_02,0.0,0.28,0.28,/warp sell me ores,-10028 133 3509,2026-05-29 11:33:42,2026-05-27 00:06:24
Raw Chicken,FX_02,0.0,0.28,0.28,/warp sell me ores,-10028 133 3509,2026-05-29 11:33:42,2026-05-27 00:06:23
Raw Chicken,FX_02,0.0,0.28,0.28,/warp sell me ores,-10028 133 3509,2026-05-29 11:33:42,2026-05-27 00:06:22
Raw Chicken,FX_02,0.0,0.28,0.28,/warp sell me ores,-10028 133 3509,2026-05-29 11:33:42,2026-05-27 00:06:21
Raw Chicken,FX_02,0.0,0.28,0.28,/warp sell me ores,-10028 133 3509,2026-05-29 11:33:42,2026-05-27 00:06:20
Raw Chicken,FX_02,0.0,0.28,0.28,/warp sell me ores,-10028 133 3509,2026-05-29 11:33:42,2026-05-27 00:06:20
Raw Chicken,FX_02,0.0,0.28,0.28,/warp sell me ores,-10028 133 3509,2026-05-29 11:33:42,2026-05-27 00:06:19
Raw Chicken,FX_02,0.0,0.28,0.28,/warp sell me ores,-10028 133 3509,2026-05-29 11:33:42,2026-05-27 00:06:18
Raw Chicken,FX_02,0.0,0.28,0.28,/warp sell me ores,-10028 133 3509,2026-05-29 11:33:42,2026-05-27 00:06:17
Raw Chicken,FX_02,0.0,0.28,0.28,/warp sell me ores,-10028 133 3509,2026-05-29 11:33:42,2026-05-27 00:06:16
Raw Chicken,FX_02,0.0,0.28,0.28,/warp sell me ores,-10028 133 3509,2026-05-29 11:33:42,2026-05-27 00:06:16
Raw Chicken,FX_02,0.0,0.28,0.28,/warp sell me ores,-10027 133 3509,2026-05-29 11:33:42,2026-05-27 00:06:25
Raw Chicken,FX_02,0.0,0.28,0.28,/warp sell me ores,-10027 133 3509,2026-05-29 11:33:42,2026-05-27 00:06:24
Raw Chicken,FX_02,0.0,0.28,0.28,/warp sell me ores,-10027 133 3509,2026-05-29 11:33:42,2026-05-27 00:06:23
Raw Beef,FX_02,0.0,0.28,0.28,/warp sell me ores,-10020 133 3509,2026-05-29 11:33:47,2026-05-27 00:08:26
Raw Beef,FX_02,0.0,0.28,0.28,/warp sell me ores,-10020 133 3509,2026-05-29 11:33:47,2026-05-27 00:08:25
Raw Beef,FX_02,0.0,0.28,0.28,/warp sell me ores,-10020 133 3509,2026-05-29 11:33:47,2026-05-27 00:08:25
Raw Beef,FX_02,0.0,0.28,0.28,/warp sell me ores,-10020 133 3509,2026-05-29 11:33:47,2026-05-27 00:08:24
Raw Beef,FX_02,0.0,0.28,0.28,/warp sell me ores,-10020 133 3509,2026-05-29 11:33:47,2026-05-27 00:08:23
Raw Beef,FX_02,0.0,0.28,0.28,/warp sell me ores,-10020 133 3509,2026-05-29 11:33:47,2026-05-27 00:07:50
Raw Beef,FX_02,0.0,0.28,0.28,/warp sell me ores,-10020 133 3509,2026-05-29 11:33:47,2026-05-27 00:07:49
Raw Beef,FX_02,0.0,0.28,0.28,/warp sell me ores,-10020 133 3509,2026-05-29 11:33:47,2026-05-27 00:07:49
Raw Beef,FX_02,0.0,0.28,0.28,/warp sell me ores,-10020 133 3509,2026-05-29 11:33:47,2026-05-27 00:07:48
Raw Beef,FX_02,0.0,0.28,0.28,/warp sell me ores,-10020 133 3509,2026-05-29 11:33:47,2026-05-27 00:07:47
Raw Beef,FX_02,0.0,0.28,0.28,/warp sell me ores,-10020 133 3509,2026-05-29 11:33:47,2026-05-27 00:07:46
Raw Beef,FX_02,0.0,0.28,0.28,/warp sell me ores,-10020 133 3509,2026-05-29 11:33:47,2026-05-27 00:07:45
Raw Beef,FX_02,0.0,0.28,0.28,/warp sell me ores,-10020 133 3509,2026-05-29 11:33:47,2026-05-27 00:07:45
Raw Beef,FX_02,0.0,0.28,0.28,/warp sell me ores,-10020 133 3509,2026-05-29 11:33:47,2026-05-27 00:07:44
Raw Beef,FX_02,0.0,0.28,0.28,/warp sell me ores,-10020 133 3509,2026-05-29 11:33:47,2026-05-27 00:07:43
Raw Beef,FX_02,0.0,0.28,0.28,/warp sell me ores,-10020 133 3509,2026-05-29 11:33:47,2026-05-27 00:07:42
Raw Beef,FX_02,0.0,0.28,0.28,/warp sell me ores,-10016 133 3509,2026-05-29 11:33:50,2026-05-27 00:07:49
Raw Beef,FX_02,0.0,0.28,0.28,/warp sell me ores,-10016 133 3509,2026-05-29 11:33:50,2026-05-27 00:07:48
Raw Beef,FX_02,0.0,0.28,0.28,/warp sell me ores,-10016 133 3509,2026-05-29 11:33:50,2026-05-27 00:07:47
Raw Beef,FX_02,0.0,0.28,0.28,/warp sell me ores,-10016 133 3509,2026-05-29 11:33:50,2026-05-27 00:07:46
Raw Beef,FX_02,0.0,0.28,0.28,/warp sell me ores,-10016 133 3509,2026-05-29 11:33:50,2026-05-27 00:07:45
Raw Beef,FX_02,0.0,0.28,0.28,/warp sell me ores,-10016 133 3509,2026-05-29 11:33:50,2026-05-27 00:07:45
Raw Beef,FX_02,0.0,0.28,0.28,/warp sell me ores,-10016 133 3509,2026-05-29 11:33:50,2026-05-27 00:07:44
Raw Beef,FX_02,0.0,0.28,0.28,/warp sell me ores,-10016 133 3509,2026-05-29 11:33:50,2026-05-27 00:07:43
Raw Beef,FX_02,0.0,0.28,0.28,/warp sell me ores,-10016 133 3509,2026-05-29 11:33:50,2026-05-27 00:07:42
Raw Beef,FX_02,0.0,0.28,0.28,/warp sell me ores,-10016 133 3509,2026-05-29 11:33:50,2026-05-27 00:07:41
Raw Beef,FX_02,0.0,0.28,0.28,/warp sell me ores,-10020 133 3509,2026-05-29 11:33:47,2026-05-27 00:08:36
Raw Beef,FX_02,0.0,0.28,0.28,/warp sell me ores,-10020 133 3509,2026-05-29 11:33:47,2026-05-27 00:08:36
Raw Beef,FX_02,0.0,0.28,0.28,/warp sell me ores,-10020 133 3509,2026-05-29 11:33:47,2026-05-27 00:08:31
Raw Beef,FX_02,0.0,0.28,0.28,/warp sell me ores,-10020 133 3509,2026-05-29 11:33:47,2026-05-27 00:08:30
Raw Beef,FX_02,0.0,0.28,0.28,/warp sell me ores,-10020 133 3509,2026-05-29 11:33:47,2026-05-27 00:08:29
Raw Beef,FX_02,0.0,0.28,0.28,/warp sell me ores,-10020 133 3509,2026-05-29 11:33:47,2026-05-27 00:08:28
Raw Chicken,FX_02,0.0,0.28,0.28,/warp sell me ores,-10031 134 3510,2026-05-29 11:34:06,2026-05-27 00:06:17
Raw Chicken,FX_02,0.0,0.28,0.28,/warp sell me ores,-10031 134 3510,2026-05-29 11:34:06,2026-05-27 00:06:16
Raw Chicken,FX_02,0.0,0.28,0.28,/warp sell me ores,-10031 134 3510,2026-05-29 11:34:06,2026-05-27 00:06:16
Raw Beef,FX_02,0.0,0.28,0.28,/warp sell me ores,-10016 133 3509,2026-05-29 11:33:50,2026-05-27 00:08:36
Raw Beef,FX_02,0.0,0.28,0.28,/warp sell me ores,-10016 133 3509,2026-05-29 11:33:50,2026-05-27 00:08:36
Raw Beef,FX_02,0.0,0.28,0.28,/warp sell me ores,-10016 133 3509,2026-05-29 11:33:50,2026-05-27 00:08:31
Raw Beef,FX_02,0.0,0.28,0.28,/warp sell me ores,-10016 133 3509,2026-05-29 11:33:50,2026-05-27 00:08:30
Raw Beef,FX_02,0.0,0.28,0.28,/warp sell me ores,-10016 133 3509,2026-05-29 11:33:50,2026-05-27 00:08:29
Raw Beef,FX_02,0.0,0.28,0.28,/warp sell me ores,-10016 133 3509,2026-05-29 11:33:50,2026-05-27 00:08:28
Raw Beef,FX_02,0.0,0.28,0.28,/warp sell me ores,-10016 133 3509,2026-05-29 11:33:50,2026-05-27 00:08:26
Raw Beef,FX_02,0.0,0.28,0.28,/warp sell me ores,-10016 133 3509,2026-05-29 11:33:50,2026-05-27 00:08:25
Raw Beef,FX_02,0.0,0.28,0.28,/warp sell me ores,-10016 133 3509,2026-05-29 11:33:50,2026-05-27 00:08:25
Raw Beef,FX_02,0.0,0.28,0.28,/warp sell me ores,-10016 133 3509,2026-05-29 11:33:50,2026-05-27 00:08:24
Raw Beef,FX_02,0.0,0.28,0.28,/warp sell me ores,-10016 133 3509,2026-05-29 11:33:50,2026-05-27 00:08:23
Raw Beef,FX_02,0.0,0.28,0.28,/warp sell me ores,-10016 133 3509,2026-05-29 11:33:50,2026-05-27 00:07:50
Raw Beef,FX_02,0.0,0.28,0.28,/warp sell me ores,-10016 133 3509,2026-05-29 11:33:50,2026-05-27 00:07:49
Raw Chicken,FX_02,0.0,0.28,0.28,/warp sell me ores,-10031 135 3511,2026-05-29 11:34:34,2026-05-27 00:06:20
Raw Chicken,FX_02,0.0,0.28,0.28,/warp sell me ores,-10031 135 3511,2026-05-29 11:34:34,2026-05-27 00:06:20
Raw Chicken,FX_02,0.0,0.28,0.28,/warp sell me ores,-10031 135 3511,2026-05-29 11:34:34,2026-05-27 00:06:19
Raw Chicken,FX_02,0.0,0.28,0.28,/warp sell me ores,-10031 135 3511,2026-05-29 11:34:34,2026-05-27 00:06:18
Raw Chicken,FX_02,0.0,0.28,0.28,/warp sell me ores,-10031 135 3511,2026-05-29 11:34:34,2026-05-27 00:06:17
Raw Chicken,FX_02,0.0,0.28,0.28,/warp sell me ores,-10031 135 3511,2026-05-29 11:34:34,2026-05-27 00:06:16
Raw Chicken,FX_02,0.0,0.28,0.28,/warp sell me ores,-10031 135 3511,2026-05-29 11:34:34,2026-05-27 00:06:16
Raw Chicken,FX_02,0.0,0.28,0.28,/warp sell me ores,-10031 134 3510,2026-05-29 11:34:06,2026-05-27 00:06:25
Raw Chicken,FX_02,0.0,0.28,0.28,/warp sell me ores,-10031 134 3510,2026-05-29 11:34:06,2026-05-27 00:06:24
Raw Chicken,FX_02,0.0,0.28,0.28,/warp sell me ores,-10031 134 3510,2026-05-29 11:34:06,2026-05-27 00:06:23
Raw Chicken,FX_02,0.0,0.28,0.28,/warp sell me ores,-10031 134 3510,2026-05-29 11:34:06,2026-05-27 00:06:22
Raw Chicken,FX_02,0.0,0.28,0.28,/warp sell me ores,-10031 134 3510,2026-05-29 11:34:06,2026-05-27 00:06:21
Raw Chicken,FX_02,0.0,0.28,0.28,/warp sell me ores,-10031 134 3510,2026-05-29 11:34:06,2026-05-27 00:06:20
Raw Chicken,FX_02,0.0,0.28,0.28,/warp sell me ores,-10031 134 3510,2026-05-29 11:34:06,2026-05-27 00:06:20
Raw Chicken,FX_02,0.0,0.28,0.28,/warp sell me ores,-10031 134 3510,2026-05-29 11:34:06,2026-05-27 00:06:19
Raw Chicken,FX_02,0.0,0.28,0.28,/warp sell me ores,-10031 134 3510,2026-05-29 11:34:06,2026-05-27 00:06:18
Raw Chicken,FX_02,0.0,0.28,0.28,/warp sell me ores,-10030 138 3513,2026-05-29 11:34:53,2026-05-27 00:06:24
Raw Chicken,FX_02,0.0,0.28,0.28,/warp sell me ores,-10030 138 3513,2026-05-29 11:34:53,2026-05-27 00:06:23
Raw Chicken,FX_02,0.0,0.28,0.28,/warp sell me ores,-10030 138 3513,2026-05-29 11:34:53,2026-05-27 00:06:22
Raw Chicken,FX_02,0.0,0.28,0.28,/warp sell me ores,-10030 138 3513,2026-05-29 11:34:53,2026-05-27 00:06:21
Raw Chicken,FX_02,0.0,0.28,0.28,/warp sell me ores,-10030 138 3513,2026-05-29 11:34:53,2026-05-27 00:06:20
Raw Chicken,FX_02,0.0,0.28,0.28,/warp sell me ores,-10030 138 3513,2026-05-29 11:34:53,2026-05-27 00:06:20
Raw Chicken,FX_02,0.0,0.28,0.28,/warp sell me ores,-10030 138 3513,2026-05-29 11:34:53,2026-05-27 00:06:19
Raw Chicken,FX_02,0.0,0.28,0.28,/warp sell me ores,-10030 138 3513,2026-05-29 11:34:53,2026-05-27 00:06:18
Raw Chicken,FX_02,0.0,0.28,0.28,/warp sell me ores,-10030 138 3513,2026-05-29 11:34:53,2026-05-27 00:06:17
Raw Chicken,FX_02,0.0,0.28,0.28,/warp sell me ores,-10030 138 3513,2026-05-29 11:34:53,2026-05-27 00:06:16
Raw Chicken,FX_02,0.0,0.28,0.28,/warp sell me ores,-10030 138 3513,2026-05-29 11:34:53,2026-05-27 00:06:16
Raw Chicken,FX_02,0.0,0.28,0.28,/warp sell me ores,-10031 135 3511,2026-05-29 11:34:34,2026-05-27 00:06:25
Raw Chicken,FX_02,0.0,0.28,0.28,/warp sell me ores,-10031 135 3511,2026-05-29 11:34:34,2026-05-27 00:06:24
Raw Chicken,FX_02,0.0,0.28,0.28,/warp sell me ores,-10031 135 3511,2026-05-29 11:34:34,2026-05-27 00:06:23
Raw Chicken,FX_02,0.0,0.28,0.28,/warp sell me ores,-10031 135 3511,2026-05-29 11:34:34,2026-05-27 00:06:22
Raw Chicken,FX_02,0.0,0.28,0.28,/warp sell me ores,-10031 135 3511,2026-05-29 11:34:34,2026-05-27 00:06:21
Feather,FX_02,0.0,0.28,0.28,/warp sell me ores,-10032 138 3513,2026-05-29 11:34:55,2026-05-27 00:06:12
Feather,FX_02,0.0,0.28,0.28,/warp sell me ores,-10032 138 3513,2026-05-29 11:34:55,2026-05-27 00:06:11
Raw Beef,FX_02,0.0,0.28,0.28,/warp sell me ores,-10021 133 3509,2026-07-26 20:38:07,2026-05-27 00:08:30
Raw Chicken,FX_02,0.0,0.28,0.28,/warp sell me ores,-10031 138 3513,2026-05-29 11:34:54,2026-05-27 00:06:25
Raw Chicken,FX_02,0.0,0.28,0.28,/warp sell me ores,-10031 138 3513,2026-05-29 11:34:54,2026-05-27 00:06:24
Raw Chicken,FX_02,0.0,0.28,0.28,/warp sell me ores,-10031 138 3513,2026-05-29 11:34:54,2026-05-27 00:06:23
Raw Chicken,FX_02,0.0,0.28,0.28,/warp sell me ores,-10031 138 3513,2026-05-29 11:34:54,2026-05-27 00:06:22
Raw Chicken,FX_02,0.0,0.28,0.28,/warp sell me ores,-10031 138 3513,2026-05-29 11:34:54,2026-05-27 00:06:21
Raw Chicken,FX_02,0.0,0.28,0.28,/warp sell me ores,-10031 138 3513,2026-05-29 11:34:54,2026-05-27 00:06:20
Raw Chicken,FX_02,0.0,0.28,0.28,/warp sell me ores,-10031 138 3513,2026-05-29 11:34:54,2026-05-27 00:06:20
Raw Chicken,FX_02,0.0,0.28,0.28,/warp sell me ores,-10031 138 3513,2026-05-29 11:34:54,2026-05-27 00:06:19
Raw Chicken,FX_02,0.0,0.28,0.28,/warp sell me ores,-10031 138 3513,2026-05-29 11:34:54,2026-05-27 00:06:18
Raw Chicken,FX_02,0.0,0.28,0.28,/warp sell me ores,-10031 138 3513,2026-05-29 11:34:54,2026-05-27 00:06:17
Raw Chicken,FX_02,0.0,0.28,0.28,/warp sell me ores,-10031 138 3513,2026-05-29 11:34:54,2026-05-27 00:06:16
Raw Chicken,FX_02,0.0,0.28,0.28,/warp sell me ores,-10031 138 3513,2026-05-29 11:34:54,2026-05-27 00:06:16
Raw Chicken,FX_02,0.0,0.28,0.28,/warp sell me ores,-10030 138 3513,2026-05-29 11:34:53,2026-05-27 00:06:25
Feather,FX_02,0.0,0.28,0.28,/warp sell me ores,-10033 138 3513,2026-05-29 11:34:56,2026-05-27 00:06:26
Feather,FX_02,0.0,0.28,0.28,/warp sell me ores,-10033 138 3513,2026-05-29 11:34:56,2026-05-27 00:06:15
Feather,FX_02,0.0,0.28,0.28,/warp sell me ores,-10033 138 3513,2026-05-29 11:34:56,2026-05-27 00:06:14
Feather,FX_02,0.0,0.28,0.28,/warp sell me ores,-10033 138 3513,2026-05-29 11:34:56,2026-05-27 00:06:13
Feather,FX_02,0.0,0.28,0.28,/warp sell me ores,-10033 138 3513,2026-05-29 11:34:56,2026-05-27 00:06:12
Feather,FX_02,0.0,0.28,0.28,/warp sell me ores,-10033 138 3513,2026-05-29 11:34:56,2026-05-27 00:06:11
Raw Beef,FX_02,0.0,0.28,0.28,/warp sell me ores,-10019 138 3513,2026-05-29 11:35:17,2026-05-27 00:08:36
Feather,FX_02,0.0,0.28,0.28,/warp sell me ores,-10032 138 3513,2026-05-29 11:34:55,2026-05-27 00:06:31
Feather,FX_02,0.0,0.28,0.28,/warp sell me ores,-10032 138 3513,2026-05-29 11:34:55,2026-05-27 00:06:30
Feather,FX_02,0.0,0.28,0.28,/warp sell me ores,-10032 138 3513,2026-05-29 11:34:55,2026-05-27 00:06:29
Feather,FX_02,0.0,0.28,0.28,/warp sell me ores,-10032 138 3513,2026-05-29 11:34:55,2026-05-27 00:06:28
Feather,FX_02,0.0,0.28,0.28,/warp sell me ores,-10032 138 3513,2026-05-29 11:34:55,2026-05-27 00:06:27
Feather,FX_02,0.0,0.28,0.28,/warp sell me ores,-10032 138 3513,2026-05-29 11:34:55,2026-05-27 00:06:26
Feather,FX_02,0.0,0.28,0.28,/warp sell me ores,-10032 138 3513,2026-05-29 11:34:55,2026-05-27 00:06:15
Feather,FX_02,0.0,0.28,0.28,/warp sell me ores,-10032 138 3513,2026-05-29 11:34:55,2026-05-27 00:06:14
Feather,FX_02,0.0,0.28,0.28,/warp sell me ores,-10032 138 3513,2026-05-29 11:34:55,2026-05-27 00:06:13
Raw Porkchop,FX_02,0.0,0.28,0.28,/warp sell me ores,-10034 138 3513,2026-05-29 11:34:57,2026-05-27 00:05:41
Raw Porkchop,FX_02,0.0,0.28,0.28,/warp sell me ores,-10034 138 3513,2026-05-29 11:34:57,2026-05-27 00:05:40
Raw Porkchop,FX_02,0.0,0.28,0.28,/warp sell me ores,-10034 138 3513,2026-05-29 11:34:57,2026-05-27 00:05:39
Raw Porkchop,FX_02,0.0,0.28,0.28,/warp sell me ores,-10034 138 3513,2026-05-29 11:34:57,2026-05-27 00:05:38
Raw Porkchop,FX_02,0.0,0.28,0.28,/warp sell me ores,-10034 138 3513,2026-05-29 11:34:57,2026-05-27 00:05:37
Raw Porkchop,FX_02,0.0,0.28,0.28,/warp sell me ores,-10034 138 3513,2026-05-29 11:34:57,2026-05-27 00:05:37
Raw Porkchop,FX_02,0.0,0.28,0.28,/warp sell me ores,-10034 138 3513,2026-05-29 11:34:57,2026-05-27 00:05:36
Raw Porkchop,FX_02,0.0,0.28,0.28,/warp sell me ores,-10034 138 3513,2026-05-29 11:34:57,2026-05-27 00:05:35
Raw Porkchop,FX_02,0.0,0.28,0.28,/warp sell me ores,-10034 138 3513,2026-05-29 11:34:57,2026-05-27 00:05:28
Raw Porkchop,FX_02,0.0,0.28,0.28,/warp sell me ores,-10034 138 3513,2026-05-29 11:34:57,2026-05-27 00:05:27
Raw Porkchop,FX_02,0.0,0.28,0.28,/warp sell me ores,-10034 138 3513,2026-05-29 11:34:57,2026-05-27 00:05:26
Feather,FX_02,0.0,0.28,0.28,/warp sell me ores,-10033 138 3513,2026-05-29 11:34:56,2026-05-27 00:06:31
Feather,FX_02,0.0,0.28,0.28,/warp sell me ores,-10033 138 3513,2026-05-29 11:34:56,2026-05-27 00:06:30
Feather,FX_02,0.0,0.28,0.28,/warp sell me ores,-10033 138 3513,2026-05-29 11:34:56,2026-05-27 00:06:29
Feather,FX_02,0.0,0.28,0.28,/warp sell me ores,-10033 138 3513,2026-05-29 11:34:56,2026-05-27 00:06:28
Feather,FX_02,0.0,0.28,0.28,/warp sell me ores,-10033 138 3513,2026-05-29 11:34:56,2026-05-27 00:06:27
Raw Porkchop,FX_02,0.0,0.28,0.28,/warp sell me ores,-10035 138 3513,2026-05-29 11:34:57,2026-05-27 00:05:41
Raw Porkchop,FX_02,0.0,0.28,0.28,/warp sell me ores,-10035 138 3513,2026-05-29 11:34:57,2026-05-27 00:05:41
Raw Porkchop,FX_02,0.0,0.28,0.28,/warp sell me ores,-10035 138 3513,2026-05-29 11:34:57,2026-05-27 00:05:40
Raw Porkchop,FX_02,0.0,0.28,0.28,/warp sell me ores,-10035 138 3513,2026-05-29 11:34:57,2026-05-27 00:05:39
Raw Porkchop,FX_02,0.0,0.28,0.28,/warp sell me ores,-10035 138 3513,2026-05-29 11:34:57,2026-05-27 00:05:38
Raw Porkchop,FX_02,0.0,0.28,0.28,/warp sell me ores,-10035 138 3513,2026-05-29 11:34:57,2026-05-27 00:05:37
Raw Porkchop,FX_02,0.0,0.28,0.28,/warp sell me ores,-10035 138 3513,2026-05-29 11:34:57,2026-05-27 00:05:37
Raw Porkchop,FX_02,0.0,0.28,0.28,/warp sell me ores,-10035 138 3513,2026-05-29 11:34:57,2026-05-27 00:05:36
Raw Porkchop,FX_02,0.0,0.28,0.28,/warp sell me ores,-10035 138 3513,2026-05-29 11:34:57,2026-05-27 00:05:35
Raw Porkchop,FX_02,0.0,0.28,0.28,/warp sell me ores,-10035 138 3513,2026-05-29 11:34:57,2026-05-27 00:05:28
Raw Porkchop,FX_02,0.0,0.28,0.28,/warp sell me ores,-10035 138 3513,2026-05-29 11:34:57,2026-05-27 00:05:27
Raw Porkchop,FX_02,0.0,0.28,0.28,/warp sell me ores,-10035 138 3513,2026-05-29 11:34:57,2026-05-27 00:05:26
Raw Porkchop,FX_02,0.0,0.28,0.28,/warp sell me ores,-10034 138 3513,2026-05-29 11:34:57,2026-05-27 00:05:43
Raw Porkchop,FX_02,0.0,0.28,0.28,/warp sell me ores,-10034 138 3513,2026-05-29 11:34:57,2026-05-27 00:05:43
Raw Porkchop,FX_02,0.0,0.28,0.28,/warp sell me ores,-10034 138 3513,2026-05-29 11:34:57,2026-05-27 00:05:42
Raw Porkchop,FX_02,0.0,0.28,0.28,/warp sell me ores,-10034 138 3513,2026-05-29 11:34:57,2026-05-27 00:05:41
Raw Porkchop,FX_02,0.0,0.28,0.28,/warp sell me ores,-10036 138 3513,2026-05-29 11:34:58,2026-05-27 00:05:42
Raw Porkchop,FX_02,0.0,0.28,0.28,/warp sell me ores,-10036 138 3513,2026-05-29 11:34:58,2026-05-27 00:05:41
Raw Porkchop,FX_02,0.0,0.28,0.28,/warp sell me ores,-10036 138 3513,2026-05-29 11:34:58,2026-05-27 00:05:41
Raw Porkchop,FX_02,0.0,0.28,0.28,/warp sell me ores,-10036 138 3513,2026-05-29 11:34:58,2026-05-27 00:05:40
Raw Porkchop,FX_02,0.0,0.28,0.28,/warp sell me ores,-10036 138 3513,2026-05-29 11:34:58,2026-05-27 00:05:39
Raw Porkchop,FX_02,0.0,0.28,0.28,/warp sell me ores,-10036 138 3513,2026-05-29 11:34:58,2026-05-27 00:05:38
Raw Porkchop,FX_02,0.0,0.28,0.28,/warp sell me ores,-10036 138 3513,2026-05-29 11:34:58,2026-05-27 00:05:37
Raw Porkchop,FX_02,0.0,0.28,0.28,/warp sell me ores,-10036 138 3513,2026-05-29 11:34:58,2026-05-27 00:05:37
Raw Porkchop,FX_02,0.0,0.28,0.28,/warp sell me ores,-10036 138 3513,2026-05-29 11:34:58,2026-05-27 00:05:36
Raw Porkchop,FX_02,0.0,0.28,0.28,/warp sell me ores,-10036 138 3513,2026-05-29 11:34:58,2026-05-27 00:05:35
Raw Porkchop,FX_02,0.0,0.28,0.28,/warp sell me ores,-10036 138 3513,2026-05-29 11:34:58,2026-05-27 00:05:28
Raw Porkchop,FX_02,0.0,0.28,0.28,/warp sell me ores,-10036 138 3513,2026-05-29 11:34:58,2026-05-27 00:05:27
Raw Porkchop,FX_02,0.0,0.28,0.28,/warp sell me ores,-10036 138 3513,2026-05-29 11:34:58,2026-05-27 00:05:26
Raw Porkchop,FX_02,0.0,0.28,0.28,/warp sell me ores,-10035 138 3513,2026-05-29 11:34:57,2026-05-27 00:05:43
Raw Porkchop,FX_02,0.0,0.28,0.28,/warp sell me ores,-10035 138 3513,2026-05-29 11:34:57,2026-05-27 00:05:43
Raw Porkchop,FX_02,0.0,0.28,0.28,/warp sell me ores,-10035 138 3513,2026-05-29 11:34:57,2026-05-27 00:05:42
Raw Porkchop,FX_02,0.0,0.28,0.28,/warp sell me ores,-10037 138 3513,2026-05-29 11:34:59,2026-05-27 00:05:43
Raw Porkchop,FX_02,0.0,0.28,0.28,/warp sell me ores,-10037 138 3513,2026-05-29 11:34:59,2026-05-27 00:05:42
Raw Porkchop,FX_02,0.0,0.28,0.28,/warp sell me ores,-10037 138 3513,2026-05-29 11:34:59,2026-05-27 00:05:41
Raw Porkchop,FX_02,0.0,0.28,0.28,/warp sell me ores,-10037 138 3513,2026-05-29 11:34:59,2026-05-27 00:05:41
Raw Porkchop,FX_02,0.0,0.28,0.28,/warp sell me ores,-10037 138 3513,2026-05-29 11:34:59,2026-05-27 00:05:40
Raw Porkchop,FX_02,0.0,0.28,0.28,/warp sell me ores,-10037 138 3513,2026-05-29 11:34:59,2026-05-27 00:05:39
Raw Porkchop,FX_02,0.0,0.28,0.28,/warp sell me ores,-10037 138 3513,2026-05-29 11:34:59,2026-05-27 00:05:38
Raw Porkchop,FX_02,0.0,0.28,0.28,/warp sell me ores,-10037 138 3513,2026-05-29 11:34:59,2026-05-27 00:05:37
Raw Porkchop,FX_02,0.0,0.28,0.28,/warp sell me ores,-10037 138 3513,2026-05-29 11:34:59,2026-05-27 00:05:37
Raw Porkchop,FX_02,0.0,0.28,0.28,/warp sell me ores,-10037 138 3513,2026-05-29 11:34:59,2026-05-27 00:05:36
Raw Porkchop,FX_02,0.0,0.28,0.28,/warp sell me ores,-10037 138 3513,2026-05-29 11:34:59,2026-05-27 00:05:35
Raw Porkchop,FX_02,0.0,0.28,0.28,/warp sell me ores,-10037 138 3513,2026-05-29 11:34:59,2026-05-27 00:05:28
Raw Porkchop,FX_02,0.0,0.28,0.28,/warp sell me ores,-10037 138 3513,2026-05-29 11:34:59,2026-05-27 00:05:27
Raw Porkchop,FX_02,0.0,0.28,0.28,/warp sell me ores,-10037 138 3513,2026-05-29 11:34:59,2026-05-27 00:05:26
Raw Porkchop,FX_02,0.0,0.28,0.28,/warp sell me ores,-10036 138 3513,2026-05-29 11:34:58,2026-05-27 00:05:43
Raw Porkchop,FX_02,0.0,0.28,0.28,/warp sell me ores,-10036 138 3513,2026-05-29 11:34:58,2026-05-27 00:05:43
Raw Porkchop,FX_02,0.0,0.28,0.28,/warp sell me ores,-10038 138 3513,2026-05-29 11:35:00,2026-05-27 00:05:43
Raw Porkchop,FX_02,0.0,0.28,0.28,/warp sell me ores,-10038 138 3513,2026-05-29 11:35:00,2026-05-27 00:05:43
Raw Porkchop,FX_02,0.0,0.28,0.28,/warp sell me ores,-10038 138 3513,2026-05-29 11:35:00,2026-05-27 00:05:42
Raw Porkchop,FX_02,0.0,0.28,0.28,/warp sell me ores,-10038 138 3513,2026-05-29 11:35:00,2026-05-27 00:05:41
Raw Porkchop,FX_02,0.0,0.28,0.28,/warp sell me ores,-10038 138 3513,2026-05-29 11:35:00,2026-05-27 00:05:41
Raw Porkchop,FX_02,0.0,0.28,0.28,/warp sell me ores,-10038 138 3513,2026-05-29 11:35:00,2026-05-27 00:05:40
Raw Porkchop,FX_02,0.0,0.28,0.28,/warp sell me ores,-10038 138 3513,2026-05-29 11:35:00,2026-05-27 00:05:39
Raw Porkchop,FX_02,0.0,0.28,0.28,/warp sell me ores,-10038 138 3513,2026-05-29 11:35:00,2026-05-27 00:05:38
Raw Porkchop,FX_02,0.0,0.28,0.28,/warp sell me ores,-10038 138 3513,2026-05-29 11:35:00,2026-05-27 00:05:37
Raw Porkchop,FX_02,0.0,0.28,0.28,/warp sell me ores,-10038 138 3513,2026-05-29 11:35:00,2026-05-27 00:05:37
Raw Porkchop,FX_02,0.0,0.28,0.28,/warp sell me ores,-10038 138 3513,2026-05-29 11:35:00,2026-05-27 00:05:36
Raw Porkchop,FX_02,0.0,0.28,0.28,/warp sell me ores,-10038 138 3513,2026-05-29 11:35:00,2026-05-27 00:05:35
Raw Porkchop,FX_02,0.0,0.28,0.28,/warp sell me ores,-10038 138 3513,2026-05-29 11:35:00,2026-05-27 00:05:28
Raw Porkchop,FX_02,0.0,0.28,0.28,/warp sell me ores,-10038 138 3513,2026-05-29 11:35:00,2026-05-27 00:05:27
Raw Porkchop,FX_02,0.0,0.28,0.28,/warp sell me ores,-10038 138 3513,2026-05-29 11:35:00,2026-05-27 00:05:26
Raw Porkchop,FX_02,0.0,0.28,0.28,/warp sell me ores,-10037 138 3513,2026-05-29 11:34:59,2026-05-27 00:05:43
Raw Chicken,FX_02,0.0,0.28,0.28,/warp sell me ores,-10028 138 3513,2026-05-29 11:35:10,2026-05-27 00:06:16
Raw Porkchop,FX_02,0.0,0.28,0.28,/warp sell me ores,-10039 138 3513,2026-05-29 11:35:01,2026-05-27 00:05:43
Raw Porkchop,FX_02,0.0,0.28,0.28,/warp sell me ores,-10039 138 3513,2026-05-29 11:35:01,2026-05-27 00:05:43
Raw Porkchop,FX_02,0.0,0.28,0.28,/warp sell me ores,-10039 138 3513,2026-05-29 11:35:01,2026-05-27 00:05:42
Raw Porkchop,FX_02,0.0,0.28,0.28,/warp sell me ores,-10039 138 3513,2026-05-29 11:35:01,2026-05-27 00:05:41
Raw Porkchop,FX_02,0.0,0.28,0.28,/warp sell me ores,-10039 138 3513,2026-05-29 11:35:01,2026-05-27 00:05:41
Raw Porkchop,FX_02,0.0,0.28,0.28,/warp sell me ores,-10039 138 3513,2026-05-29 11:35:01,2026-05-27 00:05:40
Raw Porkchop,FX_02,0.0,0.28,0.28,/warp sell me ores,-10039 138 3513,2026-05-29 11:35:01,2026-05-27 00:05:39
Raw Porkchop,FX_02,0.0,0.28,0.28,/warp sell me ores,-10039 138 3513,2026-05-29 11:35:01,2026-05-27 00:05:38
Raw Porkchop,FX_02,0.0,0.28,0.28,/warp sell me ores,-10039 138 3513,2026-05-29 11:35:01,2026-05-27 00:05:37
Raw Porkchop,FX_02,0.0,0.28,0.28,/warp sell me ores,-10039 138 3513,2026-05-29 11:35:01,2026-05-27 00:05:37
Raw Porkchop,FX_02,0.0,0.28,0.28,/warp sell me ores,-10039 138 3513,2026-05-29 11:35:01,2026-05-27 00:05:36
Raw Porkchop,FX_02,0.0,0.28,0.28,/warp sell me ores,-10039 138 3513,2026-05-29 11:35:01,2026-05-27 00:05:35
Raw Porkchop,FX_02,0.0,0.28,0.28,/warp sell me ores,-10039 138 3513,2026-05-29 11:35:01,2026-05-27 00:05:28
Raw Porkchop,FX_02,0.0,0.28,0.28,/warp sell me ores,-10039 138 3513,2026-05-29 11:35:01,2026-05-27 00:05:27
Raw Porkchop,FX_02,0.0,0.28,0.28,/warp sell me ores,-10039 138 3513,2026-05-29 11:35:01,2026-05-27 00:05:26
Raw Chicken,FX_02,0.0,0.28,0.28,/warp sell me ores,-10027 138 3513,2026-05-29 11:35:11,2026-05-27 00:06:19
Raw Chicken,FX_02,0.0,0.28,0.28,/warp sell me ores,-10027 138 3513,2026-05-29 11:35:11,2026-05-27 00:06:18
Raw Chicken,FX_02,0.0,0.28,0.28,/warp sell me ores,-10027 138 3513,2026-05-29 11:35:11,2026-05-27 00:06:17
Raw Chicken,FX_02,0.0,0.28,0.28,/warp sell me ores,-10027 138 3513,2026-05-29 11:35:11,2026-05-27 00:06:16
Raw Chicken,FX_02,0.0,0.28,0.28,/warp sell me ores,-10027 138 3513,2026-05-29 11:35:11,2026-05-27 00:06:16
Raw Chicken,FX_02,0.0,0.28,0.28,/warp sell me ores,-10028 138 3513,2026-05-29 11:35:10,2026-05-27 00:06:25
Raw Chicken,FX_02,0.0,0.28,0.28,/warp sell me ores,-10028 138 3513,2026-05-29 11:35:10,2026-05-27 00:06:24
Raw Chicken,FX_02,0.0,0.28,0.28,/warp sell me ores,-10028 138 3513,2026-05-29 11:35:10,2026-05-27 00:06:23
Raw Chicken,FX_02,0.0,0.28,0.28,/warp sell me ores,-10028 138 3513,2026-05-29 11:35:10,2026-05-27 00:06:22
Raw Chicken,FX_02,0.0,0.28,0.28,/warp sell me ores,-10028 138 3513,2026-05-29 11:35:10,2026-05-27 00:06:21
Raw Chicken,FX_02,0.0,0.28,0.28,/warp sell me ores,-10028 138 3513,2026-05-29 11:35:10,2026-05-27 00:06:20
Raw Chicken,FX_02,0.0,0.28,0.28,/warp sell me ores,-10028 138 3513,2026-05-29 11:35:10,2026-05-27 00:06:20
Raw Chicken,FX_02,0.0,0.28,0.28,/warp sell me ores,-10028 138 3513,2026-05-29 11:35:10,2026-05-27 00:06:19
Raw Chicken,FX_02,0.0,0.28,0.28,/warp sell me ores,-10028 138 3513,2026-05-29 11:35:10,2026-05-27 00:06:18
Raw Chicken,FX_02,0.0,0.28,0.28,/warp sell me ores,-10028 138 3513,2026-05-29 11:35:10,2026-05-27 00:06:17
Raw Chicken,FX_02,0.0,0.28,0.28,/warp sell me ores,-10028 138 3513,2026-05-29 11:35:10,2026-05-27 00:06:16
Raw Beef,FX_02,0.0,0.28,0.28,/warp sell me ores,-10020 138 3513,2026-05-29 11:35:16,2026-05-27 00:07:44
Raw Beef,FX_02,0.0,0.28,0.28,/warp sell me ores,-10020 138 3513,2026-05-29 11:35:16,2026-05-27 00:07:43
Raw Beef,FX_02,0.0,0.28,0.28,/warp sell me ores,-10020 138 3513,2026-05-29 11:35:16,2026-05-27 00:07:42
Raw Beef,FX_02,0.0,0.28,0.28,/warp sell me ores,-10020 138 3513,2026-05-29 11:35:16,2026-05-27 00:07:41
Raw Beef,FX_02,0.0,0.28,0.28,/warp sell me ores,-10019 138 3513,2026-05-29 11:35:17,2026-05-27 00:08:36
Raw Rabbit,FX_02,0.0,0.28,0.28,/warp sell me ores,-10045 133 3509,2026-05-29 11:33:28,2026-05-27 00:07:08
Raw Beef,FX_02,0.0,0.28,0.28,/warp sell me ores,-10019 138 3513,2026-05-29 11:35:17,2026-05-27 00:08:31
Raw Beef,FX_02,0.0,0.28,0.28,/warp sell me ores,-10019 138 3513,2026-05-29 11:35:17,2026-05-27 00:08:30
Raw Beef,FX_02,0.0,0.28,0.28,/warp sell me ores,-10019 138 3513,2026-05-29 11:35:17,2026-05-27 00:08:29
Raw Chicken,FX_02,0.0,0.28,0.28,/warp sell me ores,-10027 138 3513,2026-05-29 11:35:11,2026-05-27 00:06:25
Raw Chicken,FX_02,0.0,0.28,0.28,/warp sell me ores,-10027 138 3513,2026-05-29 11:35:11,2026-05-27 00:06:24
Raw Chicken,FX_02,0.0,0.28,0.28,/warp sell me ores,-10027 138 3513,2026-05-29 11:35:11,2026-05-27 00:06:23
Raw Chicken,FX_02,0.0,0.28,0.28,/warp sell me ores,-10027 138 3513,2026-05-29 11:35:11,2026-05-27 00:06:22
Raw Chicken,FX_02,0.0,0.28,0.28,/warp sell me ores,-10027 138 3513,2026-05-29 11:35:11,2026-05-27 00:06:21
Raw Chicken,FX_02,0.0,0.28,0.28,/warp sell me ores,-10027 138 3513,2026-05-29 11:35:11,2026-05-27 00:06:20
Raw Chicken,FX_02,0.0,0.28,0.28,/warp sell me ores,-10027 138 3513,2026-05-29 11:35:11,2026-05-27 00:06:20
Raw Beef,FX_02,0.0,0.28,0.28,/warp sell me ores,-10020 138 3513,2026-05-29 11:35:16,2026-05-27 00:08:30
Raw Beef,FX_02,0.0,0.28,0.28,/warp sell me ores,-10020 138 3513,2026-05-29 11:35:16,2026-05-27 00:08:29
Raw Beef,FX_02,0.0,0.28,0.28,/warp sell me ores,-10020 138 3513,2026-05-29 11:35:16,2026-05-27 00:08:28
Raw Beef,FX_02,0.0,0.28,0.28,/warp sell me ores,-10020 138 3513,2026-05-29 11:35:16,2026-05-27 00:08:26
Raw Beef,FX_02,0.0,0.28,0.28,/warp sell me ores,-10020 138 3513,2026-05-29 11:35:16,2026-05-27 00:08:25
Raw Beef,FX_02,0.0,0.28,0.28,/warp sell me ores,-10020 138 3513,2026-05-29 11:35:16,2026-05-27 00:08:25
Raw Beef,FX_02,0.0,0.28,0.28,/warp sell me ores,-10020 138 3513,2026-05-29 11:35:16,2026-05-27 00:08:24
Raw Beef,FX_02,0.0,0.28,0.28,/warp sell me ores,-10020 138 3513,2026-05-29 11:35:16,2026-05-27 00:08:23
Raw Beef,FX_02,0.0,0.28,0.28,/warp sell me ores,-10020 138 3513,2026-05-29 11:35:16,2026-05-27 00:07:50
Raw Beef,FX_02,0.0,0.28,0.28,/warp sell me ores,-10020 138 3513,2026-05-29 11:35:16,2026-05-27 00:07:49
Raw Beef,FX_02,0.0,0.28,0.28,/warp sell me ores,-10020 138 3513,2026-05-29 11:35:16,2026-05-27 00:07:49
Raw Beef,FX_02,0.0,0.28,0.28,/warp sell me ores,-10020 138 3513,2026-05-29 11:35:16,2026-05-27 00:07:48
Raw Beef,FX_02,0.0,0.28,0.28,/warp sell me ores,-10020 138 3513,2026-05-29 11:35:16,2026-05-27 00:07:47
Raw Beef,FX_02,0.0,0.28,0.28,/warp sell me ores,-10020 138 3513,2026-05-29 11:35:16,2026-05-27 00:07:46
Raw Beef,FX_02,0.0,0.28,0.28,/warp sell me ores,-10020 138 3513,2026-05-29 11:35:16,2026-05-27 00:07:45
Raw Beef,FX_02,0.0,0.28,0.28,/warp sell me ores,-10020 138 3513,2026-05-29 11:35:16,2026-05-27 00:07:45
Raw Beef,FX_02,0.0,0.28,0.28,/warp sell me ores,-10021 138 3513,2026-05-29 11:35:16,2026-05-27 00:08:23
Raw Beef,FX_02,0.0,0.28,0.28,/warp sell me ores,-10021 138 3513,2026-05-29 11:35:16,2026-05-27 00:07:50
Raw Beef,FX_02,0.0,0.28,0.28,/warp sell me ores,-10021 138 3513,2026-05-29 11:35:16,2026-05-27 00:07:49
Raw Beef,FX_02,0.0,0.28,0.28,/warp sell me ores,-10021 138 3513,2026-05-29 11:35:16,2026-05-27 00:07:49
Raw Beef,FX_02,0.0,0.28,0.28,/warp sell me ores,-10021 138 3513,2026-05-29 11:35:16,2026-05-27 00:07:48
Raw Beef,FX_02,0.0,0.28,0.28,/warp sell me ores,-10021 138 3513,2026-05-29 11:35:16,2026-05-27 00:07:47
Raw Beef,FX_02,0.0,0.28,0.28,/warp sell me ores,-10021 138 3513,2026-05-29 11:35:16,2026-05-27 00:07:46
Raw Beef,FX_02,0.0,0.28,0.28,/warp sell me ores,-10021 138 3513,2026-05-29 11:35:16,2026-05-27 00:07:45
Raw Beef,FX_02,0.0,0.28,0.28,/warp sell me ores,-10021 138 3513,2026-05-29 11:35:16,2026-05-27 00:07:45
Raw Beef,FX_02,0.0,0.28,0.28,/warp sell me ores,-10021 138 3513,2026-05-29 11:35:16,2026-05-27 00:07:44
Raw Beef,FX_02,0.0,0.28,0.28,/warp sell me ores,-10021 138 3513,2026-05-29 11:35:16,2026-05-27 00:07:43
Raw Beef,FX_02,0.0,0.28,0.28,/warp sell me ores,-10021 138 3513,2026-05-29 11:35:16,2026-05-27 00:07:42
Raw Beef,FX_02,0.0,0.28,0.28,/warp sell me ores,-10021 138 3513,2026-05-29 11:35:16,2026-05-27 00:07:41
Raw Beef,FX_02,0.0,0.28,0.28,/warp sell me ores,-10020 138 3513,2026-05-29 11:35:16,2026-05-27 00:08:36
Raw Beef,FX_02,0.0,0.28,0.28,/warp sell me ores,-10020 138 3513,2026-05-29 11:35:16,2026-05-27 00:08:36
Raw Beef,FX_02,0.0,0.28,0.28,/warp sell me ores,-10020 138 3513,2026-05-29 11:35:16,2026-05-27 00:08:31
Raw Beef,FX_02,0.0,0.28,0.28,/warp sell me ores,-10019 138 3513,2026-05-29 11:35:17,2026-05-27 00:07:45
Raw Beef,FX_02,0.0,0.28,0.28,/warp sell me ores,-10019 138 3513,2026-05-29 11:35:17,2026-05-27 00:07:45
Raw Beef,FX_02,0.0,0.28,0.28,/warp sell me ores,-10019 138 3513,2026-05-29 11:35:17,2026-05-27 00:07:44
Raw Beef,FX_02,0.0,0.28,0.28,/warp sell me ores,-10019 138 3513,2026-05-29 11:35:17,2026-05-27 00:07:43
Raw Beef,FX_02,0.0,0.28,0.28,/warp sell me ores,-10019 138 3513,2026-05-29 11:35:17,2026-05-27 00:07:42
Raw Beef,FX_02,0.0,0.28,0.28,/warp sell me ores,-10019 138 3513,2026-05-29 11:35:17,2026-05-27 00:07:41
Raw Beef,FX_02,0.0,0.28,0.28,/warp sell me ores,-10021 138 3513,2026-05-29 11:35:16,2026-05-27 00:08:36
Raw Beef,FX_02,0.0,0.28,0.28,/warp sell me ores,-10021 138 3513,2026-05-29 11:35:16,2026-05-27 00:08:36
Raw Beef,FX_02,0.0,0.28,0.28,/warp sell me ores,-10021 138 3513,2026-05-29 11:35:16,2026-05-27 00:08:31
Raw Beef,FX_02,0.0,0.28,0.28,/warp sell me ores,-10021 138 3513,2026-05-29 11:35:16,2026-05-27 00:08:30
Raw Beef,FX_02,0.0,0.28,0.28,/warp sell me ores,-10021 138 3513,2026-05-29 11:35:16,2026-05-27 00:08:29
Raw Beef,FX_02,0.0,0.28,0.28,/warp sell me ores,-10021 138 3513,2026-05-29 11:35:16,2026-05-27 00:08:28
Raw Beef,FX_02,0.0,0.28,0.28,/warp sell me ores,-10021 138 3513,2026-05-29 11:35:16,2026-05-27 00:08:26
Raw Beef,FX_02,0.0,0.28,0.28,/warp sell me ores,-10021 138 3513,2026-05-29 11:35:16,2026-05-27 00:08:25
Raw Beef,FX_02,0.0,0.28,0.28,/warp sell me ores,-10021 138 3513,2026-05-29 11:35:16,2026-05-27 00:08:25
Raw Beef,FX_02,0.0,0.28,0.28,/warp sell me ores,-10021 138 3513,2026-05-29 11:35:16,2026-05-27 00:08:24
Raw Beef,FX_02,0.0,0.28,0.28,/warp sell me ores,-10019 138 3513,2026-05-29 11:35:17,2026-05-27 00:08:28
Raw Beef,FX_02,0.0,0.28,0.28,/warp sell me ores,-10019 138 3513,2026-05-29 11:35:17,2026-05-27 00:08:26
Raw Beef,FX_02,0.0,0.28,0.28,/warp sell me ores,-10019 138 3513,2026-05-29 11:35:17,2026-05-27 00:08:25
Raw Beef,FX_02,0.0,0.28,0.28,/warp sell me ores,-10019 138 3513,2026-05-29 11:35:17,2026-05-27 00:08:25
Raw Beef,FX_02,0.0,0.28,0.28,/warp sell me ores,-10019 138 3513,2026-05-29 11:35:17,2026-05-27 00:08:24
Raw Beef,FX_02,0.0,0.28,0.28,/warp sell me ores,-10019 138 3513,2026-05-29 11:35:17,2026-05-27 00:08:23
Raw Beef,FX_02,0.0,0.28,0.28,/warp sell me ores,-10019 138 3513,2026-05-29 11:35:17,2026-05-27 00:07:50
Raw Beef,FX_02,0.0,0.28,0.28,/warp sell me ores,-10019 138 3513,2026-05-29 11:35:17,2026-05-27 00:07:49
Raw Beef,FX_02,0.0,0.28,0.28,/warp sell me ores,-10019 138 3513,2026-05-29 11:35:17,2026-05-27 00:07:49
Raw Beef,FX_02,0.0,0.28,0.28,/warp sell me ores,-10019 138 3513,2026-05-29 11:35:17,2026-05-27 00:07:48
Raw Beef,FX_02,0.0,0.28,0.28,/warp sell me ores,-10019 138 3513,2026-05-29 11:35:17,2026-05-27 00:07:47
Raw Beef,FX_02,0.0,0.28,0.28,/warp sell me ores,-10021 133 3509,2026-07-26 20:38:07,2026-05-27 00:07:50
Raw Beef,FX_02,0.0,0.28,0.28,/warp sell me ores,-10021 133 3509,2026-07-26 20:38:07,2026-05-27 00:07:49
Raw Beef,FX_02,0.0,0.28,0.28,/warp sell me ores,-10021 133 3509,2026-07-26 20:38:07,2026-05-27 00:07:49
Raw Beef,FX_02,0.0,0.28,0.28,/warp sell me ores,-10021 133 3509,2026-07-26 20:38:07,2026-05-27 00:07:48
Raw Beef,FX_02,0.0,0.28,0.28,/warp sell me ores,-10019 138 3513,2026-05-29 11:35:17,2026-05-27 00:07:46
Raw Beef,FX_02,0.0,0.28,0.28,/warp sell me ores,-10021 133 3509,2026-07-26 20:38:07,2026-05-27 00:07:47
Raw Beef,FX_02,0.0,0.28,0.28,/warp sell me ores,-10021 133 3509,2026-07-26 20:38:07,2026-05-27 00:07:46
Raw Beef,FX_02,0.0,0.28,0.28,/warp sell me ores,-10021 133 3509,2026-07-26 20:38:07,2026-05-27 00:07:45
Raw Beef,FX_02,0.0,0.28,0.28,/warp sell me ores,-10021 133 3509,2026-07-26 20:38:07,2026-05-27 00:07:45
Raw Beef,FX_02,0.0,0.28,0.28,/warp sell me ores,-10021 133 3509,2026-07-26 20:38:07,2026-05-27 00:07:44
Raw Beef,FX_02,0.0,0.28,0.28,/warp sell me ores,-10021 133 3509,2026-07-26 20:38:07,2026-05-27 00:07:43
Raw Beef,FX_02,0.0,0.28,0.28,/warp sell me ores,-10021 133 3509,2026-07-26 20:38:07,2026-05-27 00:07:42
Raw Beef,FX_02,0.0,0.28,0.28,/warp sell me ores,-10021 133 3509,2026-07-26 20:38:07,2026-05-27 00:07:41
Raw Beef,FX_02,0.0,0.28,0.28,/warp sell me ores,-10021 133 3509,2026-07-26 20:38:07,2026-05-27 00:08:36
Raw Beef,FX_02,0.0,0.28,0.28,/warp sell me ores,-10021 133 3509,2026-07-26 20:38:07,2026-05-27 00:08:36
Raw Beef,FX_02,0.0,0.28,0.28,/warp sell me ores,-10021 133 3509,2026-07-26 20:38:07,2026-05-27 00:08:31
Raw Porkchop,FX_02,0.0,0.28,0.28,/warp sell me ores,-10039 133 3509,2026-05-29 11:33:33,2026-05-27 00:05:43
Raw Porkchop,FX_02,0.0,0.28,0.28,/warp sell me ores,-10039 133 3509,2026-05-29 11:33:33,2026-05-27 00:05:43
Raw Porkchop,FX_02,0.0,0.28,0.28,/warp sell me ores,-10039 133 3509,2026-05-29 11:33:33,2026-05-27 00:05:42
Raw Porkchop,FX_02,0.0,0.28,0.28,/warp sell me ores,-10039 133 3509,2026-05-29 11:33:33,2026-05-27 00:05:41
Raw Porkchop,FX_02,0.0,0.28,0.28,/warp sell me ores,-10039 133 3509,2026-05-29 11:33:33,2026-05-27 00:05:41
Raw Porkchop,FX_02,0.0,0.28,0.28,/warp sell me ores,-10039 133 3509,2026-05-29 11:33:33,2026-05-27 00:05:40
Raw Beef,FX_02,0.0,0.28,0.28,/warp sell me ores,-10021 133 3509,2026-07-26 20:38:07,2026-05-27 00:08:29
Raw Beef,FX_02,0.0,0.28,0.28,/warp sell me ores,-10021 133 3509,2026-07-26 20:38:07,2026-05-27 00:08:28
Raw Beef,FX_02,0.0,0.28,0.28,/warp sell me ores,-10021 133 3509,2026-07-26 20:38:07,2026-05-27 00:08:26
Raw Beef,FX_02,0.0,0.28,0.28,/warp sell me ores,-10021 133 3509,2026-07-26 20:38:07,2026-05-27 00:08:25
Raw Beef,FX_02,0.0,0.28,0.28,/warp sell me ores,-10021 133 3509,2026-07-26 20:38:07,2026-05-27 00:08:25
Raw Beef,FX_02,0.0,0.28,0.28,/warp sell me ores,-10021 133 3509,2026-07-26 20:38:07,2026-05-27 00:08:24
Raw Rabbit,FX_02,0.0,0.28,0.28,/warp sell me ores,-10045 133 3509,2026-05-29 11:33:28,2026-05-27 00:07:27
Raw Rabbit,FX_02,0.0,0.28,0.28,/warp sell me ores,-10045 133 3509,2026-05-29 11:33:28,2026-05-27 00:07:26
Raw Rabbit,FX_02,0.0,0.28,0.28,/warp sell me ores,-10045 133 3509,2026-05-29 11:33:28,2026-05-27 00:07:25
Raw Rabbit,FX_02,0.0,0.28,0.28,/warp sell me ores,-10045 133 3509,2026-05-29 11:33:28,2026-05-27 00:07:24
Raw Rabbit,FX_02,0.0,0.28,0.28,/warp sell me ores,-10045 133 3509,2026-05-29 11:33:28,2026-05-27 00:07:23
Raw Rabbit,FX_02,0.0,0.28,0.28,/warp sell me ores,-10045 133 3509,2026-05-29 11:33:28,2026-05-27 00:07:11
Raw Rabbit,FX_02,0.0,0.28,0.28,/warp sell me ores,-10045 133 3509,2026-05-29 11:33:28,2026-05-27 00:07:10
Raw Rabbit,FX_02,0.0,0.28,0.28,/warp sell me ores,-10045 133 3509,2026-05-29 11:33:28,2026-05-27 00:07:09
Raw Rabbit,FX_02,0.0,0.28,0.28,/warp sell me ores,-10045 133 3509,2026-05-29 11:33:28,2026-05-27 00:07:06
Leather,FX_02,0.0,0.26,0.26,/warp sell me ores,-10023 133 3509,2026-07-26 20:38:09,2026-05-27 00:08:42
Leather,FX_02,0.0,0.26,0.26,/warp sell me ores,-10023 133 3509,2026-07-26 20:38:09,2026-05-27 00:08:39
Leather,FX_02,0.0,0.26,0.26,/warp sell me ores,-10023 133 3509,2026-07-26 20:38:09,2026-05-27 00:08:38
Leather,FX_02,0.0,0.26,0.26,/warp sell me ores,-10023 133 3509,2026-07-26 20:38:09,2026-05-27 00:08:37
Leather,FX_02,0.0,0.26,0.26,/warp sell me ores,-10023 133 3509,2026-07-26 20:38:09,2026-05-27 00:08:22
Leather,FX_02,0.0,0.26,0.26,/warp sell me ores,-10023 133 3509,2026-07-26 20:38:09,2026-05-27 00:08:21
Leather,FX_02,0.0,0.26,0.26,/warp sell me ores,-10023 133 3509,2026-07-26 20:38:09,2026-05-27 00:08:20
Leather,FX_02,0.0,0.26,0.26,/warp sell me ores,-10023 133 3509,2026-07-26 20:38:09,2026-05-27 00:08:20
Leather,FX_02,0.0,0.26,0.26,/warp sell me ores,-10023 133 3509,2026-07-26 20:38:09,2026-05-27 00:08:19
Leather,FX_02,0.0,0.26,0.26,/warp sell me ores,-10023 133 3509,2026-07-26 20:38:09,2026-05-27 00:08:18
Leather,FX_02,0.0,0.26,0.26,/warp sell me ores,-10023 133 3509,2026-07-26 20:38:09,2026-05-27 00:07:55
Leather,FX_02,0.0,0.26,0.26,/warp sell me ores,-10023 133 3509,2026-07-26 20:38:09,2026-05-27 00:07:54
Leather,FX_02,0.0,0.26,0.26,/warp sell me ores,-10023 133 3509,2026-07-26 20:38:09,2026-05-27 00:07:53
Leather,FX_02,0.0,0.26,0.26,/warp sell me ores,-10023 133 3509,2026-07-26 20:38:09,2026-05-27 00:07:53
Leather,FX_02,0.0,0.26,0.26,/warp sell me ores,-10023 133 3509,2026-07-26 20:38:09,2026-05-27 00:07:52
Rabbit Hide,FX_02,0.0,0.26,0.26,/warp sell me ores,-10042 133 3509,2026-05-29 11:33:31,2026-05-27 00:07:15
Rabbit Hide,FX_02,0.0,0.26,0.26,/warp sell me ores,-10042 133 3509,2026-05-29 11:33:31,2026-05-27 00:07:16
Blaze Rod,TycoRC,0.0,0.26,0.26,/warp xp grinder,-1733 49 3401,2026-05-31 13:01:53,2026-05-29 12:39:22
Blaze Rod,TycoRC,0.0,0.26,0.26,/warp xp grinder,-1733 49 3401,2026-05-31 13:01:53,2026-05-29 12:39:22
Rabbit Hide,FX_02,0.0,0.26,0.26,/warp sell me ores,-10042 133 3509,2026-05-29 11:33:31,2026-05-27 00:07:17
Rabbit Hide,FX_02,0.0,0.26,0.26,/warp sell me ores,-10042 133 3509,2026-05-29 11:33:31,2026-05-27 00:07:18
Rabbit Hide,FX_02,0.0,0.26,0.26,/warp sell me ores,-10042 133 3509,2026-05-29 11:33:31,2026-05-27 00:07:18
Rabbit Hide,FX_02,0.0,0.26,0.26,/warp sell me ores,-10042 133 3509,2026-05-29 11:33:31,2026-05-27 00:07:19
Rabbit Hide,FX_02,0.0,0.26,0.26,/warp sell me ores,-10042 133 3509,2026-05-29 11:33:31,2026-05-27 00:07:20
Rabbit Hide,FX_02,0.0,0.26,0.26,/warp sell me ores,-10042 133 3509,2026-05-29 11:33:31,2026-05-27 00:07:21
Rabbit Hide,FX_02,0.0,0.26,0.26,/warp sell me ores,-10042 133 3509,2026-05-29 11:33:31,2026-05-27 00:07:22
Rabbit Hide,FX_02,0.0,0.26,0.26,/warp sell me ores,-10042 133 3509,2026-05-29 11:33:31,2026-05-27 00:07:23
Rabbit Hide,FX_02,0.0,0.26,0.26,/warp sell me ores,-10042 138 3513,2026-05-29 11:35:03,2026-05-27 00:07:11
Rabbit Hide,FX_02,0.0,0.26,0.26,/warp sell me ores,-10042 138 3513,2026-05-29 11:35:03,2026-05-27 00:07:12
Rabbit Hide,FX_02,0.0,0.26,0.26,/warp sell me ores,-10042 138 3513,2026-05-29 11:35:03,2026-05-27 00:07:13
Rabbit Hide,FX_02,0.0,0.26,0.26,/warp sell me ores,-10042 138 3513,2026-05-29 11:35:03,2026-05-27 00:07:14
Rabbit Hide,FX_02,0.0,0.26,0.26,/warp sell me ores,-10042 138 3513,2026-05-29 11:35:03,2026-05-27 00:07:15
Rabbit Hide,FX_02,0.0,0.26,0.26,/warp sell me ores,-10042 138 3513,2026-05-29 11:35:03,2026-05-27 00:07:16
Rabbit Hide,FX_02,0.0,0.26,0.26,/warp sell me ores,-10042 138 3513,2026-05-29 11:35:03,2026-05-27 00:07:17
Rabbit Hide,FX_02,0.0,0.26,0.26,/warp sell me ores,-10042 138 3513,2026-05-29 11:35:03,2026-05-27 00:07:18
Rabbit Hide,FX_02,0.0,0.26,0.26,/warp sell me ores,-10042 138 3513,2026-05-29 11:35:03,2026-05-27 00:07:18
Rabbit Hide,FX_02,0.0,0.26,0.26,/warp sell me ores,-10042 138 3513,2026-05-29 11:35:03,2026-05-27 00:07:19
Rabbit Hide,FX_02,0.0,0.26,0.26,/warp sell me ores,-10042 138 3513,2026-05-29 11:35:03,2026-05-27 00:07:20
Rabbit Hide,FX_02,0.0,0.26,0.26,/warp sell me ores,-10042 138 3513,2026-05-29 11:35:03,2026-05-27 00:07:21
Rabbit Hide,FX_02,0.0,0.26,0.26,/warp sell me ores,-10042 138 3513,2026-05-29 11:35:03,2026-05-27 00:07:22
Rabbit Hide,FX_02,0.0,0.26,0.26,/warp sell me ores,-10042 138 3513,2026-05-29 11:35:03,2026-05-27 00:07:23
Leather,FX_02,0.0,0.26,0.26,/warp sell me ores,-10026 138 3513,2026-05-29 11:35:12,2026-05-27 00:07:37
Leather,FX_02,0.0,0.26,0.26,/warp sell me ores,-10026 138 3513,2026-05-29 11:35:12,2026-05-27 00:07:37
Leather,FX_02,0.0,0.26,0.26,/warp sell me ores,-10026 138 3513,2026-05-29 11:35:12,2026-05-27 00:07:38
Leather,FX_02,0.0,0.26,0.26,/warp sell me ores,-10026 138 3513,2026-05-29 11:35:12,2026-05-27 00:07:39
Leather,FX_02,0.0,0.26,0.26,/warp sell me ores,-10026 138 3513,2026-05-29 11:35:12,2026-05-27 00:07:40
Leather,FX_02,0.0,0.26,0.26,/warp sell me ores,-10026 138 3513,2026-05-29 11:35:12,2026-05-27 00:07:40
Leather,FX_02,0.0,0.26,0.26,/warp sell me ores,-10026 138 3513,2026-05-29 11:35:12,2026-05-27 00:07:51
Leather,FX_02,0.0,0.26,0.26,/warp sell me ores,-10026 138 3513,2026-05-29 11:35:12,2026-05-27 00:07:52
Leather,FX_02,0.0,0.26,0.26,/warp sell me ores,-10026 138 3513,2026-05-29 11:35:12,2026-05-27 00:07:53
Leather,FX_02,0.0,0.26,0.26,/warp sell me ores,-10026 138 3513,2026-05-29 11:35:12,2026-05-27 00:07:53
Leather,FX_02,0.0,0.26,0.26,/warp sell me ores,-10022 138 3513,2026-05-29 11:35:15,2026-05-27 00:07:54
Leather,FX_02,0.0,0.26,0.26,/warp sell me ores,-10022 138 3513,2026-05-29 11:35:15,2026-05-27 00:07:55
Leather,FX_02,0.0,0.26,0.26,/warp sell me ores,-10022 138 3513,2026-05-29 11:35:15,2026-05-27 00:08:18
Leather,FX_02,0.0,0.26,0.26,/warp sell me ores,-10022 138 3513,2026-05-29 11:35:15,2026-05-27 00:08:19
Leather,FX_02,0.0,0.26,0.26,/warp sell me ores,-10022 138 3513,2026-05-29 11:35:15,2026-05-27 00:08:20
Leather,FX_02,0.0,0.26,0.26,/warp sell me ores,-10022 138 3513,2026-05-29 11:35:15,2026-05-27 00:08:20
Leather,FX_02,0.0,0.26,0.26,/warp sell me ores,-10022 138 3513,2026-05-29 11:35:15,2026-05-27 00:08:21
Leather,FX_02,0.0,0.26,0.26,/warp sell me ores,-10022 138 3513,2026-05-29 11:35:15,2026-05-27 00:08:22
Leather,FX_02,0.0,0.26,0.26,/warp sell me ores,-10022 138 3513,2026-05-29 11:35:15,2026-05-27 00:08:37
Leather,FX_02,0.0,0.26,0.26,/warp sell me ores,-10022 138 3513,2026-05-29 11:35:15,2026-05-27 00:08:38
Leather,FX_02,0.0,0.26,0.26,/warp sell me ores,-10022 138 3513,2026-05-29 11:35:15,2026-05-27 00:08:39
Leather,FX_02,0.0,0.26,0.26,/warp sell me ores,-10022 138 3513,2026-05-29 11:35:15,2026-05-27 00:08:40
Leather,FX_02,0.0,0.26,0.26,/warp sell me ores,-10022 138 3513,2026-05-29 11:35:15,2026-05-27 00:08:41
Leather,FX_02,0.0,0.26,0.26,/warp sell me ores,-10022 138 3513,2026-05-29 11:35:15,2026-05-27 00:08:42
Leather,FX_02,0.0,0.26,0.26,/warp sell me ores,-10023 138 3513,2026-05-29 11:35:14,2026-05-27 00:08:37
Leather,FX_02,0.0,0.26,0.26,/warp sell me ores,-10023 138 3513,2026-05-29 11:35:14,2026-05-27 00:08:38
Leather,FX_02,0.0,0.26,0.26,/warp sell me ores,-10023 138 3513,2026-05-29 11:35:14,2026-05-27 00:08:39
Leather,FX_02,0.0,0.26,0.26,/warp sell me ores,-10023 138 3513,2026-05-29 11:35:14,2026-05-27 00:08:40
Leather,FX_02,0.0,0.26,0.26,/warp sell me ores,-10023 138 3513,2026-05-29 11:35:14,2026-05-27 00:08:41
Leather,FX_02,0.0,0.26,0.26,/warp sell me ores,-10023 138 3513,2026-05-29 11:35:14,2026-05-27 00:08:42
Leather,FX_02,0.0,0.26,0.26,/warp sell me ores,-10022 138 3513,2026-05-29 11:35:15,2026-05-27 00:07:37
Leather,FX_02,0.0,0.26,0.26,/warp sell me ores,-10022 138 3513,2026-05-29 11:35:15,2026-05-27 00:07:37
Leather,FX_02,0.0,0.26,0.26,/warp sell me ores,-10022 138 3513,2026-05-29 11:35:15,2026-05-27 00:07:38
Leather,FX_02,0.0,0.26,0.26,/warp sell me ores,-10022 138 3513,2026-05-29 11:35:15,2026-05-27 00:07:39
Leather,FX_02,0.0,0.26,0.26,/warp sell me ores,-10022 138 3513,2026-05-29 11:35:15,2026-05-27 00:07:40
Leather,FX_02,0.0,0.26,0.26,/warp sell me ores,-10022 138 3513,2026-05-29 11:35:15,2026-05-27 00:07:40
Leather,FX_02,0.0,0.26,0.26,/warp sell me ores,-10022 138 3513,2026-05-29 11:35:15,2026-05-27 00:07:51
Leather,FX_02,0.0,0.26,0.26,/warp sell me ores,-10022 138 3513,2026-05-29 11:35:15,2026-05-27 00:07:52
Leather,FX_02,0.0,0.26,0.26,/warp sell me ores,-10022 138 3513,2026-05-29 11:35:15,2026-05-27 00:07:53
Leather,FX_02,0.0,0.26,0.26,/warp sell me ores,-10022 138 3513,2026-05-29 11:35:15,2026-05-27 00:07:53
Leather,FX_02,0.0,0.26,0.26,/warp sell me ores,-10023 138 3513,2026-05-29 11:35:14,2026-05-27 00:07:38
Leather,FX_02,0.0,0.26,0.26,/warp sell me ores,-10023 138 3513,2026-05-29 11:35:14,2026-05-27 00:07:39
Leather,FX_02,0.0,0.26,0.26,/warp sell me ores,-10023 138 3513,2026-05-29 11:35:14,2026-05-27 00:07:40
Leather,FX_02,0.0,0.26,0.26,/warp sell me ores,-10023 138 3513,2026-05-29 11:35:14,2026-05-27 00:07:40
Leather,FX_02,0.0,0.26,0.26,/warp sell me ores,-10023 138 3513,2026-05-29 11:35:14,2026-05-27 00:07:51
Leather,FX_02,0.0,0.26,0.26,/warp sell me ores,-10023 138 3513,2026-05-29 11:35:14,2026-05-27 00:07:52
Leather,FX_02,0.0,0.26,0.26,/warp sell me ores,-10023 138 3513,2026-05-29 11:35:14,2026-05-27 00:07:53
Leather,FX_02,0.0,0.26,0.26,/warp sell me ores,-10023 138 3513,2026-05-29 11:35:14,2026-05-27 00:07:53
Leather,FX_02,0.0,0.26,0.26,/warp sell me ores,-10023 138 3513,2026-05-29 11:35:14,2026-05-27 00:07:54
Leather,FX_02,0.0,0.26,0.26,/warp sell me ores,-10023 138 3513,2026-05-29 11:35:14,2026-05-27 00:07:55
Leather,FX_02,0.0,0.26,0.26,/warp sell me ores,-10023 138 3513,2026-05-29 11:35:14,2026-05-27 00:08:18
Leather,FX_02,0.0,0.26,0.26,/warp sell me ores,-10023 138 3513,2026-05-29 11:35:14,2026-05-27 00:08:19
Leather,FX_02,0.0,0.26,0.26,/warp sell me ores,-10023 138 3513,2026-05-29 11:35:14,2026-05-27 00:08:20
Leather,FX_02,0.0,0.26,0.26,/warp sell me ores,-10023 138 3513,2026-05-29 11:35:14,2026-05-27 00:08:20
Leather,FX_02,0.0,0.26,0.26,/warp sell me ores,-10023 138 3513,2026-05-29 11:35:14,2026-05-27 00:08:21
Leather,FX_02,0.0,0.26,0.26,/warp sell me ores,-10023 138 3513,2026-05-29 11:35:14,2026-05-27 00:08:22
Leather,FX_02,0.0,0.26,0.26,/warp sell me ores,-10024 138 3513,2026-05-29 11:35:13,2026-05-27 00:07:54
Leather,FX_02,0.0,0.26,0.26,/warp sell me ores,-10024 138 3513,2026-05-29 11:35:13,2026-05-27 00:07:55
Leather,FX_02,0.0,0.26,0.26,/warp sell me ores,-10024 138 3513,2026-05-29 11:35:13,2026-05-27 00:08:18
Leather,FX_02,0.0,0.26,0.26,/warp sell me ores,-10024 138 3513,2026-05-29 11:35:13,2026-05-27 00:08:19
Leather,FX_02,0.0,0.26,0.26,/warp sell me ores,-10024 138 3513,2026-05-29 11:35:13,2026-05-27 00:08:20
Leather,FX_02,0.0,0.26,0.26,/warp sell me ores,-10024 138 3513,2026-05-29 11:35:13,2026-05-27 00:08:20
Leather,FX_02,0.0,0.26,0.26,/warp sell me ores,-10024 138 3513,2026-05-29 11:35:13,2026-05-27 00:08:21
Leather,FX_02,0.0,0.26,0.26,/warp sell me ores,-10024 138 3513,2026-05-29 11:35:13,2026-05-27 00:08:22
Leather,FX_02,0.0,0.26,0.26,/warp sell me ores,-10024 138 3513,2026-05-29 11:35:13,2026-05-27 00:08:37
Leather,FX_02,0.0,0.26,0.26,/warp sell me ores,-10024 138 3513,2026-05-29 11:35:13,2026-05-27 00:08:38
Leather,FX_02,0.0,0.26,0.26,/warp sell me ores,-10024 138 3513,2026-05-29 11:35:13,2026-05-27 00:08:39
Leather,FX_02,0.0,0.26,0.26,/warp sell me ores,-10024 138 3513,2026-05-29 11:35:13,2026-05-27 00:08:40
Leather,FX_02,0.0,0.26,0.26,/warp sell me ores,-10024 138 3513,2026-05-29 11:35:13,2026-05-27 00:08:41
Leather,FX_02,0.0,0.26,0.26,/warp sell me ores,-10024 138 3513,2026-05-29 11:35:13,2026-05-27 00:08:42
Leather,FX_02,0.0,0.26,0.26,/warp sell me ores,-10023 138 3513,2026-05-29 11:35:14,2026-05-27 00:07:37
Leather,FX_02,0.0,0.26,0.26,/warp sell me ores,-10023 138 3513,2026-05-29 11:35:14,2026-05-27 00:07:37
Leather,FX_02,0.0,0.26,0.26,/warp sell me ores,-10025 138 3513,2026-05-29 11:35:13,2026-05-27 00:08:37
Leather,FX_02,0.0,0.26,0.26,/warp sell me ores,-10025 138 3513,2026-05-29 11:35:13,2026-05-27 00:08:38
Leather,FX_02,0.0,0.26,0.26,/warp sell me ores,-10025 138 3513,2026-05-29 11:35:13,2026-05-27 00:08:39
Leather,FX_02,0.0,0.26,0.26,/warp sell me ores,-10025 138 3513,2026-05-29 11:35:13,2026-05-27 00:08:40
Leather,FX_02,0.0,0.26,0.26,/warp sell me ores,-10025 138 3513,2026-05-29 11:35:13,2026-05-27 00:08:41
Leather,FX_02,0.0,0.26,0.26,/warp sell me ores,-10025 138 3513,2026-05-29 11:35:13,2026-05-27 00:08:42
Leather,FX_02,0.0,0.26,0.26,/warp sell me ores,-10024 138 3513,2026-05-29 11:35:13,2026-05-27 00:07:37
Leather,FX_02,0.0,0.26,0.26,/warp sell me ores,-10024 138 3513,2026-05-29 11:35:13,2026-05-27 00:07:37
Leather,FX_02,0.0,0.26,0.26,/warp sell me ores,-10024 138 3513,2026-05-29 11:35:13,2026-05-27 00:07:38
Leather,FX_02,0.0,0.26,0.26,/warp sell me ores,-10024 138 3513,2026-05-29 11:35:13,2026-05-27 00:07:39
Leather,FX_02,0.0,0.26,0.26,/warp sell me ores,-10024 138 3513,2026-05-29 11:35:13,2026-05-27 00:07:40
Leather,FX_02,0.0,0.26,0.26,/warp sell me ores,-10024 138 3513,2026-05-29 11:35:13,2026-05-27 00:07:40
Leather,FX_02,0.0,0.26,0.26,/warp sell me ores,-10024 138 3513,2026-05-29 11:35:13,2026-05-27 00:07:51
Leather,FX_02,0.0,0.26,0.26,/warp sell me ores,-10024 138 3513,2026-05-29 11:35:13,2026-05-27 00:07:52
Leather,FX_02,0.0,0.26,0.26,/warp sell me ores,-10024 138 3513,2026-05-29 11:35:13,2026-05-27 00:07:53
Leather,FX_02,0.0,0.26,0.26,/warp sell me ores,-10024 138 3513,2026-05-29 11:35:13,2026-05-27 00:07:53
Leather,FX_02,0.0,0.26,0.26,/warp sell me ores,-10025 138 3513,2026-05-29 11:35:13,2026-05-27 00:07:38
Leather,FX_02,0.0,0.26,0.26,/warp sell me ores,-10025 138 3513,2026-05-29 11:35:13,2026-05-27 00:07:39
Leather,FX_02,0.0,0.26,0.26,/warp sell me ores,-10025 138 3513,2026-05-29 11:35:13,2026-05-27 00:07:40
Leather,FX_02,0.0,0.26,0.26,/warp sell me ores,-10025 138 3513,2026-05-29 11:35:13,2026-05-27 00:07:40
Leather,FX_02,0.0,0.26,0.26,/warp sell me ores,-10025 138 3513,2026-05-29 11:35:13,2026-05-27 00:07:51
Leather,FX_02,0.0,0.26,0.26,/warp sell me ores,-10025 138 3513,2026-05-29 11:35:13,2026-05-27 00:07:52
Leather,FX_02,0.0,0.26,0.26,/warp sell me ores,-10025 138 3513,2026-05-29 11:35:13,2026-05-27 00:07:53
Leather,FX_02,0.0,0.26,0.26,/warp sell me ores,-10025 138 3513,2026-05-29 11:35:13,2026-05-27 00:07:53
Leather,FX_02,0.0,0.26,0.26,/warp sell me ores,-10025 138 3513,2026-05-29 11:35:13,2026-05-27 00:07:54
Leather,FX_02,0.0,0.26,0.26,/warp sell me ores,-10025 138 3513,2026-05-29 11:35:13,2026-05-27 00:07:55
Leather,FX_02,0.0,0.26,0.26,/warp sell me ores,-10025 138 3513,2026-05-29 11:35:13,2026-05-27 00:08:18
Leather,FX_02,0.0,0.26,0.26,/warp sell me ores,-10025 138 3513,2026-05-29 11:35:13,2026-05-27 00:08:19
Leather,FX_02,0.0,0.26,0.26,/warp sell me ores,-10025 138 3513,2026-05-29 11:35:13,2026-05-27 00:08:20
Leather,FX_02,0.0,0.26,0.26,/warp sell me ores,-10025 138 3513,2026-05-29 11:35:13,2026-05-27 00:08:20
Leather,FX_02,0.0,0.26,0.26,/warp sell me ores,-10025 138 3513,2026-05-29 11:35:13,2026-05-27 00:08:21
Leather,FX_02,0.0,0.26,0.26,/warp sell me ores,-10025 138 3513,2026-05-29 11:35:13,2026-05-27 00:08:22
Leather,FX_02,0.0,0.26,0.26,/warp sell me ores,-10026 138 3513,2026-05-29 11:35:12,2026-05-27 00:07:54
Leather,FX_02,0.0,0.26,0.26,/warp sell me ores,-10026 138 3513,2026-05-29 11:35:12,2026-05-27 00:07:55
Leather,FX_02,0.0,0.26,0.26,/warp sell me ores,-10026 138 3513,2026-05-29 11:35:12,2026-05-27 00:08:18
Leather,FX_02,0.0,0.26,0.26,/warp sell me ores,-10026 138 3513,2026-05-29 11:35:12,2026-05-27 00:08:19
Leather,FX_02,0.0,0.26,0.26,/warp sell me ores,-10026 138 3513,2026-05-29 11:35:12,2026-05-27 00:08:20
Leather,FX_02,0.0,0.26,0.26,/warp sell me ores,-10026 138 3513,2026-05-29 11:35:12,2026-05-27 00:08:20
Leather,FX_02,0.0,0.26,0.26,/warp sell me ores,-10026 138 3513,2026-05-29 11:35:12,2026-05-27 00:08:21
Leather,FX_02,0.0,0.26,0.26,/warp sell me ores,-10026 138 3513,2026-05-29 11:35:12,2026-05-27 00:08:22
Leather,FX_02,0.0,0.26,0.26,/warp sell me ores,-10026 138 3513,2026-05-29 11:35:12,2026-05-27 00:08:37
Leather,FX_02,0.0,0.26,0.26,/warp sell me ores,-10026 138 3513,2026-05-29 11:35:12,2026-05-27 00:08:38
Leather,FX_02,0.0,0.26,0.26,/warp sell me ores,-10026 138 3513,2026-05-29 11:35:12,2026-05-27 00:08:39
Leather,FX_02,0.0,0.26,0.26,/warp sell me ores,-10026 138 3513,2026-05-29 11:35:12,2026-05-27 00:08:40
Leather,FX_02,0.0,0.26,0.26,/warp sell me ores,-10026 138 3513,2026-05-29 11:35:12,2026-05-27 00:08:41
Leather,FX_02,0.0,0.26,0.26,/warp sell me ores,-10026 138 3513,2026-05-29 11:35:12,2026-05-27 00:08:42
Leather,FX_02,0.0,0.26,0.26,/warp sell me ores,-10025 138 3513,2026-05-29 11:35:13,2026-05-27 00:07:37
Leather,FX_02,0.0,0.26,0.26,/warp sell me ores,-10025 138 3513,2026-05-29 11:35:13,2026-05-27 00:07:37
Leather,FX_02,0.0,0.26,0.26,/warp sell me ores,-10023 133 3509,2026-07-26 20:38:09,2026-05-27 00:07:51
Leather,FX_02,0.0,0.26,0.26,/warp sell me ores,-10023 133 3509,2026-07-26 20:38:09,2026-05-27 00:08:41
Rabbit Hide,FX_02,0.0,0.26,0.26,/warp sell me ores,-10042 133 3509,2026-05-29 11:33:31,2026-05-27 00:07:11
Rabbit Hide,FX_02,0.0,0.26,0.26,/warp sell me ores,-10042 133 3509,2026-05-29 11:33:31,2026-05-27 00:07:12
Rabbit Hide,FX_02,0.0,0.26,0.26,/warp sell me ores,-10042 133 3509,2026-05-29 11:33:31,2026-05-27 00:07:13
Rabbit Hide,FX_02,0.0,0.26,0.26,/warp sell me ores,-10042 133 3509,2026-05-29 11:33:31,2026-05-27 00:07:14
Leather,FX_02,0.0,0.26,0.26,/warp sell me ores,-10023 133 3509,2026-07-26 20:38:09,2026-05-27 00:07:37
Leather,FX_02,0.0,0.26,0.26,/warp sell me ores,-10023 133 3509,2026-07-26 20:38:09,2026-05-27 00:07:37
Leather,FX_02,0.0,0.26,0.26,/warp sell me ores,-10023 133 3509,2026-07-26 20:38:09,2026-05-27 00:07:38
Leather,FX_02,0.0,0.26,0.26,/warp sell me ores,-10023 133 3509,2026-07-26 20:38:09,2026-05-27 00:07:39
Leather,FX_02,0.0,0.26,0.26,/warp sell me ores,-10023 133 3509,2026-07-26 20:38:09,2026-05-27 00:07:40
Blaze Rod,TycoRC,0.0,0.26,0.26,/warp xp grinder,-1733 49 3401,2026-05-31 13:01:53,2026-05-29 12:39:23
Blaze Rod,TycoRC,0.0,0.26,0.26,/warp xp grinder,-1733 49 3401,2026-05-31 13:01:53,2026-05-29 12:39:24
Blaze Rod,TycoRC,0.0,0.26,0.26,/warp xp grinder,-1733 49 3400,2026-05-31 13:01:54,2026-05-29 12:39:22
Blaze Rod,TycoRC,0.0,0.26,0.26,/warp xp grinder,-1733 49 3400,2026-05-31 13:01:54,2026-05-29 12:39:22
Blaze Rod,TycoRC,0.0,0.26,0.26,/warp xp grinder,-1733 49 3400,2026-05-31 13:01:54,2026-05-29 12:39:23
Blaze Rod,TycoRC,0.0,0.26,0.26,/warp xp grinder,-1733 49 3400,2026-05-31 13:01:54,2026-05-29 12:39:24
Leather,FX_02,0.0,0.26,0.26,/warp sell me ores,-10023 133 3509,2026-07-26 20:38:09,2026-05-27 00:08:40
Leather,FX_02,0.0,0.26,0.26,/warp sell me ores,-10023 133 3509,2026-07-26 20:38:09,2026-05-27 00:07:40
Spider Eye,FX_02,0.0,0.25,0.25,/warp 1,8551 -30 -2045,2026-05-31 21:56:23,2026-05-28 23:39:00
Spider Eye,FX_02,0.0,0.25,0.25,/warp 1,8551 -34 -2044,2026-05-31 21:56:54,2026-05-28 23:39:00
Spider Eye,FX_02,0.0,0.25,0.25,/warp 1,8551 -31 -2048,2026-05-31 21:56:47,2026-05-28 23:39:00
Spider Eye,FX_02,0.0,0.25,0.25,/warp 1,8551 -32 -2048,2026-05-31 21:56:45,2026-05-28 23:39:00
Spider Eye,FX_02,0.0,0.25,0.25,/warp 1,8551 -34 -2046,2026-06-01 17:33:48,2026-05-28 23:39:00
Spider Eye,FX_02,0.0,0.25,0.25,/warp 1,8551 -32 -2045,2026-05-31 21:56:10,2026-05-28 23:39:00
Spider Eye,FX_02,0.0,0.25,0.25,/warp 1,8551 -33 -2045,2026-05-31 21:56:06,2026-05-28 23:39:00
Spider Eye,FX_02,0.0,0.25,0.25,/warp 1,8551 -31 -2045,2026-05-31 21:56:18,2026-05-28 23:39:00
Spider Eye,FX_02,0.0,0.25,0.25,/warp 1,8551 -33 -2048,2026-05-31 21:56:42,2026-05-28 23:39:00
Arrow,FX_02,0.0,0.21,0.21,/warp 1,8571 -31 -2044,2026-06-01 17:34:35,2026-05-27 00:04:07
Arrow,FX_02,0.0,0.21,0.21,/warp 1,8571 -31 -2044,2026-06-01 17:34:35,2026-05-27 00:04:09
String,FX_02,0.0,0.21,0.21,/warp 1,8551 -31 -2040,2026-05-31 21:54:13,2026-05-27 00:10:03
String,FX_02,0.0,0.21,0.21,/warp 1,8551 -31 -2040,2026-05-31 21:54:13,2026-05-27 00:10:04
String,FX_02,0.0,0.21,0.21,/warp 1,8551 -31 -2040,2026-05-31 21:54:13,2026-05-27 00:10:04
String,FX_02,0.0,0.21,0.21,/warp 1,8551 -31 -2040,2026-05-31 21:54:13,2026-05-27 00:10:02
String,FX_02,0.0,0.21,0.21,/warp 1,8551 -31 -2040,2026-05-31 21:54:13,2026-05-27 00:08:49
String,FX_02,0.0,0.21,0.21,/warp 1,8551 -33 -2041,2026-05-31 21:55:17,2026-05-27 00:08:49
String,FX_02,0.0,0.21,0.21,/warp 1,8551 -33 -2041,2026-05-31 21:55:17,2026-05-27 00:08:50
String,FX_02,0.0,0.21,0.21,/warp 1,8551 -33 -2041,2026-05-31 21:55:17,2026-05-27 00:08:51
Arrow,FX_02,0.0,0.21,0.21,/warp 1,8571 -31 -2045,2026-06-01 17:34:30,2026-05-27 00:04:04
Arrow,FX_02,0.0,0.21,0.21,/warp 1,8571 -31 -2045,2026-06-01 17:34:30,2026-05-27 00:04:05
Arrow,FX_02,0.0,0.21,0.21,/warp 1,8571 -31 -2045,2026-06-01 17:34:30,2026-05-27 00:04:06
Arrow,FX_02,0.0,0.21,0.21,/warp 1,8571 -31 -2045,2026-06-01 17:34:30,2026-05-27 00:04:07
Arrow,FX_02,0.0,0.21,0.21,/warp 1,8571 -31 -2045,2026-06-01 17:34:30,2026-05-27 00:04:08
String,FX_02,0.0,0.21,0.21,/warp 1,8551 -31 -2041,2026-05-31 21:55:29,2026-05-27 00:08:49
String,FX_02,0.0,0.21,0.21,/warp 1,8551 -31 -2041,2026-05-31 21:55:29,2026-05-27 00:08:50
String,FX_02,0.0,0.21,0.21,/warp 1,8551 -31 -2041,2026-05-31 21:55:29,2026-05-27 00:08:51
String,FX_02,0.0,0.21,0.21,/warp 1,8551 -31 -2041,2026-05-31 21:55:29,2026-05-27 00:08:52
String,FX_02,0.0,0.21,0.21,/warp 1,8551 -31 -2041,2026-05-31 21:55:29,2026-05-27 00:08:53
String,FX_02,0.0,0.21,0.21,/warp 1,8551 -31 -2041,2026-05-31 21:55:29,2026-05-27 00:08:53
String,FX_02,0.0,0.21,0.21,/warp 1,8551 -31 -2040,2026-05-31 21:54:13,2026-05-27 00:10:05
String,FX_02,0.0,0.21,0.21,/warp 1,8551 -31 -2040,2026-05-31 21:54:13,2026-05-27 00:10:06
Arrow,FX_02,0.0,0.21,0.21,/warp 1,8571 -31 -2044,2026-06-01 17:34:35,2026-05-27 00:04:08
String,FX_02,0.0,0.21,0.21,/warp 1,8551 -31 -2040,2026-05-31 21:54:13,2026-05-27 00:08:54
String,FX_02,0.0,0.21,0.21,/warp 1,8551 -31 -2040,2026-05-31 21:54:13,2026-05-27 00:08:53
String,FX_02,0.0,0.21,0.21,/warp 1,8551 -31 -2040,2026-05-31 21:54:13,2026-05-27 00:08:53
String,FX_02,0.0,0.21,0.21,/warp 1,8551 -31 -2040,2026-05-31 21:54:13,2026-05-27 00:08:52
String,FX_02,0.0,0.21,0.21,/warp 1,8551 -31 -2040,2026-05-31 21:54:13,2026-05-27 00:08:51
String,FX_02,0.0,0.21,0.21,/warp 1,8551 -31 -2040,2026-05-31 21:54:13,2026-05-27 00:08:50
String,FX_02,0.0,0.21,0.21,/warp 1,8551 -33 -2041,2026-05-31 21:55:17,2026-05-27 00:08:57
String,FX_02,0.0,0.21,0.21,/warp 1,8551 -33 -2041,2026-05-31 21:55:17,2026-05-27 00:08:58
String,FX_02,0.0,0.21,0.21,/warp 1,8551 -33 -2041,2026-05-31 21:55:17,2026-05-27 00:10:02
String,FX_02,0.0,0.21,0.21,/warp 1,8551 -33 -2041,2026-05-31 21:55:17,2026-05-27 00:10:03
String,FX_02,0.0,0.21,0.21,/warp 1,8551 -33 -2041,2026-05-31 21:55:17,2026-05-27 00:10:04
String,FX_02,0.0,0.21,0.21,/warp 1,8551 -33 -2041,2026-05-31 21:55:17,2026-05-27 00:10:04
String,FX_02,0.0,0.21,0.21,/warp 1,8551 -33 -2041,2026-05-31 21:55:17,2026-05-27 00:10:05
String,FX_02,0.0,0.21,0.21,/warp 1,8551 -33 -2041,2026-05-31 21:55:17,2026-05-27 00:10:06
String,FX_02,0.0,0.21,0.21,/warp 1,8551 -31 -2040,2026-05-31 21:54:13,2026-05-27 00:08:55
String,FX_02,0.0,0.21,0.21,/warp 1,8551 -31 -2040,2026-05-31 21:54:13,2026-05-27 00:08:56
String,FX_02,0.0,0.21,0.21,/warp 1,8551 -32 -2041,2026-05-31 21:55:23,2026-05-27 00:10:04
String,FX_02,0.0,0.21,0.21,/warp 1,8551 -32 -2041,2026-05-31 21:55:23,2026-05-27 00:10:05
String,FX_02,0.0,0.21,0.21,/warp 1,8551 -32 -2041,2026-05-31 21:55:23,2026-05-27 00:10:06
String,FX_02,0.0,0.21,0.21,/warp 1,8551 -31 -2041,2026-05-31 21:55:29,2026-05-27 00:10:05
String,FX_02,0.0,0.21,0.21,/warp 1,8551 -31 -2041,2026-05-31 21:55:29,2026-05-27 00:10:06
String,FX_02,0.0,0.21,0.21,/warp 1,8551 -30 -2040,2026-05-31 21:55:35,2026-05-27 00:08:49
String,FX_02,0.0,0.21,0.21,/warp 1,8551 -30 -2040,2026-05-31 21:55:35,2026-05-27 00:08:50
String,FX_02,0.0,0.21,0.21,/warp 1,8551 -30 -2040,2026-05-31 21:55:35,2026-05-27 00:08:51
String,FX_02,0.0,0.21,0.21,/warp 1,8551 -30 -2040,2026-05-31 21:55:35,2026-05-27 00:08:52
String,FX_02,0.0,0.21,0.21,/warp 1,8551 -30 -2040,2026-05-31 21:55:35,2026-05-27 00:08:53
String,FX_02,0.0,0.21,0.21,/warp 1,8551 -30 -2040,2026-05-31 21:55:35,2026-05-27 00:08:53
String,FX_02,0.0,0.21,0.21,/warp 1,8551 -30 -2040,2026-05-31 21:55:35,2026-05-27 00:08:54
String,FX_02,0.0,0.21,0.21,/warp 1,8551 -33 -2041,2026-05-31 21:55:17,2026-05-27 00:08:53
String,FX_02,0.0,0.21,0.21,/warp 1,8551 -33 -2041,2026-05-31 21:55:17,2026-05-27 00:08:54
String,FX_02,0.0,0.21,0.21,/warp 1,8551 -33 -2041,2026-05-31 21:55:17,2026-05-27 00:08:55
String,FX_02,0.0,0.21,0.21,/warp 1,8551 -33 -2041,2026-05-31 21:55:17,2026-05-27 00:08:56
String,FX_02,0.0,0.21,0.21,/warp 1,8551 -33 -2041,2026-05-31 21:55:17,2026-05-27 00:08:56
String,FX_02,0.0,0.21,0.21,/warp 1,8551 -30 -2040,2026-05-31 21:55:35,2026-05-27 00:10:02
String,FX_02,0.0,0.21,0.21,/warp 1,8551 -30 -2040,2026-05-31 21:55:35,2026-05-27 00:10:03
String,FX_02,0.0,0.21,0.21,/warp 1,8551 -30 -2040,2026-05-31 21:55:35,2026-05-27 00:10:04
String,FX_02,0.0,0.21,0.21,/warp 1,8551 -30 -2040,2026-05-31 21:55:35,2026-05-27 00:10:04
String,FX_02,0.0,0.21,0.21,/warp 1,8551 -30 -2040,2026-05-31 21:55:35,2026-05-27 00:10:05
String,FX_02,0.0,0.21,0.21,/warp 1,8551 -30 -2040,2026-05-31 21:55:35,2026-05-27 00:10:06
String,FX_02,0.0,0.21,0.21,/warp 1,8551 -30 -2041,2026-05-31 21:55:38,2026-05-27 00:08:49
String,FX_02,0.0,0.21,0.21,/warp 1,8551 -30 -2041,2026-05-31 21:55:38,2026-05-27 00:08:50
String,FX_02,0.0,0.21,0.21,/warp 1,8551 -30 -2041,2026-05-31 21:55:38,2026-05-27 00:08:51
String,FX_02,0.0,0.21,0.21,/warp 1,8551 -31 -2041,2026-05-31 21:55:29,2026-05-27 00:08:58
String,FX_02,0.0,0.21,0.21,/warp 1,8551 -31 -2041,2026-05-31 21:55:29,2026-05-27 00:10:02
String,FX_02,0.0,0.21,0.21,/warp 1,8551 -31 -2041,2026-05-31 21:55:29,2026-05-27 00:10:03
String,FX_02,0.0,0.21,0.21,/warp 1,8551 -31 -2041,2026-05-31 21:55:29,2026-05-27 00:10:04
String,FX_02,0.0,0.21,0.21,/warp 1,8551 -31 -2041,2026-05-31 21:55:29,2026-05-27 00:10:04
String,FX_02,0.0,0.21,0.21,/warp 1,8551 -30 -2041,2026-05-31 21:55:38,2026-05-27 00:08:56
String,FX_02,0.0,0.21,0.21,/warp 1,8551 -30 -2041,2026-05-31 21:55:38,2026-05-27 00:08:56
String,FX_02,0.0,0.21,0.21,/warp 1,8551 -30 -2041,2026-05-31 21:55:38,2026-05-27 00:08:57
String,FX_02,0.0,0.21,0.21,/warp 1,8551 -30 -2041,2026-05-31 21:55:38,2026-05-27 00:08:58
String,FX_02,0.0,0.21,0.21,/warp 1,8551 -30 -2041,2026-05-31 21:55:38,2026-05-27 00:10:02
String,FX_02,0.0,0.21,0.21,/warp 1,8551 -30 -2041,2026-05-31 21:55:38,2026-05-27 00:10:03
String,FX_02,0.0,0.21,0.21,/warp 1,8551 -30 -2041,2026-05-31 21:55:38,2026-05-27 00:10:04
String,FX_02,0.0,0.21,0.21,/warp 1,8551 -30 -2041,2026-05-31 21:55:38,2026-05-27 00:10:04
String,FX_02,0.0,0.21,0.21,/warp 1,8551 -30 -2041,2026-05-31 21:55:38,2026-05-27 00:10:05
String,FX_02,0.0,0.21,0.21,/warp 1,8551 -30 -2041,2026-05-31 21:55:38,2026-05-27 00:10:06
String,FX_02,0.0,0.21,0.21,/warp 1,8551 -30 -2040,2026-05-31 21:55:35,2026-05-27 00:08:55
String,FX_02,0.0,0.21,0.21,/warp 1,8551 -30 -2040,2026-05-31 21:55:35,2026-05-27 00:08:56
String,FX_02,0.0,0.21,0.21,/warp 1,8551 -30 -2040,2026-05-31 21:55:35,2026-05-27 00:08:56
String,FX_02,0.0,0.21,0.21,/warp 1,8551 -30 -2040,2026-05-31 21:55:35,2026-05-27 00:08:57
String,FX_02,0.0,0.21,0.21,/warp 1,8551 -31 -2041,2026-05-31 21:55:29,2026-05-27 00:08:54
String,FX_02,0.0,0.21,0.21,/warp 1,8551 -31 -2041,2026-05-31 21:55:29,2026-05-27 00:08:55
String,FX_02,0.0,0.21,0.21,/warp 1,8551 -31 -2041,2026-05-31 21:55:29,2026-05-27 00:08:56
String,FX_02,0.0,0.21,0.21,/warp 1,8551 -31 -2041,2026-05-31 21:55:29,2026-05-27 00:08:56
String,FX_02,0.0,0.21,0.21,/warp 1,8551 -31 -2041,2026-05-31 21:55:29,2026-05-27 00:08:57
String,FX_02,0.0,0.21,0.21,/warp 1,8551 -32 -2041,2026-05-31 21:55:23,2026-05-27 00:08:49
String,FX_02,0.0,0.21,0.21,/warp 1,8551 -32 -2041,2026-05-31 21:55:23,2026-05-27 00:08:50
String,FX_02,0.0,0.21,0.21,/warp 1,8551 -32 -2041,2026-05-31 21:55:23,2026-05-27 00:08:51
String,FX_02,0.0,0.21,0.21,/warp 1,8551 -32 -2041,2026-05-31 21:55:23,2026-05-27 00:08:52
Arrow,FX_02,0.0,0.21,0.21,/warp 1,8571 -31 -2044,2026-06-01 17:34:35,2026-05-27 00:03:47
Arrow,FX_02,0.0,0.21,0.21,/warp 1,8571 -31 -2044,2026-06-01 17:34:35,2026-05-27 00:03:46
Arrow,FX_02,0.0,0.21,0.21,/warp 1,8571 -31 -2045,2026-06-01 17:34:30,2026-05-27 00:04:09
String,FX_02,0.0,0.21,0.21,/warp 1,8551 -30 -2041,2026-05-31 21:55:38,2026-05-27 00:08:55
String,FX_02,0.0,0.21,0.21,/warp 1,8551 -30 -2041,2026-05-31 21:55:38,2026-05-27 00:08:54
String,FX_02,0.0,0.21,0.21,/warp 1,8551 -30 -2041,2026-05-31 21:55:38,2026-05-27 00:08:53
String,FX_02,0.0,0.21,0.21,/warp 1,8551 -30 -2041,2026-05-31 21:55:38,2026-05-27 00:08:53
String,FX_02,0.0,0.21,0.21,/warp 1,8551 -30 -2041,2026-05-31 21:55:38,2026-05-27 00:08:52
String,FX_02,0.0,0.21,0.21,/warp 1,8551 -30 -2040,2026-05-31 21:55:35,2026-05-27 00:08:58
Arrow,FX_02,0.0,0.21,0.21,/warp 1,8571 -32 -2046,2026-06-01 17:34:26,2026-05-27 00:04:04
Arrow,FX_02,0.0,0.21,0.21,/warp 1,8571 -32 -2046,2026-06-01 17:34:26,2026-05-27 00:03:51
Arrow,FX_02,0.0,0.21,0.21,/warp 1,8571 -31 -2044,2026-06-01 17:34:35,2026-05-27 00:03:50
Arrow,FX_02,0.0,0.21,0.21,/warp 1,8571 -31 -2044,2026-06-01 17:34:35,2026-05-27 00:04:04
Arrow,FX_02,0.0,0.21,0.21,/warp 1,8571 -31 -2044,2026-06-01 17:34:35,2026-05-27 00:04:05
Arrow,FX_02,0.0,0.21,0.21,/warp 1,8571 -32 -2046,2026-06-01 17:34:26,2026-05-27 00:03:50
Arrow,FX_02,0.0,0.21,0.21,/warp 1,8571 -31 -2044,2026-06-01 17:34:35,2026-05-27 00:03:48
Arrow,FX_02,0.0,0.21,0.21,/warp 1,8571 -31 -2045,2026-06-01 17:34:30,2026-05-27 00:03:46
Arrow,FX_02,0.0,0.21,0.21,/warp 1,8571 -31 -2045,2026-06-01 17:34:30,2026-05-27 00:03:47
Arrow,FX_02,0.0,0.21,0.21,/warp 1,8571 -31 -2045,2026-06-01 17:34:30,2026-05-27 00:03:49
Arrow,FX_02,0.0,0.21,0.21,/warp 1,8571 -31 -2045,2026-06-01 17:34:30,2026-05-27 00:03:48
Arrow,FX_02,0.0,0.21,0.21,/warp 1,8571 -31 -2045,2026-06-01 17:34:30,2026-05-27 00:03:51
Arrow,FX_02,0.0,0.21,0.21,/warp 1,8571 -32 -2045,2026-06-01 17:34:24,2026-05-27 00:03:48
Arrow,FX_02,0.0,0.21,0.21,/warp 1,8571 -32 -2045,2026-06-01 17:34:24,2026-05-27 00:03:49
Arrow,FX_02,0.0,0.21,0.21,/warp 1,8571 -31 -2045,2026-06-01 17:34:30,2026-05-27 00:03:50
Arrow,FX_02,0.0,0.21,0.21,/warp 1,8571 -32 -2045,2026-06-01 17:34:24,2026-05-27 00:03:50
Arrow,FX_02,0.0,0.21,0.21,/warp 1,8571 -32 -2045,2026-06-01 17:34:24,2026-05-27 00:03:51
Arrow,FX_02,0.0,0.21,0.21,/warp 1,8571 -32 -2046,2026-06-01 17:34:26,2026-05-27 00:04:05
Arrow,FX_02,0.0,0.21,0.21,/warp 1,8571 -32 -2046,2026-06-01 17:34:26,2026-05-27 00:04:06
Arrow,FX_02,0.0,0.21,0.21,/warp 1,8571 -32 -2046,2026-06-01 17:34:26,2026-05-27 00:04:07
Arrow,FX_02,0.0,0.21,0.21,/warp 1,8571 -32 -2046,2026-06-01 17:34:26,2026-05-27 00:04:08
Arrow,FX_02,0.0,0.21,0.21,/warp 1,8571 -32 -2046,2026-06-01 17:34:26,2026-05-27 00:04:09
Arrow,FX_02,0.0,0.21,0.21,/warp 1,8571 -31 -2044,2026-06-01 17:34:35,2026-05-27 00:03:49
Arrow,FX_02,0.0,0.21,0.21,/warp 1,8571 -32 -2045,2026-06-01 17:34:24,2026-05-27 00:04:09
Arrow,FX_02,0.0,0.21,0.21,/warp 1,8571 -32 -2046,2026-06-01 17:34:26,2026-05-27 00:03:46
Arrow,FX_02,0.0,0.21,0.21,/warp 1,8571 -32 -2046,2026-06-01 17:34:26,2026-05-27 00:03:48
Arrow,FX_02,0.0,0.21,0.21,/warp 1,8571 -32 -2046,2026-06-01 17:34:26,2026-05-27 00:03:47
Arrow,FX_02,0.0,0.21,0.21,/warp 1,8571 -32 -2044,2026-06-01 17:34:21,2026-05-27 00:03:46
Arrow,FX_02,0.0,0.21,0.21,/warp 1,8571 -32 -2044,2026-06-01 17:34:21,2026-05-27 00:03:47
Arrow,FX_02,0.0,0.21,0.21,/warp 1,8571 -32 -2044,2026-06-01 17:34:21,2026-05-27 00:03:48
Arrow,FX_02,0.0,0.21,0.21,/warp 1,8571 -32 -2046,2026-06-01 17:34:26,2026-05-27 00:03:49
Arrow,FX_02,0.0,0.21,0.21,/warp 1,8571 -32 -2044,2026-06-01 17:34:21,2026-05-27 00:03:50
Arrow,FX_02,0.0,0.21,0.21,/warp 1,8571 -32 -2044,2026-06-01 17:34:21,2026-05-27 00:03:51
Arrow,FX_02,0.0,0.21,0.21,/warp 1,8571 -32 -2044,2026-06-01 17:34:21,2026-05-27 00:04:04
Arrow,FX_02,0.0,0.21,0.21,/warp 1,8571 -32 -2044,2026-06-01 17:34:21,2026-05-27 00:04:05
Arrow,FX_02,0.0,0.21,0.21,/warp 1,8571 -32 -2044,2026-06-01 17:34:21,2026-05-27 00:04:06
Arrow,FX_02,0.0,0.21,0.21,/warp 1,8571 -32 -2044,2026-06-01 17:34:21,2026-05-27 00:04:07
Arrow,FX_02,0.0,0.21,0.21,/warp 1,8571 -32 -2044,2026-06-01 17:34:21,2026-05-27 00:04:08
Arrow,FX_02,0.0,0.21,0.21,/warp 1,8571 -32 -2044,2026-06-01 17:34:21,2026-05-27 00:03:49
Arrow,FX_02,0.0,0.21,0.21,/warp 1,8571 -32 -2044,2026-06-01 17:34:21,2026-05-27 00:04:09
Arrow,FX_02,0.0,0.21,0.21,/warp 1,8571 -32 -2045,2026-06-01 17:34:24,2026-05-27 00:03:46
Arrow,FX_02,0.0,0.21,0.21,/warp 1,8571 -33 -2044,2026-06-01 17:34:16,2026-05-27 00:03:46
Arrow,FX_02,0.0,0.21,0.21,/warp 1,8571 -32 -2045,2026-06-01 17:34:24,2026-05-27 00:03:47
Arrow,FX_02,0.0,0.21,0.21,/warp 1,8571 -33 -2044,2026-06-01 17:34:16,2026-05-27 00:03:48
Arrow,FX_02,0.0,0.21,0.21,/warp 1,8571 -33 -2044,2026-06-01 17:34:16,2026-05-27 00:03:49
Arrow,FX_02,0.0,0.21,0.21,/warp 1,8571 -33 -2044,2026-06-01 17:34:16,2026-05-27 00:03:50
Arrow,FX_02,0.0,0.21,0.21,/warp 1,8571 -33 -2044,2026-06-01 17:34:16,2026-05-27 00:03:47
Arrow,FX_02,0.0,0.21,0.21,/warp 1,8571 -33 -2044,2026-06-01 17:34:16,2026-05-27 00:03:51
Arrow,FX_02,0.0,0.21,0.21,/warp 1,8571 -33 -2044,2026-06-01 17:34:16,2026-05-27 00:04:04
Arrow,FX_02,0.0,0.21,0.21,/warp 1,8571 -32 -2045,2026-06-01 17:34:24,2026-05-27 00:04:04
Arrow,FX_02,0.0,0.21,0.21,/warp 1,8571 -32 -2045,2026-06-01 17:34:24,2026-05-27 00:04:05
Arrow,FX_02,0.0,0.21,0.21,/warp 1,8571 -32 -2045,2026-06-01 17:34:24,2026-05-27 00:04:06
Arrow,FX_02,0.0,0.21,0.21,/warp 1,8571 -32 -2045,2026-06-01 17:34:24,2026-05-27 00:04:07
Arrow,FX_02,0.0,0.21,0.21,/warp 1,8571 -32 -2045,2026-06-01 17:34:24,2026-05-27 00:04:08
Arrow,FX_02,0.0,0.21,0.21,/warp 1,8571 -31 -2044,2026-06-01 17:34:35,2026-05-27 00:03:51
Arrow,FX_02,0.0,0.21,0.21,/warp 1,8571 -33 -2045,2026-06-01 17:34:13,2026-05-27 00:03:46
Arrow,FX_02,0.0,0.21,0.21,/warp 1,8571 -33 -2044,2026-06-01 17:34:16,2026-05-27 00:04:09
Arrow,FX_02,0.0,0.21,0.21,/warp 1,8571 -33 -2044,2026-06-01 17:34:16,2026-05-27 00:04:08
Arrow,FX_02,0.0,0.21,0.21,/warp 1,8571 -33 -2044,2026-06-01 17:34:16,2026-05-27 00:04:07
Arrow,FX_02,0.0,0.21,0.21,/warp 1,8571 -33 -2044,2026-06-01 17:34:16,2026-05-27 00:04:05
Arrow,FX_02,0.0,0.21,0.21,/warp 1,8571 -33 -2044,2026-06-01 17:34:16,2026-05-27 00:04:06
Arrow,FX_02,0.0,0.21,0.21,/warp 1,8571 -33 -2045,2026-06-01 17:34:13,2026-05-27 00:03:51
Arrow,FX_02,0.0,0.21,0.21,/warp 1,8571 -33 -2045,2026-06-01 17:34:13,2026-05-27 00:03:47
Arrow,FX_02,0.0,0.21,0.21,/warp 1,8571 -33 -2045,2026-06-01 17:34:13,2026-05-27 00:04:06
Arrow,FX_02,0.0,0.21,0.21,/warp 1,8571 -33 -2045,2026-06-01 17:34:13,2026-05-27 00:04:05
Arrow,FX_02,0.0,0.21,0.21,/warp 1,8571 -33 -2045,2026-06-01 17:34:13,2026-05-27 00:04:08
Arrow,FX_02,0.0,0.21,0.21,/warp 1,8571 -33 -2045,2026-06-01 17:34:13,2026-05-27 00:04:07
Arrow,FX_02,0.0,0.21,0.21,/warp 1,8571 -33 -2045,2026-06-01 17:34:13,2026-05-27 00:04:09
Arrow,FX_02,0.0,0.21,0.21,/warp 1,8571 -33 -2045,2026-06-01 17:34:13,2026-05-27 00:04:04
Arrow,FX_02,0.0,0.21,0.21,/warp 1,8571 -33 -2045,2026-06-01 17:34:13,2026-05-27 00:03:49
Arrow,FX_02,0.0,0.21,0.21,/warp 1,8571 -33 -2045,2026-06-01 17:34:13,2026-05-27 00:03:48
String,FX_02,0.0,0.21,0.21,/warp 1,8551 -34 -2041,2026-06-01 17:33:39,2026-05-27 00:08:56
String,FX_02,0.0,0.21,0.21,/warp 1,8551 -34 -2041,2026-06-01 17:33:39,2026-05-27 00:08:57
String,FX_02,0.0,0.21,0.21,/warp 1,8551 -34 -2041,2026-06-01 17:33:39,2026-05-27 00:10:02
String,FX_02,0.0,0.21,0.21,/warp 1,8551 -34 -2041,2026-06-01 17:33:39,2026-05-27 00:08:58
String,FX_02,0.0,0.21,0.21,/warp 1,8551 -34 -2041,2026-06-01 17:33:39,2026-05-27 00:10:04
String,FX_02,0.0,0.21,0.21,/warp 1,8551 -34 -2041,2026-06-01 17:33:39,2026-05-27 00:10:04
String,FX_02,0.0,0.21,0.21,/warp 1,8551 -34 -2041,2026-06-01 17:33:39,2026-05-27 00:10:05
String,FX_02,0.0,0.21,0.21,/warp 1,8551 -34 -2041,2026-06-01 17:33:39,2026-05-27 00:10:03
String,FX_02,0.0,0.21,0.21,/warp 1,8551 -34 -2041,2026-06-01 17:33:39,2026-05-27 00:10:06
String,FX_02,0.0,0.21,0.21,/warp 1,8551 -34 -2041,2026-06-01 17:33:39,2026-05-27 00:08:49
String,FX_02,0.0,0.21,0.21,/warp 1,8551 -34 -2041,2026-06-01 17:33:39,2026-05-27 00:08:50
String,FX_02,0.0,0.21,0.21,/warp 1,8551 -34 -2041,2026-06-01 17:33:39,2026-05-27 00:08:51
String,FX_02,0.0,0.21,0.21,/warp 1,8551 -34 -2041,2026-06-01 17:33:39,2026-05-27 00:08:52
String,FX_02,0.0,0.21,0.21,/warp 1,8551 -34 -2041,2026-06-01 17:33:39,2026-05-27 00:08:55
String,FX_02,0.0,0.21,0.21,/warp 1,8551 -34 -2041,2026-06-01 17:33:39,2026-05-27 00:08:56
Arrow,FX_02,0.0,0.21,0.21,/warp 1,8571 -33 -2045,2026-06-01 17:34:13,2026-05-27 00:03:50
String,FX_02,0.0,0.21,0.21,/warp 1,8551 -34 -2041,2026-06-01 17:33:39,2026-05-27 00:08:54
String,FX_02,0.0,0.21,0.21,/warp 1,8551 -34 -2041,2026-06-01 17:33:39,2026-05-27 00:08:53
String,FX_02,0.0,0.21,0.21,/warp 1,8551 -34 -2041,2026-06-01 17:33:39,2026-05-27 00:08:53
Arrow,FX_02,0.0,0.21,0.21,/warp 1,8571 -31 -2044,2026-06-01 17:34:35,2026-05-27 00:04:06
Arrow,FX_02,0.0,0.21,0.21,/warp 1,8571 -30 -2044,2026-06-01 17:34:40,2026-05-27 00:03:46
Arrow,FX_02,0.0,0.21,0.21,/warp 1,8571 -30 -2044,2026-06-01 17:34:40,2026-05-27 00:03:47
Arrow,FX_02,0.0,0.21,0.21,/warp 1,8571 -30 -2044,2026-06-01 17:34:40,2026-05-27 00:03:48
Arrow,FX_02,0.0,0.21,0.21,/warp 1,8571 -30 -2044,2026-06-01 17:34:40,2026-05-27 00:03:49
Arrow,FX_02,0.0,0.21,0.21,/warp 1,8571 -30 -2044,2026-06-01 17:34:40,2026-05-27 00:03:50
Arrow,FX_02,0.0,0.21,0.21,/warp 1,8571 -30 -2044,2026-06-01 17:34:40,2026-05-27 00:03:51
Arrow,FX_02,0.0,0.21,0.21,/warp 1,8571 -30 -2044,2026-06-01 17:34:40,2026-05-27 00:04:04
Arrow,FX_02,0.0,0.21,0.21,/warp 1,8571 -30 -2044,2026-06-01 17:34:40,2026-05-27 00:04:05
Arrow,FX_02,0.0,0.21,0.21,/warp 1,8571 -30 -2044,2026-06-01 17:34:40,2026-05-27 00:04:06
Arrow,FX_02,0.0,0.21,0.21,/warp 1,8571 -30 -2044,2026-06-01 17:34:40,2026-05-27 00:04:07
String,FX_02,0.0,0.21,0.21,/warp 1,8551 -31 -2040,2026-05-31 21:54:13,2026-05-27 00:08:56
String,FX_02,0.0,0.21,0.21,/warp 1,8551 -31 -2040,2026-05-31 21:54:13,2026-05-27 00:08:57
String,FX_02,0.0,0.21,0.21,/warp 1,8551 -31 -2040,2026-05-31 21:54:13,2026-05-27 00:08:58
String,FX_02,0.0,0.21,0.21,/warp 1,8551 -32 -2041,2026-05-31 21:55:23,2026-05-27 00:08:53
String,FX_02,0.0,0.21,0.21,/warp 1,8551 -32 -2041,2026-05-31 21:55:23,2026-05-27 00:08:53
String,FX_02,0.0,0.21,0.21,/warp 1,8551 -32 -2041,2026-05-31 21:55:23,2026-05-27 00:08:54
String,FX_02,0.0,0.21,0.21,/warp 1,8551 -32 -2041,2026-05-31 21:55:23,2026-05-27 00:08:55
String,FX_02,0.0,0.21,0.21,/warp 1,8551 -32 -2041,2026-05-31 21:55:23,2026-05-27 00:08:56
String,FX_02,0.0,0.21,0.21,/warp 1,8551 -32 -2041,2026-05-31 21:55:23,2026-05-27 00:08:56
String,FX_02,0.0,0.21,0.21,/warp 1,8551 -32 -2041,2026-05-31 21:55:23,2026-05-27 00:08:57
String,FX_02,0.0,0.21,0.21,/warp 1,8551 -32 -2041,2026-05-31 21:55:23,2026-05-27 00:08:58
String,FX_02,0.0,0.21,0.21,/warp 1,8551 -32 -2041,2026-05-31 21:55:23,2026-05-27 00:10:02
String,FX_02,0.0,0.21,0.21,/warp 1,8551 -32 -2041,2026-05-31 21:55:23,2026-05-27 00:10:03
String,FX_02,0.0,0.21,0.21,/warp 1,8551 -32 -2041,2026-05-31 21:55:23,2026-05-27 00:10:04
String,FX_02,0.0,0.21,0.21,/warp 1,8551 -33 -2041,2026-05-31 21:55:17,2026-05-27 00:08:52
String,FX_02,0.0,0.21,0.21,/warp 1,8551 -33 -2041,2026-05-31 21:55:17,2026-05-27 00:08:53
Arrow,FX_02,0.0,0.21,0.21,/warp 1,8571 -30 -2044,2026-06-01 17:34:40,2026-05-27 00:04:08
Arrow,FX_02,0.0,0.21,0.21,/warp 1,8571 -30 -2044,2026-06-01 17:34:40,2026-05-27 00:04:09
Spider Eye,FX_02,0.0,0.18,0.18,/warp 1,8551 -33 -2048,2026-05-31 21:56:42,2026-05-27 00:08:49
Spider Eye,FX_02,0.0,0.18,0.18,/warp 1,8551 -33 -2048,2026-05-31 21:56:42,2026-05-27 00:08:46
Spider Eye,FX_02,0.0,0.18,0.18,/warp 1,8551 -33 -2048,2026-05-31 21:56:42,2026-05-27 00:08:47
Spider Eye,FX_02,0.0,0.18,0.18,/warp 1,8551 -33 -2048,2026-05-31 21:56:42,2026-05-27 00:08:48
Spider Eye,FX_02,0.0,0.18,0.18,/warp 1,8551 -32 -2048,2026-05-31 21:56:45,2026-05-27 00:05:07
Spider Eye,FX_02,0.0,0.18,0.18,/warp 1,8551 -33 -2048,2026-05-31 21:56:42,2026-05-27 00:10:11
Spider Eye,FX_02,0.0,0.18,0.18,/warp 1,8551 -33 -2048,2026-05-31 21:56:42,2026-05-27 00:10:10
Spider Eye,FX_02,0.0,0.18,0.18,/warp 1,8551 -33 -2048,2026-05-31 21:56:42,2026-05-27 00:08:46
Spider Eye,FX_02,0.0,0.18,0.18,/warp 1,8551 -32 -2048,2026-05-31 21:56:45,2026-05-27 00:09:01
Spider Eye,FX_02,0.0,0.18,0.18,/warp 1,8551 -32 -2048,2026-05-31 21:56:45,2026-05-27 00:09:00
Spider Eye,FX_02,0.0,0.18,0.18,/warp 1,8551 -32 -2048,2026-05-31 21:56:45,2026-05-27 00:08:59
Spider Eye,FX_02,0.0,0.18,0.18,/warp 1,8551 -32 -2048,2026-05-31 21:56:45,2026-05-27 00:08:59
Spider Eye,FX_02,0.0,0.18,0.18,/warp 1,8551 -32 -2048,2026-05-31 21:56:45,2026-05-27 00:08:49
Spider Eye,FX_02,0.0,0.18,0.18,/warp 1,8551 -32 -2048,2026-05-31 21:56:45,2026-05-27 00:08:48
Spider Eye,FX_02,0.0,0.18,0.18,/warp 1,8551 -32 -2048,2026-05-31 21:56:45,2026-05-27 00:08:47
Spider Eye,FX_02,0.0,0.18,0.18,/warp 1,8551 -32 -2048,2026-05-31 21:56:45,2026-05-27 00:08:46
Spider Eye,FX_02,0.0,0.18,0.18,/warp 1,8551 -32 -2048,2026-05-31 21:56:45,2026-05-27 00:08:46
Spider Eye,FX_02,0.0,0.18,0.18,/warp 1,8551 -32 -2048,2026-05-31 21:56:45,2026-05-27 00:08:45
Spider Eye,FX_02,0.0,0.18,0.18,/warp 1,8551 -32 -2048,2026-05-31 21:56:45,2026-05-27 00:05:18
Spider Eye,FX_02,0.0,0.18,0.18,/warp 1,8551 -32 -2048,2026-05-31 21:56:45,2026-05-27 00:05:17
Spider Eye,FX_02,0.0,0.18,0.18,/warp 1,8551 -31 -2048,2026-05-31 21:56:47,2026-05-27 00:05:07
Spider Eye,FX_02,0.0,0.18,0.18,/warp 1,8551 -32 -2048,2026-05-31 21:56:45,2026-05-27 00:10:11
Spider Eye,FX_02,0.0,0.18,0.18,/warp 1,8551 -32 -2048,2026-05-31 21:56:45,2026-05-27 00:10:10
Spider Eye,FX_02,0.0,0.18,0.18,/warp 1,8551 -31 -2048,2026-05-31 21:56:47,2026-05-27 00:08:46
Spider Eye,FX_02,0.0,0.18,0.18,/warp 1,8551 -31 -2048,2026-05-31 21:56:47,2026-05-27 00:08:46
Spider Eye,FX_02,0.0,0.18,0.18,/warp 1,8551 -31 -2048,2026-05-31 21:56:47,2026-05-27 00:08:45
Spider Eye,FX_02,0.0,0.18,0.18,/warp 1,8551 -31 -2048,2026-05-31 21:56:47,2026-05-27 00:05:18
Spider Eye,FX_02,0.0,0.18,0.18,/warp 1,8551 -31 -2048,2026-05-31 21:56:47,2026-05-27 00:05:17
Spider Eye,FX_02,0.0,0.18,0.18,/warp 1,8551 -32 -2048,2026-05-31 21:56:45,2026-05-27 00:10:09
Spider Eye,FX_02,0.0,0.18,0.18,/warp 1,8551 -32 -2048,2026-05-31 21:56:45,2026-05-27 00:10:08
Spider Eye,FX_02,0.0,0.18,0.18,/warp 1,8551 -32 -2048,2026-05-31 21:56:45,2026-05-27 00:10:07
Spider Eye,FX_02,0.0,0.18,0.18,/warp 1,8551 -32 -2048,2026-05-31 21:56:45,2026-05-27 00:10:09
Spider Eye,FX_02,0.0,0.18,0.18,/warp 1,8551 -32 -2048,2026-05-31 21:56:45,2026-05-27 00:09:52
Spider Eye,FX_02,0.0,0.18,0.18,/warp 1,8551 -31 -2048,2026-05-31 21:56:47,2026-05-27 00:10:11
Spider Eye,FX_02,0.0,0.18,0.18,/warp 1,8551 -32 -2048,2026-05-31 21:56:45,2026-05-27 00:09:02
Spider Eye,FX_02,0.0,0.18,0.18,/warp 1,8551 -32 -2048,2026-05-31 21:56:45,2026-05-27 00:09:03
Spider Eye,FX_02,0.0,0.18,0.18,/warp 1,8551 -34 -2044,2026-05-31 21:56:54,2026-05-27 00:05:07
Spider Eye,FX_02,0.0,0.18,0.18,/warp 1,8551 -34 -2044,2026-05-31 21:56:54,2026-05-27 00:10:11
Spider Eye,FX_02,0.0,0.18,0.18,/warp 1,8551 -34 -2044,2026-05-31 21:56:54,2026-05-27 00:10:10
Spider Eye,FX_02,0.0,0.18,0.18,/warp 1,8551 -31 -2048,2026-05-31 21:56:47,2026-05-27 00:10:10
Spider Eye,FX_02,0.0,0.18,0.18,/warp 1,8551 -31 -2048,2026-05-31 21:56:47,2026-05-27 00:10:09
Spider Eye,FX_02,0.0,0.18,0.18,/warp 1,8551 -31 -2048,2026-05-31 21:56:47,2026-05-27 00:10:09
Spider Eye,FX_02,0.0,0.18,0.18,/warp 1,8551 -31 -2048,2026-05-31 21:56:47,2026-05-27 00:10:08
Spider Eye,FX_02,0.0,0.18,0.18,/warp 1,8551 -31 -2048,2026-05-31 21:56:47,2026-05-27 00:10:07
Spider Eye,FX_02,0.0,0.18,0.18,/warp 1,8551 -31 -2048,2026-05-31 21:56:47,2026-05-27 00:09:52
Spider Eye,FX_02,0.0,0.18,0.18,/warp 1,8551 -31 -2048,2026-05-31 21:56:47,2026-05-27 00:09:03
Spider Eye,FX_02,0.0,0.18,0.18,/warp 1,8551 -31 -2048,2026-05-31 21:56:47,2026-05-27 00:09:02
Spider Eye,FX_02,0.0,0.18,0.18,/warp 1,8551 -31 -2048,2026-05-31 21:56:47,2026-05-27 00:09:01
Spider Eye,FX_02,0.0,0.18,0.18,/warp 1,8551 -31 -2048,2026-05-31 21:56:47,2026-05-27 00:09:00
Spider Eye,FX_02,0.0,0.18,0.18,/warp 1,8551 -31 -2048,2026-05-31 21:56:47,2026-05-27 00:08:59
Spider Eye,FX_02,0.0,0.18,0.18,/warp 1,8551 -31 -2048,2026-05-31 21:56:47,2026-05-27 00:08:59
Spider Eye,FX_02,0.0,0.18,0.18,/warp 1,8551 -31 -2048,2026-05-31 21:56:47,2026-05-27 00:08:49
Spider Eye,FX_02,0.0,0.18,0.18,/warp 1,8551 -31 -2048,2026-05-31 21:56:47,2026-05-27 00:08:48
Spider Eye,FX_02,0.0,0.18,0.18,/warp 1,8551 -31 -2048,2026-05-31 21:56:47,2026-05-27 00:08:47
Spider Eye,FX_02,0.0,0.18,0.18,/warp 1,8551 -34 -2044,2026-05-31 21:56:54,2026-05-27 00:09:03
Spider Eye,FX_02,0.0,0.18,0.18,/warp 1,8551 -34 -2044,2026-05-31 21:56:54,2026-05-27 00:09:02
Spider Eye,FX_02,0.0,0.18,0.18,/warp 1,8551 -34 -2044,2026-05-31 21:56:54,2026-05-27 00:09:01
Spider Eye,FX_02,0.0,0.18,0.18,/warp 1,8551 -34 -2044,2026-05-31 21:56:54,2026-05-27 00:09:00
Spider Eye,FX_02,0.0,0.18,0.18,/warp 1,8551 -34 -2044,2026-05-31 21:56:54,2026-05-27 00:08:59
Spider Eye,FX_02,0.0,0.18,0.18,/warp 1,8551 -34 -2044,2026-05-31 21:56:54,2026-05-27 00:08:59
Spider Eye,FX_02,0.0,0.18,0.18,/warp 1,8551 -34 -2044,2026-05-31 21:56:54,2026-05-27 00:08:49
Spider Eye,FX_02,0.0,0.18,0.18,/warp 1,8551 -34 -2044,2026-05-31 21:56:54,2026-05-27 00:08:48
Spider Eye,FX_02,0.0,0.18,0.18,/warp 1,8551 -34 -2044,2026-05-31 21:56:54,2026-05-27 00:08:47
Spider Eye,FX_02,0.0,0.18,0.18,/warp 1,8551 -34 -2044,2026-05-31 21:56:54,2026-05-27 00:08:46
Spider Eye,FX_02,0.0,0.18,0.18,/warp 1,8551 -34 -2044,2026-05-31 21:56:54,2026-05-27 00:08:46
Spider Eye,FX_02,0.0,0.18,0.18,/warp 1,8551 -34 -2044,2026-05-31 21:56:54,2026-05-27 00:08:45
Spider Eye,FX_02,0.0,0.18,0.18,/warp 1,8551 -34 -2044,2026-05-31 21:56:54,2026-05-27 00:05:18
Spider Eye,FX_02,0.0,0.18,0.18,/warp 1,8551 -34 -2044,2026-05-31 21:56:54,2026-05-27 00:05:17
Spider Eye,FX_02,0.0,0.18,0.18,/warp 1,8551 -34 -2044,2026-05-31 21:56:54,2026-05-27 00:09:52
Spider Eye,FX_02,0.0,0.18,0.18,/warp 1,8551 -33 -2048,2026-05-31 21:56:42,2026-05-27 00:09:00
Spider Eye,FX_02,0.0,0.18,0.18,/warp 1,8551 -33 -2048,2026-05-31 21:56:42,2026-05-27 00:08:59
Spider Eye,FX_02,0.0,0.18,0.18,/warp 1,8551 -30 -2045,2026-05-31 21:56:23,2026-05-27 00:09:52
Spider Eye,FX_02,0.0,0.18,0.18,/warp 1,8551 -30 -2045,2026-05-31 21:56:23,2026-05-27 00:09:02
Spider Eye,FX_02,0.0,0.18,0.18,/warp 1,8551 -30 -2045,2026-05-31 21:56:23,2026-05-27 00:09:03
Spider Eye,FX_02,0.0,0.18,0.18,/warp 1,8551 -30 -2045,2026-05-31 21:56:23,2026-05-27 00:09:01
Spider Eye,FX_02,0.0,0.18,0.18,/warp 1,8551 -30 -2045,2026-05-31 21:56:23,2026-05-27 00:09:00
Spider Eye,FX_02,0.0,0.18,0.18,/warp 1,8551 -33 -2048,2026-05-31 21:56:42,2026-05-27 00:10:07
Spider Eye,FX_02,0.0,0.18,0.18,/warp 1,8551 -33 -2048,2026-05-31 21:56:42,2026-05-27 00:10:09
Spider Eye,FX_02,0.0,0.18,0.18,/warp 1,8551 -33 -2048,2026-05-31 21:56:42,2026-05-27 00:10:09
Spider Eye,FX_02,0.0,0.18,0.18,/warp 1,8551 -33 -2048,2026-05-31 21:56:42,2026-05-27 00:10:08
Spider Eye,FX_02,0.0,0.18,0.18,/warp 1,8551 -33 -2048,2026-05-31 21:56:42,2026-05-27 00:09:03
Spider Eye,FX_02,0.0,0.18,0.18,/warp 1,8551 -33 -2048,2026-05-31 21:56:42,2026-05-27 00:09:52
Spider Eye,FX_02,0.0,0.18,0.18,/warp 1,8551 -33 -2048,2026-05-31 21:56:42,2026-05-27 00:09:02
Spider Eye,FX_02,0.0,0.18,0.18,/warp 1,8551 -33 -2048,2026-05-31 21:56:42,2026-05-27 00:09:01
Spider Eye,FX_02,0.0,0.18,0.18,/warp 1,8551 -34 -2046,2026-06-01 17:33:48,2026-05-27 00:05:07
Spider Eye,FX_02,0.0,0.18,0.18,/warp 1,8551 -34 -2046,2026-06-01 17:33:48,2026-05-27 00:08:45
Spider Eye,FX_02,0.0,0.18,0.18,/warp 1,8551 -34 -2046,2026-06-01 17:33:48,2026-05-27 00:05:18
Spider Eye,FX_02,0.0,0.18,0.18,/warp 1,8551 -33 -2048,2026-05-31 21:56:42,2026-05-27 00:08:59
Spider Eye,FX_02,0.0,0.18,0.18,/warp 1,8551 -34 -2044,2026-05-31 21:56:54,2026-05-27 00:10:09
Spider Eye,FX_02,0.0,0.18,0.18,/warp 1,8551 -34 -2044,2026-05-31 21:56:54,2026-05-27 00:10:09
Spider Eye,FX_02,0.0,0.18,0.18,/warp 1,8551 -34 -2044,2026-05-31 21:56:54,2026-05-27 00:10:08
Spider Eye,FX_02,0.0,0.18,0.18,/warp 1,8551 -34 -2044,2026-05-31 21:56:54,2026-05-27 00:10:07
Spider Eye,FX_02,0.0,0.18,0.18,/warp 1,8551 -34 -2046,2026-06-01 17:33:48,2026-05-27 00:10:09
Spider Eye,FX_02,0.0,0.18,0.18,/warp 1,8551 -34 -2046,2026-06-01 17:33:48,2026-05-27 00:10:09
Spider Eye,FX_02,0.0,0.18,0.18,/warp 1,8551 -34 -2046,2026-06-01 17:33:48,2026-05-27 00:05:17
Spider Eye,FX_02,0.0,0.18,0.18,/warp 1,8551 -34 -2046,2026-06-01 17:33:48,2026-05-27 00:09:02
Spider Eye,FX_02,0.0,0.18,0.18,/warp 1,8551 -34 -2046,2026-06-01 17:33:48,2026-05-27 00:09:03
Spider Eye,FX_02,0.0,0.18,0.18,/warp 1,8551 -34 -2046,2026-06-01 17:33:48,2026-05-27 00:09:52
Spider Eye,FX_02,0.0,0.18,0.18,/warp 1,8551 -34 -2046,2026-06-01 17:33:48,2026-05-27 00:10:07
Spider Eye,FX_02,0.0,0.18,0.18,/warp 1,8551 -34 -2046,2026-06-01 17:33:48,2026-05-27 00:10:08
Spider Eye,FX_02,0.0,0.18,0.18,/warp 1,8551 -33 -2045,2026-05-31 21:56:06,2026-05-27 00:08:47
Spider Eye,FX_02,0.0,0.18,0.18,/warp 1,8551 -33 -2045,2026-05-31 21:56:06,2026-05-27 00:08:46
Spider Eye,FX_02,0.0,0.18,0.18,/warp 1,8551 -33 -2045,2026-05-31 21:56:06,2026-05-27 00:09:02
Spider Eye,FX_02,0.0,0.18,0.18,/warp 1,8551 -33 -2045,2026-05-31 21:56:06,2026-05-27 00:09:01
Spider Eye,FX_02,0.0,0.18,0.18,/warp 1,8551 -32 -2045,2026-05-31 21:56:10,2026-05-27 00:05:17
Spider Eye,FX_02,0.0,0.18,0.18,/warp 1,8551 -34 -2046,2026-06-01 17:33:48,2026-05-27 00:09:01
Spider Eye,FX_02,0.0,0.18,0.18,/warp 1,8551 -34 -2046,2026-06-01 17:33:48,2026-05-27 00:09:00
Spider Eye,FX_02,0.0,0.18,0.18,/warp 1,8551 -34 -2046,2026-06-01 17:33:48,2026-05-27 00:08:59
Spider Eye,FX_02,0.0,0.18,0.18,/warp 1,8551 -34 -2046,2026-06-01 17:33:48,2026-05-27 00:08:59
Spider Eye,FX_02,0.0,0.18,0.18,/warp 1,8551 -31 -2045,2026-05-31 21:56:18,2026-05-27 00:10:11
Spider Eye,FX_02,0.0,0.18,0.18,/warp 1,8551 -31 -2045,2026-05-31 21:56:18,2026-05-27 00:10:10
Spider Eye,FX_02,0.0,0.18,0.18,/warp 1,8551 -31 -2045,2026-05-31 21:56:18,2026-05-27 00:10:09
Spider Eye,FX_02,0.0,0.18,0.18,/warp 1,8551 -31 -2045,2026-05-31 21:56:18,2026-05-27 00:10:09
Spider Eye,FX_02,0.0,0.18,0.18,/warp 1,8551 -33 -2048,2026-05-31 21:56:42,2026-05-27 00:08:45
Spider Eye,FX_02,0.0,0.18,0.18,/warp 1,8551 -33 -2048,2026-05-31 21:56:42,2026-05-27 00:05:18
Spider Eye,FX_02,0.0,0.18,0.18,/warp 1,8551 -33 -2048,2026-05-31 21:56:42,2026-05-27 00:05:17
Spider Eye,FX_02,0.0,0.18,0.18,/warp 1,8551 -33 -2048,2026-05-31 21:56:42,2026-05-27 00:05:07
Spider Eye,FX_02,0.0,0.18,0.18,/warp 1,8551 -30 -2045,2026-05-31 21:56:23,2026-05-27 00:10:11
Spider Eye,FX_02,0.0,0.18,0.18,/warp 1,8551 -30 -2045,2026-05-31 21:56:23,2026-05-27 00:10:10
Spider Eye,FX_02,0.0,0.18,0.18,/warp 1,8551 -30 -2045,2026-05-31 21:56:23,2026-05-27 00:10:09
Spider Eye,FX_02,0.0,0.18,0.18,/warp 1,8551 -30 -2045,2026-05-31 21:56:23,2026-05-27 00:10:09
Spider Eye,FX_02,0.0,0.18,0.18,/warp 1,8551 -30 -2045,2026-05-31 21:56:23,2026-05-27 00:10:08
Spider Eye,FX_02,0.0,0.18,0.18,/warp 1,8551 -30 -2045,2026-05-31 21:56:23,2026-05-27 00:10:07
Spider Eye,FX_02,0.0,0.18,0.18,/warp 1,8551 -34 -2046,2026-06-01 17:33:48,2026-05-27 00:08:49
Spider Eye,FX_02,0.0,0.18,0.18,/warp 1,8551 -34 -2046,2026-06-01 17:33:48,2026-05-27 00:08:48
Spider Eye,FX_02,0.0,0.18,0.18,/warp 1,8551 -34 -2046,2026-06-01 17:33:48,2026-05-27 00:08:47
Spider Eye,FX_02,0.0,0.18,0.18,/warp 1,8551 -34 -2046,2026-06-01 17:33:48,2026-05-27 00:08:46
Spider Eye,FX_02,0.0,0.18,0.18,/warp 1,8551 -34 -2046,2026-06-01 17:33:48,2026-05-27 00:08:46
Spider Eye,FX_02,0.0,0.18,0.18,/warp 1,8551 -34 -2046,2026-06-01 17:33:48,2026-05-27 00:10:11
Spider Eye,FX_02,0.0,0.18,0.18,/warp 1,8551 -34 -2046,2026-06-01 17:33:48,2026-05-27 00:10:10
Spider Eye,FX_02,0.0,0.18,0.18,/warp 1,8551 -31 -2045,2026-05-31 21:56:18,2026-05-27 00:08:46
Spider Eye,FX_02,0.0,0.18,0.18,/warp 1,8551 -31 -2045,2026-05-31 21:56:18,2026-05-27 00:08:47
Spider Eye,FX_02,0.0,0.18,0.18,/warp 1,8551 -31 -2045,2026-05-31 21:56:18,2026-05-27 00:09:52
Spider Eye,FX_02,0.0,0.18,0.18,/warp 1,8551 -32 -2045,2026-05-31 21:56:10,2026-05-27 00:09:00
Spider Eye,FX_02,0.0,0.18,0.18,/warp 1,8551 -31 -2045,2026-05-31 21:56:18,2026-05-27 00:08:46
Spider Eye,FX_02,0.0,0.18,0.18,/warp 1,8551 -31 -2045,2026-05-31 21:56:18,2026-05-27 00:08:45
Spider Eye,FX_02,0.0,0.18,0.18,/warp 1,8551 -30 -2045,2026-05-31 21:56:23,2026-05-27 00:08:59
Spider Eye,FX_02,0.0,0.18,0.18,/warp 1,8551 -31 -2045,2026-05-31 21:56:18,2026-05-27 00:05:18
Spider Eye,FX_02,0.0,0.18,0.18,/warp 1,8551 -30 -2045,2026-05-31 21:56:23,2026-05-27 00:08:59
Spider Eye,FX_02,0.0,0.18,0.18,/warp 1,8551 -30 -2045,2026-05-31 21:56:23,2026-05-27 00:08:49
Spider Eye,FX_02,0.0,0.18,0.18,/warp 1,8551 -30 -2045,2026-05-31 21:56:23,2026-05-27 00:08:46
Spider Eye,FX_02,0.0,0.18,0.18,/warp 1,8551 -30 -2045,2026-05-31 21:56:23,2026-05-27 00:08:48
Spider Eye,FX_02,0.0,0.18,0.18,/warp 1,8551 -30 -2045,2026-05-31 21:56:23,2026-05-27 00:08:47
Spider Eye,FX_02,0.0,0.18,0.18,/warp 1,8551 -30 -2045,2026-05-31 21:56:23,2026-05-27 00:08:46
Spider Eye,FX_02,0.0,0.18,0.18,/warp 1,8551 -30 -2045,2026-05-31 21:56:23,2026-05-27 00:05:18
Spider Eye,FX_02,0.0,0.18,0.18,/warp 1,8551 -30 -2045,2026-05-31 21:56:23,2026-05-27 00:08:45
Spider Eye,FX_02,0.0,0.18,0.18,/warp 1,8551 -30 -2045,2026-05-31 21:56:23,2026-05-27 00:05:17
Spider Eye,FX_02,0.0,0.18,0.18,/warp 1,8551 -30 -2045,2026-05-31 21:56:23,2026-05-27 00:05:07
Spider Eye,FX_02,0.0,0.18,0.18,/warp 1,8551 -31 -2045,2026-05-31 21:56:18,2026-05-27 00:09:02
Spider Eye,FX_02,0.0,0.18,0.18,/warp 1,8551 -31 -2045,2026-05-31 21:56:18,2026-05-27 00:09:03
Spider Eye,FX_02,0.0,0.18,0.18,/warp 1,8551 -32 -2045,2026-05-31 21:56:10,2026-05-27 00:09:01
Spider Eye,FX_02,0.0,0.18,0.18,/warp 1,8551 -32 -2045,2026-05-31 21:56:10,2026-05-27 00:09:02
Spider Eye,FX_02,0.0,0.18,0.18,/warp 1,8551 -31 -2045,2026-05-31 21:56:18,2026-05-27 00:10:07
Spider Eye,FX_02,0.0,0.18,0.18,/warp 1,8551 -31 -2045,2026-05-31 21:56:18,2026-05-27 00:10:08
Spider Eye,FX_02,0.0,0.18,0.18,/warp 1,8551 -32 -2045,2026-05-31 21:56:10,2026-05-27 00:08:59
Spider Eye,FX_02,0.0,0.18,0.18,/warp 1,8551 -32 -2045,2026-05-31 21:56:10,2026-05-27 00:08:59
Spider Eye,FX_02,0.0,0.18,0.18,/warp 1,8551 -31 -2045,2026-05-31 21:56:18,2026-05-27 00:09:01
Spider Eye,FX_02,0.0,0.18,0.18,/warp 1,8551 -33 -2045,2026-05-31 21:56:06,2026-05-27 00:10:09
Spider Eye,FX_02,0.0,0.18,0.18,/warp 1,8551 -33 -2045,2026-05-31 21:56:06,2026-05-27 00:10:10
Spider Eye,FX_02,0.0,0.18,0.18,/warp 1,8551 -31 -2045,2026-05-31 21:56:18,2026-05-27 00:08:48
Spider Eye,FX_02,0.0,0.18,0.18,/warp 1,8551 -31 -2045,2026-05-31 21:56:18,2026-05-27 00:08:49
Spider Eye,FX_02,0.0,0.18,0.18,/warp 1,8551 -31 -2045,2026-05-31 21:56:18,2026-05-27 00:08:59
Spider Eye,FX_02,0.0,0.18,0.18,/warp 1,8551 -31 -2045,2026-05-31 21:56:18,2026-05-27 00:08:59
Spider Eye,FX_02,0.0,0.18,0.18,/warp 1,8551 -31 -2045,2026-05-31 21:56:18,2026-05-27 00:09:00
Spider Eye,FX_02,0.0,0.18,0.18,/warp 1,8551 -33 -2045,2026-05-31 21:56:06,2026-05-27 00:08:59
Spider Eye,FX_02,0.0,0.18,0.18,/warp 1,8551 -33 -2045,2026-05-31 21:56:06,2026-05-27 00:09:03
Spider Eye,FX_02,0.0,0.18,0.18,/warp 1,8551 -33 -2045,2026-05-31 21:56:06,2026-05-27 00:08:48
Spider Eye,FX_02,0.0,0.18,0.18,/warp 1,8551 -33 -2045,2026-05-31 21:56:06,2026-05-27 00:08:49
Spider Eye,FX_02,0.0,0.18,0.18,/warp 1,8551 -33 -2045,2026-05-31 21:56:06,2026-05-27 00:08:59
Spider Eye,FX_02,0.0,0.18,0.18,/warp 1,8551 -32 -2045,2026-05-31 21:56:10,2026-05-27 00:05:07
Spider Eye,FX_02,0.0,0.18,0.18,/warp 1,8551 -33 -2045,2026-05-31 21:56:06,2026-05-27 00:10:11
Spider Eye,FX_02,0.0,0.18,0.18,/warp 1,8551 -33 -2045,2026-05-31 21:56:06,2026-05-27 00:10:09
Spider Eye,FX_02,0.0,0.18,0.18,/warp 1,8551 -31 -2045,2026-05-31 21:56:18,2026-05-27 00:05:17
Spider Eye,FX_02,0.0,0.18,0.18,/warp 1,8551 -31 -2045,2026-05-31 21:56:18,2026-05-27 00:05:07
Spider Eye,FX_02,0.0,0.18,0.18,/warp 1,8551 -33 -2045,2026-05-31 21:56:06,2026-05-27 00:10:08
Spider Eye,FX_02,0.0,0.18,0.18,/warp 1,8551 -33 -2045,2026-05-31 21:56:06,2026-05-27 00:10:07
Spider Eye,FX_02,0.0,0.18,0.18,/warp 1,8551 -32 -2045,2026-05-31 21:56:10,2026-05-27 00:10:11
Spider Eye,FX_02,0.0,0.18,0.18,/warp 1,8551 -32 -2045,2026-05-31 21:56:10,2026-05-27 00:10:10
Spider Eye,FX_02,0.0,0.18,0.18,/warp 1,8551 -32 -2045,2026-05-31 21:56:10,2026-05-27 00:10:09
Spider Eye,FX_02,0.0,0.18,0.18,/warp 1,8551 -32 -2045,2026-05-31 21:56:10,2026-05-27 00:10:09
Spider Eye,FX_02,0.0,0.18,0.18,/warp 1,8551 -33 -2045,2026-05-31 21:56:06,2026-05-27 00:05:07
Spider Eye,FX_02,0.0,0.18,0.18,/warp 1,8551 -32 -2045,2026-05-31 21:56:10,2026-05-27 00:08:49
Spider Eye,FX_02,0.0,0.18,0.18,/warp 1,8551 -32 -2045,2026-05-31 21:56:10,2026-05-27 00:10:08
Spider Eye,FX_02,0.0,0.18,0.18,/warp 1,8551 -32 -2045,2026-05-31 21:56:10,2026-05-27 00:10:07
Spider Eye,FX_02,0.0,0.18,0.18,/warp 1,8551 -32 -2045,2026-05-31 21:56:10,2026-05-27 00:09:52
Spider Eye,FX_02,0.0,0.18,0.18,/warp 1,8551 -32 -2045,2026-05-31 21:56:10,2026-05-27 00:09:03
Spider Eye,FX_02,0.0,0.18,0.18,/warp 1,8551 -33 -2045,2026-05-31 21:56:06,2026-05-27 00:08:45
Spider Eye,FX_02,0.0,0.18,0.18,/warp 1,8551 -33 -2045,2026-05-31 21:56:06,2026-05-27 00:08:46
Spider Eye,FX_02,0.0,0.18,0.18,/warp 1,8551 -32 -2045,2026-05-31 21:56:10,2026-05-27 00:08:48
Spider Eye,FX_02,0.0,0.18,0.18,/warp 1,8551 -32 -2045,2026-05-31 21:56:10,2026-05-27 00:08:47
Spider Eye,FX_02,0.0,0.18,0.18,/warp 1,8551 -33 -2045,2026-05-31 21:56:06,2026-05-27 00:05:18
Spider Eye,FX_02,0.0,0.18,0.18,/warp 1,8551 -33 -2045,2026-05-31 21:56:06,2026-05-27 00:05:17
Spider Eye,FX_02,0.0,0.18,0.18,/warp 1,8551 -32 -2045,2026-05-31 21:56:10,2026-05-27 00:05:18
Spider Eye,FX_02,0.0,0.18,0.18,/warp 1,8551 -32 -2045,2026-05-31 21:56:10,2026-05-27 00:08:45
Spider Eye,FX_02,0.0,0.18,0.18,/warp 1,8551 -32 -2045,2026-05-31 21:56:10,2026-05-27 00:08:46
Spider Eye,FX_02,0.0,0.18,0.18,/warp 1,8551 -32 -2045,2026-05-31 21:56:10,2026-05-27 00:08:46
Spider Eye,FX_02,0.0,0.18,0.18,/warp 1,8551 -33 -2045,2026-05-31 21:56:06,2026-05-27 00:09:52
Spider Eye,FX_02,0.0,0.18,0.18,/warp 1,8551 -33 -2045,2026-05-31 21:56:06,2026-05-27 00:09:00
String,FX_02,0.0,0.15,0.15,/warp 1,8551 -31 -2040,2026-05-31 21:54:13,2026-05-28 23:39:01
String,FX_02,0.0,0.15,0.15,/warp 1,8551 -34 -2041,2026-06-01 17:33:39,2026-05-26 23:56:15
Arrow,FX_02,0.0,0.15,0.15,/warp 1,8571 -30 -2044,2026-06-01 17:34:40,2026-05-26 23:56:18
String,FX_02,0.0,0.15,0.15,/warp 1,8551 -33 -2041,2026-05-31 21:55:17,2026-05-26 23:56:15
String,FX_02,0.0,0.15,0.15,/warp 1,8551 -34 -2041,2026-06-01 17:33:39,2026-05-28 23:39:01
Arrow,FX_02,0.0,0.15,0.15,/warp 1,8571 -33 -2045,2026-06-01 17:34:13,2026-05-26 23:56:18
String,FX_02,0.0,0.15,0.15,/warp 1,8551 -32 -2041,2026-05-31 21:55:23,2026-05-26 23:56:15
String,FX_02,0.0,0.15,0.15,/warp 1,8551 -31 -2041,2026-05-31 21:55:29,2026-05-26 23:56:15
String,FX_02,0.0,0.15,0.15,/warp 1,8551 -31 -2041,2026-05-31 21:55:29,2026-05-28 23:39:01
Arrow,FX_02,0.0,0.15,0.15,/warp 1,8571 -33 -2044,2026-06-01 17:34:16,2026-05-26 23:56:18
Arrow,FX_02,0.0,0.15,0.15,/warp 1,8571 -32 -2045,2026-06-01 17:34:24,2026-05-26 23:56:18
Arrow,FX_02,0.0,0.15,0.15,/warp 1,8571 -32 -2044,2026-06-01 17:34:21,2026-05-26 23:56:18
Arrow,FX_02,0.0,0.15,0.15,/warp 1,8571 -32 -2046,2026-06-01 17:34:26,2026-05-26 23:56:18
Arrow,FX_02,0.0,0.15,0.15,/warp 1,8571 -31 -2045,2026-06-01 17:34:30,2026-05-26 23:56:18
String,FX_02,0.0,0.15,0.15,/warp 1,8551 -31 -2040,2026-05-31 21:54:13,2026-05-26 23:56:15
String,FX_02,0.0,0.15,0.15,/warp 1,8551 -33 -2041,2026-05-31 21:55:17,2026-05-28 23:39:01
String,FX_02,0.0,0.15,0.15,/warp 1,8551 -32 -2041,2026-05-31 21:55:23,2026-05-28 23:39:01
Arrow,FX_02,0.0,0.15,0.15,/warp 1,8571 -31 -2044,2026-06-01 17:34:35,2026-05-26 23:56:18
String,FX_02,0.0,0.15,0.15,/warp 1,8551 -30 -2041,2026-05-31 21:55:38,2026-05-28 23:39:01
String,FX_02,0.0,0.15,0.15,/warp 1,8551 -30 -2041,2026-05-31 21:55:38,2026-05-26 23:56:15
String,FX_02,0.0,0.15,0.15,/warp 1,8551 -30 -2040,2026-05-31 21:55:35,2026-05-28 23:39:01
String,FX_02,0.0,0.15,0.15,/warp 1,8551 -30 -2040,2026-05-31 21:55:35,2026-05-26 23:56:15
Arrow,FX_02,0.0,0.1,0.1,/warp 1,8571 -31 -2044,2026-06-01 17:34:35,2026-05-28 23:39:06
Arrow,FX_02,0.0,0.1,0.1,/warp 1,8571 -30 -2044,2026-06-01 17:34:40,2026-05-28 23:39:06
Arrow,FX_02,0.0,0.1,0.1,/warp 1,8571 -33 -2044,2026-06-01 17:34:16,2026-05-28 23:39:06
Arrow,FX_02,0.0,0.1,0.1,/warp 1,8571 -32 -2044,2026-06-01 17:34:21,2026-05-28 23:39:06
Arrow,FX_02,0.0,0.1,0.1,/warp 1,8571 -33 -2045,2026-06-01 17:34:13,2026-05-28 23:39:06
Arrow,FX_02,0.0,0.1,0.1,/warp 1,8571 -32 -2045,2026-06-01 17:34:24,2026-05-28 23:39:06
Arrow,FX_02,0.0,0.1,0.1,/warp 1,8571 -32 -2046,2026-06-01 17:34:26,2026-05-28 23:39:06
Arrow,FX_02,0.0,0.1,0.1,/warp 1,8571 -31 -2045,2026-06-01 17:34:30,2026-05-28 23:39:06
